hour,day_of_year,irradiance_W_m2,ambient_temp_C,panel_temp_C,humidity_percent,wind_speed_m_s,voltage_V,current_A,power_W,condition
11.24,51,894.09,20.68,48.04,87.58,8.78,358.5,7.85,2790.38,normal
19.31,71,152.11,19.46,24.84,76.65,0.22,379.6,1.006,365.01,sombreado_parcial
16.25,48,732.63,17.48,40.3,85.82,2.0,363.71,2.867,1039.92,sombreado_parcial
14.38,19,881.08,23.71,51.54,29.84,2.73,355.08,7.832,2753.68,normal
8.18,262,437.87,27.31,39.95,24.98,0.85,366.74,2.841,1034.93,suciedad
8.18,84,479.85,29.22,44.5,59.04,4.43,356.15,4.388,1562.21,normal
6.81,155,214.58,26.45,34.81,40.32,2.96,372.69,0.935,373.57,sombreado_parcial
18.13,53,384.07,21.01,32.16,77.96,0.05,374.62,3.519,1323.64,normal
14.42,107,995.07,27.21,59.68,67.04,2.81,347.0,6.23,2144.96,suciedad
15.91,357,702.33,25.75,47.62,87.95,2.03,356.76,4.333,1535.91,sombreado_parcial
6.29,304,32.84,30.62,32.74,37.84,0.65,373.62,0.278,67.4,suciedad
19.58,135,71.04,29.66,32.07,54.0,15.0,371.97,0.144,53.25,falla_panel
17.65,69,462.22,25.18,39.58,55.09,6.82,368.69,3.143,1205.83,suciedad
8.97,11,574.69,19.62,38.1,36.74,1.04,369.35,4.519,1661.87,suciedad
8.55,143,538.65,21.08,39.74,61.31,2.34,366.04,4.732,1777.0,normal
8.57,192,582.54,21.7,40.26,51.03,1.14,363.89,5.1,1864.69,normal
10.26,69,786.09,23.11,48.39,51.27,4.48,358.77,2.355,829.04,falla_panel
13.35,23,908.47,26.61,54.45,45.39,7.99,353.61,2.714,929.95,falla_panel
12.05,181,1000.0,29.29,62.9,21.19,1.33,343.33,4.94,1713.89,sombreado_parcial
10.08,293,760.87,24.69,49.43,56.55,4.91,357.61,6.671,2378.61,normal
14.57,9,825.19,25.1,51.0,43.47,2.07,354.34,0.91,294.68,falla_panel
7.95,271,440.8,25.86,39.45,20.09,1.52,362.79,4.017,1455.47,normal
10.09,93,799.46,21.9,48.35,41.56,8.36,354.49,7.037,2505.56,normal
11.13,17,830.51,19.45,44.49,39.5,2.14,361.79,4.149,1467.85,sombreado_parcial
12.38,154,1000.0,14.47,43.04,47.54,1.89,365.91,8.951,3257.01,normal
16.99,328,573.25,20.83,38.85,29.23,3.35,364.91,5.23,1907.06,normal
8.8,149,642.14,27.84,49.69,55.54,0.91,354.93,4.925,1775.32,suciedad
13.2,267,982.73,20.78,53.88,68.47,1.18,353.16,8.288,2933.37,normal
14.29,328,878.46,23.57,50.86,64.11,8.07,355.5,1.308,477.96,falla_panel
6.65,106,161.03,27.8,32.9,76.26,3.4,20.01,0.163,4.97,falla_inversor
14.51,35,862.17,28.12,55.85,51.64,5.26,351.73,6.871,2393.18,suciedad
8.39,119,550.74,18.52,35.34,56.34,0.95,1.55,8.993,13.89,falla_inversor
6.91,14,208.37,30.98,38.27,76.73,2.35,367.67,1.014,385.8,sombreado_parcial
19.28,14,159.51,31.76,36.62,49.94,10.66,366.71,0.646,247.56,sombreado_parcial
19.52,266,125.76,18.22,23.67,69.11,1.15,380.43,0.824,322.21,suciedad
17.32,140,618.31,20.06,40.46,50.42,0.52,367.83,5.269,1956.31,normal
10.26,294,756.54,32.15,57.0,49.24,2.15,350.54,6.522,2236.35,normal
7.37,364,256.12,24.12,31.81,73.21,1.47,374.08,1.164,448.86,sombreado_parcial
15.58,119,895.6,11.68,42.56,32.24,0.52,361.58,5.536,2007.33,sombreado_parcial
12.16,238,1000.0,16.6,48.58,43.7,6.58,355.99,7.632,2729.34,suciedad
7.71,34,403.17,23.5,36.47,35.69,14.04,366.95,2.163,826.68,sombreado_parcial
12.93,169,1000.0,18.02,48.13,45.14,2.52,354.36,7.12,2544.92,suciedad
6.48,10,74.35,22.52,24.7,36.13,4.47,379.75,0.546,187.34,sombreado_parcial
18.73,122,284.29,25.19,34.25,60.56,5.88,370.43,2.546,949.34,normal
9.62,145,837.25,33.77,58.76,75.87,3.62,348.3,7.469,2594.28,normal
15.28,223,923.03,23.26,51.66,75.06,0.14,356.74,5.856,2080.8,suciedad
10.36,257,838.89,31.44,57.4,45.52,0.51,347.97,7.275,2523.36,normal
13.28,268,969.37,33.57,63.95,89.21,0.22,26.15,1.062,28.66,falla_inversor
13.65,359,922.03,33.61,59.78,61.57,0.03,347.99,6.309,2166.26,suciedad
8.59,4,505.66,26.71,42.31,47.96,1.1,366.4,2.313,830.55,sombreado_parcial
19.57,354,70.37,13.22,14.85,78.49,1.49,20.02,0.478,9.09,falla_inversor
16.85,106,657.35,27.76,48.28,71.09,0.83,360.23,3.353,1203.51,sombreado_parcial
19.15,85,196.7,31.29,38.99,72.45,0.2,365.36,1.653,629.01,normal
18.53,214,349.36,24.51,38.51,33.73,2.26,365.57,2.041,731.06,sombreado_parcial
14.37,121,1000.0,35.47,67.74,52.78,0.96,339.28,8.566,2908.51,normal
18.91,132,272.88,30.16,36.83,80.33,4.77,367.06,2.344,875.38,normal
7.24,338,242.71,28.41,35.48,55.28,0.02,370.91,2.068,785.89,normal
8.74,197,618.82,31.52,51.75,67.84,5.55,356.27,4.404,1551.57,suciedad
6.63,19,126.13,27.0,31.67,61.16,9.29,374.65,0.373,165.98,sombreado_parcial
10.55,130,906.87,10.04,39.86,78.96,3.78,365.77,7.932,2908.47,normal
11.44,12,850.34,22.01,48.43,39.92,3.97,360.1,7.598,2733.1,normal
9.8,81,754.53,32.18,55.22,60.28,8.13,352.15,4.395,1550.48,sombreado_parcial
17.6,330,447.47,20.15,36.77,28.63,0.7,368.53,3.92,1437.0,normal
10.99,354,823.01,23.66,49.47,68.31,15.0,356.5,7.171,2535.59,normal
9.93,262,765.64,18.73,41.13,71.24,4.45,362.91,5.552,2003.61,suciedad
13.6,125,1000.0,35.7,69.17,23.0,3.89,336.11,8.462,2843.17,normal
7.97,307,391.67,35.09,45.08,67.31,1.34,360.01,3.508,1271.11,normal
17.23,267,582.53,19.7,32.66,49.03,2.37,370.62,5.078,1908.69,normal
7.04,140,253.66,25.88,34.96,28.69,3.18,368.23,1.144,422.41,sombreado_parcial
19.82,329,45.88,20.92,23.72,49.39,2.91,379.39,0.297,119.69,suciedad
16.81,2,610.07,28.69,48.38,33.6,3.66,24.44,2.407,58.18,falla_inversor
8.78,8,555.34,28.06,43.46,49.09,0.26,360.85,4.524,1634.9,suciedad
6.08,250,23.43,29.87,30.51,46.9,1.32,376.41,0.234,68.42,normal
17.42,139,572.98,26.99,44.48,71.69,1.71,360.21,5.296,1915.45,normal
15.9,124,845.49,42.61,68.23,74.2,0.91,339.31,7.329,2496.28,normal
16.21,309,678.1,18.83,42.14,62.49,0.57,362.09,2.506,899.75,sombreado_parcial
16.8,228,729.09,14.74,35.95,21.59,0.45,369.99,4.11,1518.48,sombreado_parcial
7.04,10,248.75,22.64,30.89,85.17,1.37,378.96,1.123,418.56,sombreado_parcial
11.02,212,984.73,15.59,48.16,68.04,2.04,356.61,8.996,3210.35,normal
7.62,112,391.83,16.05,28.86,22.39,0.2,375.74,3.648,1370.4,normal
18.08,8,382.53,18.99,32.81,77.32,8.78,370.21,3.491,1298.01,normal
14.73,292,888.21,19.47,48.07,34.02,4.35,360.28,6.311,2271.42,suciedad
10.63,362,744.88,19.27,43.19,60.55,3.94,365.23,6.612,2392.4,normal
6.89,253,200.1,28.11,34.91,52.66,0.57,368.72,0.845,320.94,sombreado_parcial
10.35,14,736.01,21.96,45.88,49.39,2.78,359.85,6.595,2384.22,normal
10.55,240,890.78,23.92,51.18,82.28,2.26,355.97,5.313,1885.61,sombreado_parcial
16.21,242,775.69,30.37,52.65,50.62,12.13,353.86,6.632,2350.02,normal
14.93,342,858.05,20.4,48.65,25.27,4.13,355.68,7.524,2651.03,normal
18.42,149,397.48,23.41,37.58,86.26,2.57,366.12,3.572,1294.88,normal
12.61,236,1000.0,27.19,58.82,84.44,5.71,345.41,8.992,3091.01,normal
7.67,306,336.62,13.35,23.05,67.91,0.51,383.9,3.17,1198.69,normal
15.99,167,895.56,10.69,36.34,52.75,0.05,370.55,6.534,2433.37,suciedad
16.65,20,623.52,27.08,46.69,26.5,3.52,362.73,5.445,1973.11,normal
13.86,216,1000.0,27.95,57.18,75.35,0.31,347.41,8.828,3055.28,normal
16.79,343,595.1,37.39,53.75,25.28,0.37,353.29,2.471,873.03,sombreado_parcial
12.91,135,1000.0,25.95,57.17,24.8,4.1,349.71,5.874,2070.03,sombreado_parcial
13.32,129,1000.0,29.92,60.02,57.62,0.95,347.47,8.654,2990.84,normal
11.99,294,884.69,23.83,51.99,31.21,2.97,355.58,3.351,1194.69,sombreado_parcial
6.36,246,51.05,26.78,28.14,20.54,7.48,383.41,0.376,138.34,suciedad
7.51,189,371.2,35.0,45.69,49.62,1.14,366.66,3.247,1179.83,normal
6.44,44,124.22,12.26,13.58,29.61,0.73,391.57,0.657,227.76,sombreado_parcial
14.91,86,925.91,27.48,55.14,31.24,0.34,354.6,7.969,2822.1,normal
10.4,44,771.81,37.81,60.71,25.38,0.42,344.35,6.583,2301.72,normal
13.12,330,879.06,26.69,52.32,34.36,0.19,18.56,5.155,95.49,falla_inversor
18.71,145,327.77,34.9,44.65,70.08,0.28,359.74,2.901,1038.46,normal
9.49,51,660.41,21.22,40.14,76.62,1.7,366.12,5.89,2186.9,normal
11.75,242,1000.0,24.81,55.81,51.68,1.16,26.37,1.681,42.4,falla_inversor
16.58,294,666.62,25.2,46.39,55.46,3.68,364.27,4.512,1691.71,suciedad
9.2,51,636.52,11.69,30.35,22.29,6.13,373.06,2.918,1077.88,sombreado_parcial
7.08,266,238.72,17.99,26.09,24.85,4.61,381.62,1.447,581.46,sombreado_parcial
10.06,120,847.53,18.42,42.86,38.03,2.27,362.2,6.935,2492.35,suciedad
8.26,200,525.41,29.93,44.68,58.07,0.32,360.18,3.478,1242.45,suciedad
19.02,248,211.78,30.23,36.68,71.77,3.71,368.43,1.95,691.15,normal
17.31,70,537.98,26.94,44.79,62.35,1.35,365.16,4.806,1745.48,normal
14.87,341,776.6,29.94,55.51,47.45,0.27,347.09,7.021,2430.69,normal
18.2,57,374.16,24.02,38.13,28.28,5.54,368.43,3.311,1225.96,normal
17.25,39,571.28,32.21,49.5,74.65,1.24,358.98,4.979,1818.4,normal
8.61,289,543.37,25.05,41.84,45.47,0.74,362.07,2.85,992.42,sombreado_parcial
18.5,18,306.71,25.35,33.38,71.52,6.15,373.1,2.675,1006.91,normal
13.55,220,1000.0,23.41,52.78,55.91,6.97,352.17,8.613,3027.16,normal
17.3,313,545.22,29.11,46.49,71.71,1.24,363.51,2.029,752.37,sombreado_parcial
18.55,244,328.33,22.47,31.57,83.51,1.31,371.18,1.449,557.81,sombreado_parcial
10.45,352,788.39,30.86,57.34,84.47,2.6,350.43,1.269,443.75,falla_panel
7.54,304,297.07,18.21,25.3,57.46,3.97,378.85,2.431,912.97,suciedad
9.19,298,603.77,18.41,38.0,55.81,0.2,19.02,3.279,60.7,falla_inversor
11.98,283,923.29,29.12,56.47,38.6,2.7,349.53,5.657,1959.73,sombreado_parcial
17.45,74,505.86,24.47,39.05,85.51,9.16,368.88,2.291,839.89,sombreado_parcial
18.05,110,425.88,22.28,36.39,52.05,0.91,369.57,1.513,560.32,falla_panel
6.1,180,26.06,30.34,30.14,28.93,7.18,372.3,0.228,78.35,suciedad
13.15,32,911.69,21.36,49.07,50.29,9.0,357.89,6.412,2299.33,suciedad
11.84,234,934.94,23.8,51.8,28.89,0.94,355.11,5.026,1780.25,sombreado_parcial
9.11,282,642.83,33.4,56.16,55.18,4.21,352.5,5.514,1957.56,normal
7.68,25,304.21,34.23,42.82,59.29,0.82,363.77,0.401,155.78,falla_panel
10.73,331,803.8,34.43,59.63,43.64,4.01,344.09,5.975,2056.96,suciedad
19.2,279,174.02,23.31,28.44,25.02,4.79,379.11,1.332,498.86,suciedad
10.52,226,941.97,32.38,62.15,86.05,0.85,347.01,8.206,2849.67,normal
13.26,57,979.7,19.31,49.0,74.13,3.77,358.27,8.774,3140.07,normal
15.84,180,872.74,19.56,46.53,78.72,5.02,360.15,7.763,2812.43,normal
11.09,232,941.18,10.9,40.9,45.68,1.33,365.67,6.989,2577.45,suciedad
19.6,343,109.89,35.04,37.18,73.26,0.55,370.77,0.41,152.77,falla_panel
19.47,287,83.37,19.82,24.06,53.98,0.29,383.65,0.675,291.47,normal
9.52,64,695.53,24.24,47.75,34.08,2.57,359.48,4.161,1480.24,sombreado_parcial
12.96,232,1000.0,19.54,51.7,28.71,11.46,355.94,8.673,3111.49,normal
10.21,289,768.06,29.17,53.28,44.15,5.19,353.56,6.415,2274.87,normal
9.99,213,845.9,22.75,44.69,29.63,1.72,366.13,7.421,2707.91,normal
6.52,258,120.31,17.17,21.57,89.88,2.31,379.21,0.936,337.74,suciedad
14.53,18,868.04,27.65,54.19,23.44,0.98,350.98,2.069,714.75,falla_panel
13.04,175,1000.0,16.4,47.28,50.88,0.53,357.27,8.867,3159.13,normal
6.72,229,178.15,19.98,22.7,51.65,1.97,386.42,0.98,328.93,sombreado_parcial
9.9,226,814.79,12.36,38.56,41.04,1.87,366.71,3.619,1346.36,sombreado_parcial
18.72,84,272.99,16.46,22.81,59.99,2.21,378.11,2.603,978.43,normal
9.35,291,651.42,26.07,46.61,30.5,9.16,31.56,2.569,80.1,falla_inversor
8.03,246,437.67,13.21,28.25,74.87,2.78,378.07,1.122,417.38,falla_panel
12.85,110,1000.0,16.11,46.66,43.27,2.79,359.52,8.935,3220.58,normal
19.8,254,39.0,24.99,28.03,61.39,0.41,376.96,0.276,93.66,sombreado_parcial
9.39,88,696.31,21.74,42.38,70.09,15.0,363.94,6.184,2241.97,normal
15.41,72,846.24,36.95,64.3,82.23,4.45,344.99,4.23,1437.67,sombreado_parcial
16.66,30,647.53,36.0,54.28,78.51,6.29,354.07,3.219,1131.27,sombreado_parcial
9.33,172,737.05,19.79,44.37,62.58,1.6,360.0,6.555,2394.01,normal
16.2,309,703.64,28.34,51.65,47.19,2.09,355.32,1.34,462.16,falla_panel
11.15,343,827.39,29.5,56.05,55.22,2.21,353.64,5.047,1792.06,sombreado_parcial
14.85,177,993.72,21.42,51.88,73.81,0.65,33.92,1.1,37.65,falla_inversor
14.87,139,992.38,16.03,44.94,81.43,3.51,359.92,8.638,3129.4,normal
13.5,194,1000.0,24.93,55.59,27.26,7.0,348.69,6.543,2278.94,suciedad
7.26,186,310.68,23.96,35.34,46.94,0.54,370.69,2.284,809.9,suciedad
17.69,218,533.46,22.39,39.25,74.33,0.27,366.07,4.826,1747.17,normal
10.49,164,915.44,27.65,53.93,50.22,4.02,352.09,7.947,2818.73,normal
8.61,161,646.82,20.5,39.02,43.26,0.96,367.14,1.243,460.0,falla_panel
6.57,13,103.1,18.09,23.19,48.79,2.93,380.37,0.598,208.41,sombreado_parcial
14.27,296,873.84,25.65,53.69,62.2,3.57,355.33,7.728,2749.3,normal
15.49,89,878.7,27.32,52.92,89.99,1.17,353.33,2.674,980.92,falla_panel
6.23,324,45.25,17.94,16.71,54.51,5.06,391.85,0.368,154.91,normal
13.17,42,932.41,30.57,58.77,34.59,2.4,349.99,8.172,2836.08,normal
9.17,210,693.41,14.38,33.27,31.4,6.1,371.99,3.668,1336.39,sombreado_parcial
15.03,229,984.17,21.53,52.05,22.96,4.32,351.74,3.62,1276.3,sombreado_parcial
8.44,350,475.92,23.45,42.0,59.12,6.09,365.17,4.189,1534.78,normal
15.67,275,818.79,21.18,44.37,58.12,0.06,362.54,3.576,1337.87,sombreado_parcial
11.41,279,914.34,21.61,49.9,34.37,0.84,354.94,6.747,2396.64,suciedad
19.11,251,206.75,36.23,44.66,68.67,0.28,359.03,1.266,464.75,sombreado_parcial
7.93,310,416.14,19.89,34.02,71.88,1.75,371.4,2.385,920.83,sombreado_parcial
10.77,208,943.7,39.65,68.91,38.14,6.62,338.75,7.768,2647.68,normal
7.59,321,290.35,27.62,36.48,44.09,1.89,369.42,2.073,789.98,suciedad
18.95,140,271.87,25.55,32.31,89.33,5.69,373.06,2.459,916.32,normal
18.28,280,374.66,27.86,39.16,46.2,1.19,29.03,2.579,72.61,falla_inversor
9.61,34,675.12,40.18,61.64,73.26,1.24,343.92,5.611,1932.42,normal
15.24,309,822.85,19.04,46.41,51.69,6.78,363.45,7.106,2577.99,normal
17.44,18,488.18,18.28,32.6,75.53,1.66,369.44,4.633,1666.09,normal
13.77,57,947.43,20.47,49.79,73.83,4.68,354.99,5.835,2105.31,sombreado_parcial
13.42,112,1000.0,25.19,55.02,66.74,0.81,349.09,8.78,3061.78,normal
9.39,5,610.75,14.65,34.07,79.83,8.92,371.83,4.055,1486.52,suciedad
7.3,182,340.46,25.13,36.95,85.75,2.56,369.45,0.875,317.51,falla_panel
18.56,13,260.07,35.16,44.23,60.6,4.27,365.24,2.267,857.77,normal
18.61,339,325.2,25.91,34.32,36.62,0.28,371.58,2.961,1064.35,normal
14.86,285,896.87,23.24,51.49,47.9,2.04,356.53,2.992,1051.81,falla_panel
10.75,259,844.54,21.29,46.67,73.08,6.94,357.24,7.402,2639.34,normal
10.89,90,900.64,30.39,60.05,65.56,6.29,343.94,7.614,2642.55,normal
16.16,104,785.53,20.05,44.35,32.45,0.14,364.23,7.081,2537.51,normal
18.56,186,356.22,36.08,44.93,23.59,1.09,362.95,3.119,1121.48,normal
18.42,250,334.96,36.6,46.74,67.81,1.76,359.83,2.985,1066.1,normal
16.92,255,646.58,26.54,47.43,37.58,0.57,356.94,3.196,1130.17,sombreado_parcial
14.99,76,893.46,24.93,53.22,54.98,3.93,358.05,7.712,2744.18,normal
7.18,108,258.62,31.18,38.5,72.27,0.61,368.83,1.731,636.46,suciedad
8.26,156,515.65,31.57,46.81,59.39,1.28,357.9,4.509,1616.0,normal
18.58,82,332.79,20.16,29.08,25.83,3.27,376.23,1.775,710.06,sombreado_parcial
14.49,77,905.81,21.84,49.56,32.99,1.97,353.76,7.903,2809.53,normal
6.13,258,38.67,17.07,16.99,35.35,4.02,387.85,0.202,40.12,falla_panel
7.42,127,352.04,27.45,39.91,38.05,9.75,364.91,1.834,684.48,sombreado_parcial
15.29,282,837.89,29.0,53.83,59.58,0.37,357.38,7.258,2599.08,normal
6.07,88,17.17,16.9,17.62,55.28,3.71,388.53,0.09,57.46,normal
8.25,204,548.15,22.27,39.48,34.22,0.79,361.19,5.13,1843.66,normal
13.68,16,886.05,16.92,46.02,24.73,1.61,363.71,7.593,2766.25,normal
15.69,151,889.1,19.61,49.03,32.0,0.1,357.98,5.265,1889.89,sombreado_parcial
15.13,254,891.23,28.31,57.2,88.91,0.44,352.49,7.309,2590.61,normal
9.14,188,733.1,20.6,44.04,52.8,1.16,33.55,2.378,79.08,falla_inversor
15.97,329,740.22,23.2,44.75,80.71,1.26,361.54,6.595,2357.62,normal
9.32,32,600.43,15.24,32.4,79.41,6.9,371.3,3.991,1513.42,suciedad
10.56,271,860.98,26.12,51.76,55.81,4.06,355.89,7.28,2596.25,normal
16.45,5,662.53,24.73,46.57,69.47,10.75,361.69,5.584,2022.54,normal
15.09,330,840.8,20.63,47.01,33.49,2.74,29.64,0.654,20.52,falla_inversor
17.89,308,431.68,23.87,38.66,68.19,0.83,365.38,3.537,1271.23,suciedad
15.21,333,796.57,26.08,52.48,39.07,1.19,351.43,4.86,1687.57,sombreado_parcial
13.96,169,1000.0,20.11,50.27,78.24,1.16,359.56,3.718,1332.71,sombreado_parcial
7.31,181,332.63,16.14,26.59,25.86,1.19,12.16,2.797,34.42,falla_inversor
11.15,178,1000.0,35.83,67.06,74.12,3.35,339.32,5.827,1957.61,sombreado_parcial
9.71,143,824.66,21.2,46.48,27.0,2.27,361.75,7.013,2542.36,normal
9.42,362,628.04,24.42,43.24,81.68,1.46,359.93,5.684,2028.39,normal
19.62,248,63.3,31.07,34.82,41.29,0.48,371.28,0.44,117.93,sombreado_parcial
11.5,127,1000.0,45.0,76.33,65.81,0.07,333.11,5.217,1737.9,sombreado_parcial
18.49,263,303.68,17.53,27.04,54.13,0.74,376.98,2.198,825.77,suciedad
14.84,40,853.8,27.7,53.18,45.64,0.34,353.22,7.156,2539.91,normal
17.13,355,559.34,20.75,39.25,65.18,4.62,367.47,0.949,330.07,falla_panel
13.04,255,1000.0,21.77,51.51,86.33,0.36,357.12,5.333,1900.65,sombreado_parcial
14.08,143,1000.0,20.68,52.61,22.89,3.86,350.72,4.394,1563.12,sombreado_parcial
12.9,240,1000.0,18.25,50.22,84.32,1.46,355.7,8.813,3147.35,normal
8.73,228,599.78,24.75,42.88,62.64,0.23,34.24,0.471,12.77,falla_inversor
16.11,341,692.61,16.15,38.27,76.51,5.03,368.48,3.374,1247.64,sombreado_parcial
9.93,198,850.66,30.68,57.54,46.87,2.6,348.47,4.143,1462.87,sombreado_parcial
6.34,65,77.15,25.33,27.68,53.03,0.81,379.08,0.146,51.97,falla_panel
15.04,11,817.15,27.53,53.09,80.82,6.75,350.63,1.142,409.77,falla_panel
8.48,108,537.24,22.2,39.08,49.04,0.14,365.67,4.814,1763.86,normal
19.17,26,162.4,22.8,28.07,57.43,0.68,381.09,0.54,195.57,falla_panel
19.36,151,202.96,26.73,33.16,21.41,4.18,371.84,1.702,626.6,suciedad
18.81,221,306.17,18.02,25.93,31.1,3.71,381.28,2.806,1069.09,normal
11.18,341,798.88,22.85,47.59,64.92,1.02,356.43,6.965,2493.59,normal
6.22,237,3.26,19.84,20.34,70.19,0.19,381.45,0.0,12.83,normal
19.0,237,234.31,19.66,27.12,60.78,5.86,380.79,1.005,346.21,sombreado_parcial
11.99,219,1000.0,12.34,45.02,30.03,1.13,362.59,6.597,2358.22,suciedad
19.53,151,103.99,33.04,37.22,51.18,0.65,367.56,0.936,343.51,normal
19.49,123,142.17,20.88,24.02,44.86,2.18,384.2,1.006,370.48,suciedad
17.94,144,486.48,31.98,46.93,54.7,7.23,357.92,3.27,1171.07,suciedad
10.12,189,871.55,31.41,58.18,80.92,0.13,346.76,3.547,1243.53,sombreado_parcial
11.39,255,962.72,17.28,47.36,74.31,4.35,358.79,1.707,611.0,falla_panel
17.92,68,430.92,18.47,31.93,25.88,2.55,372.87,2.946,1096.04,suciedad
10.44,104,867.06,40.36,68.38,82.32,1.66,336.47,7.344,2446.14,normal
8.37,336,472.66,35.51,50.54,53.02,4.09,355.5,3.538,1256.24,suciedad
13.8,159,1000.0,24.81,57.91,72.07,10.13,9.83,3.925,37.74,falla_inversor
19.11,309,223.11,26.54,33.88,29.8,0.78,373.23,1.96,734.58,normal
15.74,362,749.35,21.21,43.39,66.95,0.47,5.99,1.052,6.47,falla_inversor
13.98,300,929.74,27.59,55.95,36.54,7.32,353.05,8.17,2857.98,normal
7.36,90,304.73,20.7,31.13,50.69,3.32,372.06,1.935,693.97,sombreado_parcial
14.61,357,859.53,12.81,37.25,21.18,1.73,373.81,5.588,2087.38,suciedad
19.86,256,25.14,17.07,15.84,30.61,2.55,388.81,0.195,69.0,suciedad
7.96,353,389.07,25.13,37.3,26.45,4.11,368.98,3.028,1111.93,suciedad
13.26,220,1000.0,18.21,50.89,36.78,4.45,354.05,5.193,1834.8,sombreado_parcial
18.28,9,361.26,24.6,37.85,27.0,7.57,367.78,2.15,797.65,sombreado_parcial
16.37,12,666.14,18.55,39.04,68.43,1.67,366.61,4.07,1448.3,sombreado_parcial
15.76,325,782.47,20.31,46.35,22.03,1.04,361.08,6.779,2454.91,normal
15.83,244,877.44,30.12,57.65,63.24,3.06,350.8,4.04,1407.4,sombreado_parcial
11.03,182,1000.0,26.48,55.44,29.85,1.61,350.33,7.513,2628.77,suciedad
10.11,284,769.56,24.94,48.98,86.16,2.71,359.6,6.654,2438.0,normal
17.33,312,502.39,30.27,45.05,85.32,1.63,359.87,2.934,1053.71,sombreado_parcial
17.34,99,597.93,27.88,47.95,35.79,0.5,360.43,5.029,1817.76,normal
18.14,197,446.42,33.68,47.59,63.01,1.9,357.22,1.887,684.05,sombreado_parcial
18.79,226,295.78,22.24,29.57,21.96,3.52,373.39,2.657,1011.54,normal
13.16,333,940.33,22.42,49.56,85.23,4.82,356.07,8.412,2963.31,normal
13.02,103,1000.0,17.19,48.41,56.61,2.04,357.27,8.731,3139.34,normal
17.18,106,599.25,22.43,37.52,23.03,0.54,366.13,5.347,1961.36,normal
15.1,365,798.89,30.79,54.98,43.97,1.61,350.76,6.875,2420.52,normal
15.83,58,792.02,32.8,57.9,25.38,4.63,347.66,6.981,2445.5,normal
17.14,78,607.46,30.76,48.16,47.51,1.6,358.0,5.565,1978.57,normal
18.46,75,317.9,14.23,25.66,66.89,3.58,380.47,2.969,1121.19,normal
10.73,42,835.25,31.5,59.39,52.89,2.12,347.17,2.085,732.42,falla_panel
11.26,324,819.96,13.97,38.07,46.86,0.83,365.72,7.282,2680.09,normal
7.32,181,302.92,30.39,39.41,28.34,4.77,365.58,0.448,154.23,falla_panel
14.1,33,897.42,22.79,52.33,37.15,0.26,356.02,5.739,2035.44,suciedad
6.5,71,99.87,29.22,32.33,27.01,2.23,371.71,0.86,322.39,normal
12.52,56,972.05,17.01,45.29,76.52,0.7,358.8,8.948,3184.71,normal
13.6,105,1000.0,32.03,63.06,29.47,0.21,30.01,1.502,42.73,falla_inversor
10.01,200,887.7,16.21,42.67,61.68,2.1,361.84,3.45,1257.42,sombreado_parcial
14.27,101,988.55,20.99,53.54,43.99,2.08,354.53,8.57,3001.27,normal
6.43,256,94.3,19.01,22.87,35.82,3.68,380.56,0.799,309.16,normal
6.52,307,133.16,14.47,18.16,64.76,4.1,386.42,1.18,461.21,normal
17.52,74,521.64,25.57,42.08,51.99,3.9,362.79,3.888,1397.65,suciedad
11.04,171,1000.0,35.84,65.12,48.01,1.58,340.78,2.193,741.52,falla_panel
7.78,143,433.83,41.0,53.43,61.5,3.0,355.62,3.823,1358.88,normal
13.31,166,1000.0,25.58,59.16,54.39,2.58,347.25,8.619,3026.02,normal
16.78,261,686.59,31.7,53.24,41.24,1.64,350.67,6.053,2150.66,normal
9.02,221,686.6,26.39,49.24,59.13,2.73,4.93,11.171,55.4,falla_inversor
14.72,83,950.2,27.99,58.04,66.86,8.83,346.5,5.056,1751.79,sombreado_parcial
7.19,182,252.75,22.95,32.82,21.87,0.64,370.23,0.423,166.09,falla_panel
6.72,307,137.18,26.17,27.46,52.61,7.09,379.39,1.239,477.06,normal
13.44,10,890.45,28.22,55.77,24.04,0.16,350.35,6.193,2174.89,suciedad
13.57,4,879.25,21.53,51.47,33.05,1.11,354.98,7.647,2697.1,normal
14.92,351,852.35,24.54,52.61,59.24,1.02,353.27,1.317,451.52,falla_panel
16.17,336,685.63,24.65,48.06,80.63,2.95,357.69,5.869,2106.56,normal
19.66,292,71.37,29.96,32.18,81.8,0.42,375.06,0.52,200.74,suciedad
13.23,281,978.46,18.6,48.38,24.9,6.42,359.83,8.543,3089.54,normal
10.52,215,922.61,24.69,51.98,49.34,5.29,357.95,4.062,1459.83,sombreado_parcial
17.13,98,551.55,36.47,52.06,60.81,3.17,352.53,5.105,1776.95,normal
9.79,101,765.5,31.98,57.12,30.29,1.84,348.71,6.703,2321.28,normal
12.15,9,861.16,33.1,60.78,73.58,8.11,346.4,7.552,2609.33,normal
7.1,61,244.16,25.15,32.68,72.1,5.33,375.85,1.187,466.18,sombreado_parcial
6.35,309,68.07,26.93,29.82,83.23,2.08,374.04,0.663,249.13,normal
19.48,146,128.0,31.01,35.23,20.59,3.63,372.18,1.176,444.8,normal
17.7,63,437.0,34.36,49.46,35.17,2.51,355.54,3.873,1379.9,normal
15.74,121,863.14,13.29,41.69,77.9,2.66,366.09,7.695,2802.62,normal
11.73,226,1000.0,17.11,46.76,66.94,1.21,359.52,8.61,3076.1,normal
8.43,105,567.72,32.86,51.01,82.61,1.86,353.21,4.988,1718.7,normal
8.19,260,488.32,23.34,36.1,24.0,0.24,369.22,4.491,1674.94,normal
9.5,349,610.41,20.97,40.24,61.79,1.33,366.75,5.41,1961.59,normal
13.69,255,1000.0,17.48,49.63,59.83,3.57,350.84,7.439,2612.46,suciedad
16.0,207,859.49,21.67,46.56,22.5,9.19,361.34,7.509,2726.24,normal
15.24,28,805.31,16.59,41.13,55.95,9.9,361.75,3.446,1207.14,sombreado_parcial
9.92,170,806.9,37.55,62.78,62.67,2.43,343.68,7.075,2401.16,normal
19.37,336,146.91,24.87,29.81,33.39,2.8,21.71,0.211,4.89,falla_inversor
16.33,76,716.59,24.65,46.63,39.13,0.62,354.0,6.272,2233.07,normal
13.76,116,1000.0,28.53,58.02,64.82,3.57,347.4,6.983,2456.39,suciedad
14.56,69,922.73,30.77,59.53,52.78,0.22,348.03,8.195,2830.26,normal
11.87,354,902.21,30.68,56.39,80.06,1.01,353.9,7.68,2754.28,normal
9.47,234,732.62,31.44,53.99,43.97,3.31,354.11,6.297,2232.23,normal
10.98,1,811.12,21.21,45.9,38.67,1.11,361.96,7.005,2551.82,normal
16.61,167,789.8,23.21,47.69,88.94,0.15,354.13,7.021,2461.61,normal
6.2,352,27.52,29.61,29.64,83.78,5.35,374.99,0.407,118.05,normal
7.63,218,397.64,21.84,32.0,22.03,1.11,376.99,0.879,363.31,falla_panel
6.64,273,137.46,24.97,28.72,73.95,0.2,378.47,1.232,464.55,normal
6.57,251,110.06,27.39,32.23,27.72,0.23,372.11,1.068,392.24,normal
17.98,347,395.09,29.71,43.95,21.92,0.87,362.23,2.958,1076.82,suciedad
15.85,344,736.95,14.33,41.02,39.16,0.59,366.74,5.023,1853.81,suciedad
12.64,174,1000.0,29.29,63.08,38.85,4.47,345.74,8.757,3000.61,normal
7.37,170,362.28,23.6,33.12,77.35,1.16,372.03,2.422,910.77,suciedad
12.88,246,1000.0,29.24,59.88,69.75,4.9,346.37,8.873,3039.09,normal
12.63,90,993.85,29.66,60.69,88.71,0.57,346.98,8.42,2932.96,normal
8.42,49,484.97,34.65,49.67,69.81,2.04,358.51,4.157,1476.53,normal
12.07,294,904.36,33.12,61.49,49.28,3.49,344.55,7.929,2717.64,normal
11.58,150,1000.0,33.08,67.94,68.92,3.17,335.51,8.588,2892.45,normal
14.62,132,1000.0,33.66,63.29,89.96,2.76,343.47,8.634,2995.92,normal
14.89,59,893.6,26.75,53.6,69.71,7.76,350.3,7.676,2703.89,normal
6.63,324,85.36,25.19,30.33,73.32,0.78,378.81,0.448,191.9,sombreado_parcial
11.24,199,990.75,30.24,60.27,85.69,2.04,344.58,6.764,2316.41,suciedad
14.76,215,975.66,29.39,60.47,27.96,6.46,346.07,4.733,1644.38,sombreado_parcial
13.04,49,972.83,23.15,55.1,69.33,0.24,349.99,5.921,2048.13,sombreado_parcial
17.99,232,435.29,27.43,41.76,79.56,0.17,363.04,0.47,160.28,falla_panel
15.22,247,905.97,24.79,53.39,86.81,0.8,354.7,1.053,376.94,falla_panel
8.28,239,506.53,19.88,37.11,34.77,3.01,370.6,1.826,675.21,falla_panel
6.99,168,262.7,32.74,39.61,55.28,0.9,367.43,2.342,885.04,normal
14.99,48,866.29,25.33,51.66,67.64,0.63,356.61,7.682,2743.01,normal
6.37,51,81.63,37.29,40.65,37.32,1.84,364.08,0.358,127.8,sombreado_parcial
14.2,299,896.16,15.25,40.15,62.03,2.85,363.42,7.98,2907.09,normal
19.16,98,155.32,21.66,28.64,38.03,0.86,375.05,1.342,513.71,normal
14.06,216,1000.0,25.2,56.9,43.34,1.07,350.56,8.571,2987.01,normal
11.43,177,1000.0,31.82,63.3,50.91,2.85,35.79,1.962,71.9,falla_inversor
15.01,80,868.88,27.4,52.1,57.04,8.74,351.78,7.571,2652.94,normal
12.42,185,1000.0,26.86,56.18,51.46,3.37,349.67,8.77,3047.28,normal
13.64,27,916.51,18.24,46.28,54.52,4.58,359.24,8.024,2873.6,normal
19.18,195,206.42,18.06,25.72,40.9,1.37,377.77,1.527,599.58,suciedad
11.41,214,986.28,26.94,54.64,31.13,0.95,353.03,8.532,3010.07,normal
19.46,342,98.23,16.82,21.07,23.31,1.82,385.73,0.973,358.19,normal
18.67,114,272.44,21.81,29.78,33.72,4.94,6.76,0.763,5.26,falla_inversor
8.74,242,624.53,28.01,47.19,60.74,1.83,362.87,4.294,1573.59,suciedad
6.97,124,205.04,19.11,25.89,75.03,5.63,380.73,1.483,581.35,suciedad
7.41,305,301.39,34.63,44.45,31.85,13.47,8.82,2.09,18.28,falla_inversor
6.26,76,56.12,32.34,33.03,27.6,0.22,373.79,0.465,180.13,normal
7.32,311,296.49,15.57,25.77,72.45,0.14,375.35,2.328,885.6,suciedad
15.56,312,760.22,19.41,39.68,41.36,0.49,367.37,6.525,2435.58,normal
7.0,196,243.21,11.29,18.21,86.6,1.46,387.18,1.658,607.11,sombreado_parcial
10.47,351,724.47,20.3,43.17,70.0,0.42,362.89,6.386,2323.28,normal
17.83,44,402.31,29.6,41.65,42.87,6.14,362.62,3.525,1263.31,normal
6.33,186,92.04,22.52,22.65,40.27,0.07,383.82,0.879,311.77,normal
17.4,343,460.62,27.76,43.3,56.66,1.14,360.64,4.319,1496.26,normal
9.95,246,791.35,15.87,38.72,25.54,0.61,369.07,7.201,2645.09,normal
7.65,84,385.48,29.79,41.73,28.24,8.04,365.31,2.368,858.9,sombreado_parcial
15.75,207,896.48,21.67,49.91,32.31,3.32,357.19,4.971,1803.16,sombreado_parcial
14.81,151,992.16,25.07,56.11,74.23,7.29,348.48,8.424,2970.91,normal
18.28,156,379.99,24.44,38.07,55.97,10.76,366.28,3.204,1217.22,normal
16.29,16,683.71,17.37,38.66,20.74,2.06,364.05,3.822,1394.39,sombreado_parcial
17.25,165,663.3,18.08,39.45,67.15,0.8,367.95,2.795,1046.82,sombreado_parcial
9.95,145,831.01,30.81,56.69,49.66,0.65,349.97,7.2,2528.29,normal
8.48,37,477.27,27.39,43.23,55.76,0.76,361.61,2.851,1004.87,sombreado_parcial
16.51,333,629.12,31.3,53.05,34.99,3.7,353.08,4.647,1631.79,suciedad
17.3,45,549.39,26.95,44.32,58.62,0.12,363.74,4.807,1748.76,normal
19.87,206,56.86,25.86,28.81,88.54,0.16,374.1,0.581,213.8,normal
11.78,62,908.41,14.64,45.21,25.14,2.81,359.92,7.765,2807.17,normal
11.21,356,798.33,23.38,50.36,39.87,3.08,352.75,2.284,814.19,falla_panel
16.87,308,647.28,24.84,44.49,37.01,3.28,359.38,5.791,2106.09,normal
10.77,19,797.85,36.72,63.21,37.4,1.4,343.2,6.883,2348.94,normal
19.03,365,199.7,29.12,35.74,46.51,4.92,371.97,0.408,118.75,falla_panel
18.02,300,390.56,34.22,48.1,77.27,2.29,359.34,3.45,1215.25,normal
12.01,7,892.27,28.59,57.32,83.9,0.33,351.27,4.329,1520.35,sombreado_parcial
16.51,249,740.61,20.73,44.29,34.16,4.79,363.0,6.509,2345.25,normal
16.56,117,744.39,25.7,49.62,58.01,9.18,19.79,5.409,106.5,falla_inversor
7.44,68,346.62,26.42,37.63,64.58,0.19,371.39,2.664,986.25,suciedad
18.64,34,273.4,19.37,28.35,56.53,1.49,378.3,1.474,550.92,sombreado_parcial
13.07,194,1000.0,22.69,53.71,50.39,2.01,356.32,8.587,3083.35,normal
17.57,325,477.58,23.77,38.31,33.44,0.48,370.7,4.32,1610.3,normal
10.48,55,818.48,34.63,62.86,54.18,6.07,343.85,4.432,1535.61,sombreado_parcial
18.54,266,324.98,12.52,23.39,48.09,1.0,380.55,2.964,1156.63,normal
11.45,42,857.14,32.23,58.16,75.69,4.58,344.03,4.544,1553.34,sombreado_parcial
6.15,297,38.39,19.38,20.16,73.45,3.34,384.93,0.245,80.64,sombreado_parcial
18.68,231,300.52,16.77,27.74,29.38,2.73,377.32,1.923,773.36,suciedad
7.28,10,244.84,32.08,38.63,26.2,0.64,365.78,2.153,787.85,normal
10.47,358,759.73,29.39,50.91,83.57,0.75,354.39,3.301,1175.76,sombreado_parcial
19.3,128,148.5,32.53,35.06,57.49,0.15,371.49,1.135,433.27,suciedad
19.31,179,147.16,29.8,31.81,80.05,0.83,369.76,1.3,511.23,normal
14.03,193,1000.0,37.36,66.66,24.07,1.27,342.98,7.254,2486.8,suciedad
14.85,92,969.17,28.35,56.87,56.86,5.37,351.48,8.346,2932.99,normal
12.28,231,1000.0,24.06,57.39,57.76,1.37,348.52,6.93,2421.64,suciedad
10.1,78,791.22,27.06,51.71,80.25,4.21,354.47,1.372,472.14,falla_panel
10.6,85,852.64,32.46,58.56,26.83,1.74,348.75,7.329,2542.65,normal
15.42,30,734.2,20.32,41.1,36.83,4.61,366.33,6.304,2343.34,normal
16.53,213,740.06,21.09,44.0,48.46,11.22,366.01,6.433,2340.55,normal
17.08,49,592.32,23.15,39.05,80.61,0.82,365.6,3.338,1237.96,sombreado_parcial
17.05,265,630.06,12.37,31.51,85.72,5.95,376.55,3.398,1284.63,sombreado_parcial
7.28,145,320.9,25.83,38.95,89.49,2.92,366.3,2.956,1052.47,normal
12.92,69,984.19,13.68,45.44,87.14,5.1,359.79,7.612,2739.4,suciedad
6.81,58,199.27,25.32,31.23,20.42,3.16,373.56,1.637,592.36,suciedad
13.69,185,1000.0,30.19,62.49,23.34,1.65,346.55,1.441,503.85,falla_panel
12.18,62,974.9,22.14,51.82,30.33,0.78,353.37,6.2,2174.43,sombreado_parcial
18.43,308,313.44,35.06,43.66,44.42,0.22,362.49,2.719,986.51,normal
10.91,296,826.03,16.24,44.61,78.09,2.3,360.35,2.374,860.15,falla_panel
7.64,166,375.24,32.15,42.16,82.49,13.91,362.84,3.358,1216.05,normal
8.0,171,456.4,29.05,42.78,33.08,4.02,365.81,2.324,870.45,sombreado_parcial
16.66,63,674.61,14.7,36.24,63.38,1.19,369.3,4.252,1579.78,sombreado_parcial
14.66,147,1000.0,41.26,71.11,84.22,5.27,334.86,8.357,2788.06,normal
7.42,306,270.44,24.62,34.04,52.46,4.4,370.54,2.425,883.0,normal
7.18,161,301.15,19.74,28.69,27.25,0.99,377.06,2.601,997.98,normal
15.81,141,883.81,16.56,45.17,52.05,0.04,360.73,7.788,2778.35,normal
7.02,334,224.49,23.68,31.57,46.31,0.38,373.76,2.156,772.0,normal
17.51,97,556.45,24.24,41.26,60.44,6.29,363.96,3.548,1308.16,suciedad
15.89,221,834.51,25.62,54.26,50.71,5.43,354.29,7.253,2577.88,normal
7.14,43,239.28,23.21,29.69,21.21,1.05,376.69,2.169,817.73,normal
7.19,292,253.08,28.8,38.73,89.58,1.01,366.51,2.317,826.81,normal
19.81,108,25.52,22.67,25.23,58.05,4.72,380.04,0.279,95.08,normal
11.24,266,895.35,13.39,44.03,53.15,8.33,360.3,7.782,2809.18,normal
11.19,95,928.4,24.1,53.38,86.82,4.53,352.89,8.312,2955.63,normal
17.38,262,596.0,10.8,28.24,30.91,2.79,375.54,5.278,2018.73,normal
19.26,313,144.11,27.12,34.74,33.25,0.83,371.14,1.268,465.19,normal
19.8,71,67.94,19.12,20.75,76.56,2.24,383.83,0.665,220.47,normal
16.55,219,737.81,25.98,47.82,38.26,0.8,357.84,5.121,1832.52,suciedad
11.27,21,864.52,32.88,59.62,75.95,4.95,347.4,7.23,2504.59,normal
7.17,92,282.7,19.31,26.67,39.01,1.47,379.01,2.651,1000.86,normal
16.88,127,709.98,31.37,54.34,22.32,5.38,354.3,1.915,707.43,falla_panel
13.82,80,990.97,22.4,52.46,56.19,1.44,355.47,4.978,1741.52,sombreado_parcial
11.94,312,926.2,35.52,64.03,33.77,5.21,344.82,7.935,2749.66,normal
18.69,238,309.41,22.81,33.93,73.05,1.22,370.81,2.682,1009.27,normal
7.56,182,410.19,19.96,33.71,64.88,1.74,372.3,2.148,790.98,sombreado_parcial
12.9,25,886.2,29.12,56.84,84.65,2.87,353.22,4.87,1732.99,sombreado_parcial
6.16,156,46.07,22.39,24.08,74.81,0.22,380.68,0.381,169.95,normal
12.56,5,905.18,19.95,48.26,32.65,8.88,358.17,7.861,2798.17,normal
6.79,120,168.41,22.13,26.75,76.01,2.56,378.62,0.475,177.27,falla_panel
7.66,277,367.25,24.73,36.21,64.92,2.13,369.15,1.729,620.5,sombreado_parcial
7.65,18,299.48,33.05,43.15,66.83,5.49,365.34,2.637,969.96,normal
15.09,198,958.97,13.4,43.17,78.26,6.02,361.85,8.335,3024.26,normal
16.44,57,648.25,25.14,46.03,60.17,2.22,362.19,5.671,2049.44,normal
14.17,93,1000.0,28.75,58.74,52.62,7.86,349.48,8.399,2929.22,normal
19.47,19,103.64,26.16,28.49,64.56,0.2,376.56,0.113,54.58,falla_panel
11.25,353,874.7,32.86,59.09,40.86,0.36,346.79,7.487,2609.51,normal
10.0,193,870.65,24.55,50.91,32.78,2.72,27.03,0.998,25.75,falla_inversor
18.16,237,427.2,23.89,39.17,63.16,1.31,368.85,3.861,1417.95,normal
9.13,277,618.4,28.55,48.97,36.37,1.87,359.38,5.487,1966.99,normal
19.49,227,100.97,25.6,27.14,25.59,1.19,379.57,0.801,341.63,normal
6.17,233,50.49,22.66,24.89,20.04,1.56,379.93,0.339,124.06,sombreado_parcial
19.58,40,87.05,28.1,30.23,62.58,5.19,375.12,0.826,302.86,normal
6.6,323,96.72,21.08,23.08,45.35,2.7,383.07,0.383,152.84,sombreado_parcial
18.48,153,336.91,21.33,29.63,72.66,15.0,375.13,1.87,690.99,sombreado_parcial
13.39,127,1000.0,21.83,54.54,46.26,4.64,353.61,8.715,3093.81,normal
19.9,237,59.46,33.12,32.93,54.02,0.96,372.77,0.402,143.48,suciedad
7.03,55,264.45,5.67,13.86,48.5,0.92,392.61,2.379,964.08,normal
13.75,172,1000.0,27.37,57.2,65.54,1.23,346.58,3.639,1245.39,sombreado_parcial
19.57,109,103.88,25.21,29.62,44.93,5.56,374.4,0.868,339.61,normal
13.32,354,890.91,14.91,42.25,87.46,0.08,362.94,7.771,2812.6,normal
14.81,184,989.46,26.86,57.58,85.53,0.78,349.88,7.256,2516.87,suciedad
15.74,198,917.47,27.85,56.37,79.36,7.06,349.44,7.818,2714.61,normal
12.36,87,1000.0,28.54,60.24,84.42,3.06,350.88,0.957,328.07,falla_panel
14.79,201,983.17,9.09,39.83,51.44,0.77,363.47,1.812,643.66,falla_panel
14.18,337,870.94,33.2,60.35,57.55,0.74,348.46,7.744,2672.58,normal
18.62,322,270.45,20.57,28.25,71.95,5.95,379.38,2.491,942.8,normal
6.64,275,130.85,29.12,30.85,68.73,6.73,375.44,0.983,350.78,suciedad
9.93,211,856.01,29.45,54.52,82.35,0.89,351.33,1.861,674.52,falla_panel
19.31,118,138.36,19.74,25.14,70.14,1.64,379.83,1.207,472.25,normal
18.46,191,379.15,28.96,40.35,89.85,5.4,367.05,0.896,301.39,falla_panel
12.38,42,944.62,22.69,51.21,44.4,4.42,351.9,1.086,386.65,falla_panel
14.68,42,870.21,12.57,37.66,78.31,5.04,366.71,7.607,2799.26,normal
9.88,315,722.98,32.01,52.02,68.83,2.19,353.26,4.757,1685.65,suciedad
8.63,276,547.31,20.35,36.4,68.4,7.28,370.26,4.78,1783.1,normal
12.49,329,927.38,19.87,50.19,42.81,1.18,358.25,3.284,1179.7,sombreado_parcial
10.95,17,786.1,22.58,46.31,74.99,0.51,363.72,6.733,2468.05,normal
14.17,283,925.31,26.63,56.15,83.03,3.7,346.68,8.051,2800.94,normal
7.09,258,242.23,24.66,31.32,35.3,2.33,371.94,1.736,644.08,suciedad
19.64,63,24.59,28.29,30.02,63.78,5.78,374.55,0.267,70.56,normal
19.81,62,20.27,16.96,17.07,47.45,0.25,388.65,0.1,39.61,sombreado_parcial
15.77,100,823.55,20.55,44.43,89.27,5.57,363.07,2.849,1065.61,falla_panel
13.51,19,926.35,24.3,52.85,53.52,1.04,351.19,8.279,2889.87,normal
10.33,17,739.06,36.39,62.23,35.98,3.19,345.38,6.426,2205.42,normal
17.39,325,487.23,24.32,42.23,46.73,0.12,358.51,3.057,1110.29,sombreado_parcial
15.59,246,876.06,31.51,59.62,65.77,2.82,347.7,7.496,2592.7,normal
8.28,251,466.2,25.23,39.59,25.33,3.79,366.08,3.606,1322.36,suciedad
18.75,81,235.24,22.1,29.91,62.25,1.38,375.14,2.141,776.26,normal
17.52,39,487.53,23.52,39.23,85.19,0.73,365.7,2.915,1022.21,sombreado_parcial
19.3,36,117.31,23.99,27.6,79.53,2.31,377.35,1.05,388.82,normal
16.16,197,799.3,28.62,54.26,24.74,5.37,352.84,6.971,2446.24,normal
14.59,158,1000.0,33.25,64.81,89.54,1.17,345.5,8.772,3002.97,normal
11.86,204,1000.0,27.16,57.93,68.91,0.87,346.14,8.594,2958.03,normal
19.06,196,244.65,32.12,37.97,31.36,0.98,367.13,2.22,806.69,normal
18.12,216,459.96,19.21,32.89,20.87,8.94,373.58,2.546,953.28,sombreado_parcial
6.63,285,161.06,22.51,28.74,31.99,1.34,376.32,1.434,560.9,normal
6.37,196,47.7,20.65,22.1,78.67,0.01,383.01,0.453,178.72,normal
11.27,307,870.47,26.89,54.54,21.51,4.57,350.76,7.483,2629.06,normal
17.35,152,603.07,22.85,41.27,36.32,3.6,366.2,4.867,1781.85,suciedad
19.82,14,21.39,29.38,28.46,73.01,0.41,372.37,0.051,52.98,sombreado_parcial
8.11,325,426.31,19.41,32.38,61.03,12.58,371.01,3.909,1456.8,normal
14.32,146,1000.0,25.26,54.97,74.79,2.81,355.44,3.051,1089.06,falla_panel
11.33,57,859.88,29.12,54.36,72.23,2.08,349.65,0.962,360.73,falla_panel
19.58,211,114.36,12.61,17.99,23.54,1.44,384.92,1.057,399.13,normal
17.79,268,481.17,37.73,52.14,82.48,6.87,352.65,2.174,750.24,sombreado_parcial
17.74,210,527.29,23.3,38.67,35.89,0.84,365.93,4.653,1702.94,normal
12.56,17,889.59,12.85,43.08,58.74,1.01,362.79,1.137,434.88,falla_panel
11.81,286,941.33,25.95,56.59,65.1,0.39,352.15,4.589,1617.87,sombreado_parcial
9.83,344,696.1,25.2,46.4,31.8,4.27,29.99,2.538,75.03,falla_inversor
6.79,203,192.94,24.51,31.18,88.34,2.72,373.66,1.759,644.13,normal
18.11,99,402.01,30.95,43.16,54.17,2.82,366.25,3.419,1252.94,normal
17.38,279,530.48,29.48,45.02,24.03,0.74,360.14,3.355,1200.94,suciedad
20.0,209,17.71,26.79,28.05,85.61,3.16,377.21,0.097,48.5,suciedad
19.95,129,37.9,27.7,28.4,61.04,4.35,377.01,0.333,111.4,suciedad
13.78,335,884.94,24.37,52.14,68.94,1.33,355.91,1.276,461.3,falla_panel
16.77,288,630.49,35.65,56.89,56.76,4.85,347.4,4.738,1659.21,suciedad
19.23,252,172.52,16.12,22.88,78.43,1.29,379.96,0.738,262.25,sombreado_parcial
17.9,265,458.52,25.84,39.34,22.32,4.26,368.26,4.091,1504.08,normal
9.46,271,679.35,25.39,47.35,38.79,0.1,362.34,5.935,2148.86,normal
12.31,188,1000.0,29.88,59.44,52.88,2.4,346.56,8.611,2975.08,normal
7.81,214,447.84,19.94,34.61,25.36,10.47,368.35,2.338,862.56,sombreado_parcial
19.36,283,174.77,14.54,20.22,69.41,11.93,382.16,1.512,595.81,normal
14.49,211,1000.0,25.94,57.76,47.56,0.99,350.95,8.404,2953.4,normal
9.2,365,572.19,26.69,44.12,39.09,1.75,358.46,5.032,1830.54,normal
15.4,76,849.36,33.94,63.61,20.24,0.2,343.45,0.823,262.42,falla_panel
14.65,148,1000.0,17.38,47.28,70.39,6.2,358.49,8.877,3202.04,normal
11.01,321,845.99,31.93,59.82,78.37,2.52,345.57,7.357,2508.75,normal
7.59,213,376.61,39.2,49.43,47.65,1.46,355.08,3.248,1167.45,normal
15.4,109,883.45,22.73,51.1,59.5,0.36,356.6,7.597,2697.92,normal
13.28,129,1000.0,17.25,49.37,35.94,8.8,358.41,9.009,3195.14,normal
16.81,10,611.9,22.56,41.76,63.55,2.27,366.41,5.471,2000.0,normal
13.28,47,956.29,25.08,54.23,20.85,1.0,353.2,8.195,2900.03,normal
17.93,315,433.9,28.38,42.15,54.21,1.29,363.72,3.193,1160.8,suciedad
13.73,96,994.2,21.45,52.92,65.09,0.95,353.8,6.81,2424.64,suciedad
13.85,103,1000.0,34.33,68.27,84.27,2.76,340.88,8.299,2863.48,normal
18.27,342,305.99,18.31,26.57,46.69,7.98,375.1,1.519,558.43,sombreado_parcial
11.65,146,1000.0,14.56,44.98,73.56,5.83,361.91,4.569,1690.14,sombreado_parcial
7.88,27,338.18,31.64,42.64,61.84,1.85,362.09,2.264,844.56,suciedad
6.4,220,80.53,11.35,13.48,84.89,5.25,391.69,0.658,256.78,normal
16.57,18,665.9,23.78,44.43,47.89,1.65,359.48,5.765,2084.1,normal
14.68,167,1000.0,43.71,76.56,42.34,0.87,332.72,3.871,1279.69,sombreado_parcial
15.86,82,793.25,24.93,45.49,82.1,12.3,361.71,6.946,2483.57,normal
8.98,72,601.35,18.28,36.17,23.45,1.09,367.98,5.532,2040.48,normal
7.91,310,387.14,24.66,34.14,29.55,1.17,370.38,3.489,1303.49,normal
6.2,254,56.63,24.7,24.67,25.77,13.72,379.19,0.572,183.39,suciedad
10.91,162,1000.0,25.96,60.82,79.02,0.43,346.08,8.543,2944.83,normal
14.26,327,865.21,28.97,56.91,20.74,4.29,353.75,7.419,2608.23,normal
11.49,38,848.6,18.77,46.71,80.32,8.24,355.74,6.68,2361.48,suciedad
12.12,201,1000.0,35.13,66.25,51.59,2.15,341.46,2.325,798.06,falla_panel
18.66,200,313.52,26.47,37.41,20.28,0.01,369.08,2.818,1047.17,normal
10.88,255,873.93,29.36,54.02,48.12,1.41,351.37,7.703,2723.35,normal
13.2,179,1000.0,21.23,54.04,33.08,0.35,349.07,5.178,1794.68,sombreado_parcial
16.97,35,580.31,32.72,49.62,63.71,1.61,356.21,5.159,1830.93,normal
11.55,82,957.04,23.46,52.57,67.56,4.68,351.38,5.242,1830.4,sombreado_parcial
14.71,220,971.41,26.67,57.78,54.13,1.73,349.97,7.443,2637.43,suciedad
18.07,158,469.6,19.4,34.55,22.84,1.7,368.16,4.366,1590.21,normal
19.29,4,116.33,19.02,22.78,65.93,2.44,382.01,1.059,413.45,normal
8.06,167,473.68,29.13,41.89,78.94,2.61,362.42,3.948,1468.86,normal
18.97,204,243.06,22.34,30.08,70.42,5.82,377.4,0.829,337.32,sombreado_parcial
12.89,194,1000.0,19.88,52.57,78.1,1.11,356.95,8.49,3039.56,normal
9.62,235,773.94,21.14,44.53,34.04,5.17,360.73,6.779,2458.16,normal
12.43,206,1000.0,29.19,62.42,82.22,2.5,342.35,8.474,2900.9,normal
19.72,150,96.88,21.23,22.94,42.55,1.07,385.3,0.874,327.85,normal
12.9,159,1000.0,24.29,55.55,20.94,1.05,350.7,5.229,1835.85,sombreado_parcial
10.6,279,835.51,25.09,53.5,79.04,1.34,353.55,7.112,2522.66,normal
14.87,304,882.02,13.5,40.04,85.93,2.92,365.47,4.506,1644.07,sombreado_parcial
9.36,166,773.34,16.17,41.92,65.89,0.79,363.51,6.721,2440.22,normal
7.06,311,238.5,27.02,37.43,36.2,7.59,367.2,2.294,819.23,normal
7.8,68,421.32,20.58,34.0,37.62,2.57,367.67,3.297,1223.59,suciedad
7.79,88,388.49,31.34,42.69,52.66,7.58,366.73,2.657,976.42,suciedad
8.13,217,481.74,30.8,44.7,82.85,0.14,361.68,3.893,1378.06,suciedad
7.94,1,387.53,29.32,43.38,30.47,1.26,362.37,3.35,1235.92,normal
14.97,135,973.33,35.92,68.25,77.82,0.07,340.77,8.4,2868.61,normal
8.55,185,599.75,24.5,45.42,40.39,0.95,359.48,3.028,1105.02,sombreado_parcial
10.84,351,827.62,28.89,54.71,76.6,5.94,352.52,1.391,512.28,falla_panel
18.56,140,336.39,21.49,33.56,84.42,0.11,370.33,0.415,149.38,falla_panel
12.64,106,1000.0,39.71,70.89,49.92,1.72,335.71,6.465,2148.07,suciedad
15.35,133,936.5,36.9,64.84,45.55,0.38,343.32,8.162,2766.22,normal
8.41,108,534.62,25.07,43.46,76.16,1.62,363.01,4.015,1458.16,suciedad
8.69,178,586.15,27.32,48.09,57.06,5.48,357.41,0.943,328.13,falla_panel
6.57,298,109.09,33.16,35.03,67.91,2.93,371.93,0.981,354.88,normal
8.37,358,469.43,24.12,37.23,63.6,4.0,366.83,4.133,1519.77,normal
9.9,359,719.98,21.06,43.62,30.7,1.29,360.48,2.943,1037.8,sombreado_parcial
8.48,146,552.66,30.24,48.95,79.14,8.67,356.34,5.004,1785.98,normal
7.24,74,249.05,25.47,31.55,33.7,3.71,373.31,1.258,449.46,sombreado_parcial
7.69,108,387.74,26.1,38.56,85.26,1.64,366.46,0.734,275.61,falla_panel
12.45,122,1000.0,19.99,50.36,37.54,1.67,355.06,3.414,1232.75,falla_panel
8.89,17,541.49,14.69,32.67,71.37,7.53,374.52,1.033,407.3,falla_panel
11.1,196,958.64,26.42,55.18,39.93,2.58,354.34,8.102,2899.42,normal
13.05,327,937.74,30.43,60.89,42.24,3.68,345.64,8.04,2757.18,normal
15.67,318,743.52,23.65,46.64,41.7,1.62,360.62,3.882,1376.77,sombreado_parcial
6.55,297,149.35,33.62,36.88,72.35,0.76,367.24,1.292,487.72,normal
17.19,252,622.15,20.78,40.31,58.98,3.86,365.26,5.3,1955.38,normal
14.79,119,964.68,18.67,45.91,81.81,2.81,361.06,7.222,2621.68,suciedad
7.14,162,257.68,24.6,31.81,41.52,2.09,371.85,2.332,864.0,normal
18.23,198,417.59,24.5,38.06,68.44,2.93,369.09,3.57,1334.98,normal
18.89,45,230.0,29.62,34.15,72.71,0.7,369.85,2.147,783.73,normal
6.86,314,182.85,20.35,22.21,30.6,4.74,384.7,0.321,129.46,falla_panel
9.88,179,824.44,33.21,55.46,48.04,8.88,352.76,6.964,2437.66,normal
17.29,44,553.62,36.8,56.09,53.8,6.65,352.69,4.911,1720.13,normal
16.48,271,705.9,24.77,46.71,44.9,1.16,33.81,0.577,21.41,falla_inversor
8.58,78,539.07,32.5,48.55,42.55,1.56,361.5,4.475,1640.42,normal
8.93,326,542.76,18.66,37.04,68.05,4.96,369.58,4.713,1738.07,normal
11.19,178,1000.0,31.45,62.09,35.11,2.71,341.87,5.519,1889.86,sombreado_parcial
12.78,357,882.75,31.28,59.27,69.66,2.38,347.7,7.45,2568.35,normal
14.66,3,842.56,30.18,56.55,85.45,7.84,349.11,7.343,2556.87,normal
11.16,214,986.03,24.91,55.01,59.56,2.3,348.76,1.199,426.19,falla_panel
12.48,342,901.03,7.27,35.87,62.8,2.17,372.23,8.105,2985.49,normal
16.46,74,740.68,21.15,45.46,24.83,0.13,359.95,3.667,1327.84,sombreado_parcial
6.51,51,106.83,21.24,24.31,80.51,0.22,377.68,0.374,166.34,sombreado_parcial
9.53,67,716.78,19.13,40.84,39.98,0.02,363.66,6.367,2319.01,normal
15.99,332,715.32,25.73,47.57,63.05,7.33,363.09,3.942,1445.76,sombreado_parcial
18.53,93,325.71,22.49,29.22,88.54,1.57,378.73,2.954,1099.99,normal
13.16,176,1000.0,20.05,51.73,61.69,1.9,356.07,8.563,3069.29,normal
13.45,145,1000.0,18.65,48.08,70.73,5.6,359.33,5.177,1845.11,sombreado_parcial
7.5,7,304.54,20.71,31.17,51.17,2.82,372.33,2.878,1076.4,normal
12.26,269,956.18,31.73,61.47,24.23,2.82,343.39,3.38,1187.73,sombreado_parcial
13.46,322,880.46,21.03,48.71,75.83,1.06,358.6,7.615,2722.94,normal
9.39,4,636.62,21.91,42.86,22.45,5.39,366.21,5.523,2000.99,normal
9.77,138,829.42,22.26,46.79,69.05,0.54,357.27,6.271,2238.7,suciedad
11.28,231,989.33,27.03,58.5,21.6,0.16,347.98,8.576,2987.44,normal
6.28,88,66.98,27.74,30.23,80.36,0.64,375.5,0.162,25.81,falla_panel
10.51,17,788.2,6.73,31.09,31.03,0.93,373.26,3.475,1274.58,sombreado_parcial
8.96,52,602.19,31.13,48.56,56.0,1.0,5.67,12.417,70.21,falla_inversor
10.58,134,941.12,33.62,63.92,61.8,3.33,340.97,7.96,2748.27,normal
7.68,211,378.71,18.7,31.59,52.03,0.74,374.36,1.33,511.08,falla_panel
18.47,325,285.57,19.17,28.26,43.85,3.39,377.25,1.655,628.23,sombreado_parcial
14.31,219,1000.0,22.3,51.94,52.75,0.29,355.64,7.051,2499.49,suciedad
15.51,205,916.19,20.46,48.3,41.8,0.48,357.45,1.106,379.4,falla_panel
17.05,211,657.78,26.34,46.81,50.67,2.13,360.71,3.431,1256.54,sombreado_parcial
12.98,277,937.75,13.32,43.66,45.12,7.65,362.95,1.809,645.94,falla_panel
7.22,24,281.97,18.29,24.73,59.63,5.89,382.73,1.327,530.24,sombreado_parcial
13.52,4,891.81,34.24,61.26,36.65,10.4,345.02,4.136,1414.74,sombreado_parcial
14.22,152,1000.0,19.43,50.08,89.21,3.15,358.06,8.675,3126.05,normal
16.44,259,746.37,32.46,55.66,55.06,3.38,350.42,6.429,2231.09,normal
12.04,324,844.97,27.13,51.59,33.59,2.94,356.03,3.524,1249.97,sombreado_parcial
7.79,357,340.97,14.14,24.47,53.39,2.93,16.74,2.688,45.31,falla_inversor
9.97,168,847.96,28.81,54.84,80.65,0.48,354.0,6.537,2308.81,suciedad
11.08,176,992.77,24.29,53.76,21.53,2.35,352.27,7.885,2789.1,suciedad
15.04,310,827.86,22.27,47.96,67.57,1.46,357.14,4.214,1504.68,sombreado_parcial
13.99,291,958.37,26.47,55.61,58.36,1.75,352.87,8.044,2856.13,normal
10.99,56,876.89,27.85,55.99,31.87,2.22,349.65,7.571,2641.89,normal
19.81,108,63.47,29.25,29.9,77.22,0.41,377.32,0.586,225.9,normal
14.48,296,894.7,32.07,60.16,45.82,1.34,344.2,7.777,2680.47,normal
9.32,324,591.07,27.45,44.71,40.57,0.2,362.23,3.317,1202.34,sombreado_parcial
7.42,302,252.98,16.75,23.75,77.97,11.69,380.45,1.798,701.1,suciedad
8.14,334,387.83,22.16,34.72,64.7,0.38,367.43,3.533,1260.14,normal
9.44,141,765.82,42.66,66.94,82.88,0.9,338.61,6.455,2189.29,normal
8.25,155,530.75,29.35,45.31,64.09,6.66,359.93,4.734,1684.1,normal
8.61,262,549.4,39.22,55.98,71.86,1.98,354.42,4.786,1716.91,normal
9.99,273,759.21,33.37,54.92,78.55,0.44,345.59,6.594,2317.9,normal
8.43,232,584.34,26.45,46.82,23.83,1.45,358.61,5.242,1875.37,normal
18.55,241,313.73,26.81,37.64,74.32,0.37,367.29,2.895,1043.62,normal
7.12,355,243.02,24.78,33.35,62.96,0.67,370.13,0.857,294.69,falla_panel
13.34,337,901.49,14.57,40.35,24.87,0.16,364.64,7.869,2852.15,normal
11.75,258,966.86,25.11,54.43,55.6,1.73,351.75,7.553,2660.36,suciedad
19.75,249,80.14,32.26,34.27,25.77,4.93,369.86,0.396,135.71,sombreado_parcial
7.57,77,372.23,21.4,30.14,71.52,2.65,375.83,3.416,1295.78,normal
11.57,180,1000.0,27.47,60.06,58.26,2.8,349.86,7.342,2579.27,suciedad
19.57,66,109.46,30.11,35.71,86.75,0.67,369.73,0.443,159.7,sombreado_parcial
18.12,308,388.41,19.54,34.77,32.82,1.26,369.34,3.452,1270.51,normal
17.44,348,489.63,22.29,36.02,62.42,5.6,369.31,4.354,1617.79,normal
9.61,171,800.97,18.89,44.1,34.81,0.28,361.16,5.452,1965.86,suciedad
8.39,22,454.69,20.07,36.26,62.98,5.85,371.5,4.15,1520.64,normal
15.36,107,895.46,17.27,44.88,70.59,1.98,360.19,7.902,2862.1,normal
19.01,323,189.45,19.6,24.67,70.56,5.44,381.29,1.68,627.91,normal
13.79,227,1000.0,33.52,61.97,77.06,1.15,345.46,8.236,2868.72,normal
14.0,216,1000.0,19.51,52.46,79.75,1.24,354.13,8.004,2864.27,suciedad
9.92,69,730.01,25.76,48.54,25.41,4.18,355.36,5.143,1822.41,suciedad
16.77,84,652.6,21.98,41.28,44.03,4.61,363.3,3.886,1412.81,sombreado_parcial
8.62,103,511.77,32.07,48.49,68.1,0.78,357.3,4.401,1570.58,normal
10.53,39,785.41,32.87,57.64,54.9,10.82,346.61,2.386,825.13,falla_panel
11.96,13,884.53,30.18,58.08,33.35,0.26,346.62,3.59,1227.9,sombreado_parcial
13.11,297,941.05,26.84,55.92,58.69,0.21,349.67,6.979,2430.96,suciedad
9.39,313,676.94,23.61,47.2,48.52,2.72,359.59,5.895,2111.38,normal
7.61,181,399.3,17.85,30.13,47.3,3.85,377.95,3.712,1376.9,normal
14.55,268,941.94,36.66,68.53,76.68,9.72,339.18,1.697,560.21,falla_panel
10.04,13,682.66,20.44,42.62,48.53,1.56,363.51,5.892,2138.73,normal
14.14,120,1000.0,28.98,60.76,21.85,0.08,346.17,7.697,2646.08,suciedad
8.16,353,409.81,31.36,43.99,24.06,2.77,361.27,1.857,675.88,sombreado_parcial
12.74,57,944.02,21.67,52.63,79.94,1.03,353.56,7.99,2829.25,normal
13.46,40,915.56,31.23,60.01,87.24,1.7,347.87,6.496,2236.79,suciedad
6.73,336,110.47,29.59,31.64,68.19,2.01,375.59,0.935,355.54,normal
10.71,128,909.66,35.37,62.35,45.51,0.2,339.64,6.105,2066.77,suciedad
7.88,173,468.28,22.18,37.45,85.7,2.0,27.74,0.589,15.85,falla_inversor
6.89,35,181.09,17.28,21.58,66.4,1.67,26.82,0.252,6.56,falla_inversor
19.86,259,21.6,21.97,22.55,79.1,3.74,383.32,0.225,51.61,suciedad
10.51,5,766.63,26.25,51.8,73.61,3.11,355.26,3.493,1242.99,sombreado_parcial
17.34,218,624.75,25.35,45.33,46.54,0.61,360.42,3.641,1280.37,sombreado_parcial
9.56,11,650.89,22.64,41.9,53.51,0.69,365.0,5.179,1910.02,suciedad
15.54,327,777.19,13.54,39.95,33.03,0.87,366.37,6.724,2464.41,normal
16.64,117,707.77,27.82,50.76,40.44,0.59,355.45,6.343,2258.95,normal
14.34,184,1000.0,36.83,69.61,74.47,3.21,337.4,5.865,1965.87,sombreado_parcial
12.6,362,904.5,27.79,52.65,82.58,15.0,351.76,7.827,2777.25,normal
11.77,116,1000.0,28.65,60.4,70.71,3.17,346.4,3.462,1192.5,falla_panel
10.88,162,1000.0,28.43,60.95,52.56,2.8,341.87,8.592,2921.46,normal
19.01,67,226.37,27.38,37.01,26.06,1.58,369.17,2.007,747.09,normal
17.63,200,555.04,30.59,45.74,23.99,1.12,361.8,4.881,1777.31,normal
19.51,31,129.48,27.37,33.23,46.2,7.26,369.29,0.245,101.92,falla_panel
7.74,75,393.26,23.12,37.88,52.47,10.42,367.21,1.158,416.12,falla_panel
16.23,237,734.24,20.22,40.14,62.64,2.06,368.45,6.314,2355.69,normal
19.14,327,154.18,23.51,29.04,20.45,1.03,380.53,0.95,386.32,suciedad
8.54,66,532.99,26.88,44.47,89.28,4.41,361.31,2.197,792.45,sombreado_parcial
6.93,70,168.1,23.1,27.87,45.48,0.43,377.4,0.988,361.68,sombreado_parcial
16.38,297,667.95,26.89,47.02,79.37,4.35,358.93,5.113,1830.4,suciedad
14.04,20,875.22,27.63,55.99,57.45,5.13,350.86,7.493,2618.52,normal
17.79,226,499.61,30.0,44.69,29.13,0.4,363.77,2.4,892.19,sombreado_parcial
7.96,199,457.14,32.7,46.66,75.83,11.3,359.43,3.783,1391.29,normal
17.13,39,555.06,25.47,44.03,69.69,12.7,359.18,4.914,1749.05,normal
8.82,145,661.67,17.15,40.46,56.92,8.28,365.83,5.917,2187.77,normal
8.29,45,458.61,22.93,38.07,56.02,2.06,366.82,4.186,1526.03,normal
8.3,326,441.94,25.26,39.28,26.12,0.85,364.2,2.337,884.58,sombreado_parcial
17.4,91,533.51,13.99,29.88,65.91,2.62,373.12,4.917,1822.1,normal
15.31,238,924.36,33.33,60.7,83.79,1.63,345.86,5.427,1876.92,sombreado_parcial
13.32,70,966.86,25.85,57.73,26.53,0.69,350.16,3.866,1335.43,sombreado_parcial
11.02,166,971.47,27.29,57.42,38.45,1.65,350.35,1.904,653.33,falla_panel
18.28,130,409.08,33.19,47.7,83.16,3.27,360.84,1.605,585.36,sombreado_parcial
11.49,214,998.05,21.22,51.91,39.9,0.22,9.4,8.617,81.3,falla_inversor
17.43,340,481.33,28.44,42.51,65.78,1.22,362.62,4.27,1542.61,normal
12.15,89,1000.0,24.34,56.22,57.44,0.05,351.61,6.427,2268.66,suciedad
11.28,335,831.83,23.9,49.78,61.74,4.15,357.9,7.254,2654.9,normal
12.48,252,1000.0,20.37,49.81,49.11,3.07,355.39,7.399,2634.46,suciedad
10.22,349,729.17,34.99,60.51,41.0,0.19,344.9,6.344,2202.99,normal
16.47,72,714.97,22.75,44.15,23.4,10.03,362.75,2.653,972.03,sombreado_parcial
13.04,165,1000.0,29.2,61.84,72.1,0.07,346.76,8.201,2838.5,normal
9.25,49,615.39,13.75,34.24,72.23,2.67,370.74,5.641,2068.37,normal
18.59,52,274.17,32.08,38.76,66.95,4.49,367.85,2.278,804.21,suciedad
11.37,289,873.97,31.31,57.12,65.05,4.65,349.49,2.859,990.73,falla_panel
13.61,278,972.84,25.58,55.53,37.06,0.1,349.69,8.524,2991.08,normal
18.69,114,326.33,23.64,32.54,21.56,7.11,374.31,0.535,181.95,falla_panel
14.74,239,968.08,27.4,60.24,76.61,7.52,346.07,8.135,2841.37,normal
7.64,133,382.91,38.73,50.4,54.38,2.47,352.84,3.028,1080.64,suciedad
19.16,274,171.59,14.42,21.12,41.48,1.97,10.36,0.0,0.0,falla_inversor
14.79,166,1000.0,29.69,61.71,27.14,0.14,340.62,8.673,2986.87,normal
10.69,293,866.38,19.53,47.0,24.39,2.48,364.51,7.377,2684.38,normal
7.95,243,440.37,24.88,38.7,44.42,1.58,369.58,3.885,1451.19,normal
17.12,320,571.26,23.51,43.22,76.33,4.45,360.05,5.063,1818.41,normal
14.68,138,1000.0,22.43,52.44,84.31,1.55,352.75,8.02,2833.79,suciedad
13.47,79,1000.0,24.94,58.78,82.77,3.45,348.36,5.79,2031.79,sombreado_parcial
18.51,170,336.63,18.19,26.78,84.4,0.32,15.33,2.996,46.69,falla_inversor
17.04,123,648.19,31.18,52.6,83.54,0.43,355.23,5.546,1970.83,normal
8.12,176,512.3,14.24,28.14,56.91,0.45,377.46,2.135,792.04,sombreado_parcial
10.36,300,804.42,28.24,52.9,35.36,0.14,352.32,7.119,2496.04,normal
9.48,82,689.8,23.04,44.74,75.86,2.34,362.21,0.964,343.97,falla_panel
16.42,87,688.42,17.97,38.76,34.96,4.74,367.81,6.171,2259.31,normal
6.47,225,101.51,26.21,29.11,38.7,2.83,33.62,0.004,0.0,falla_inversor
13.98,16,909.14,15.66,41.99,36.33,2.57,363.7,7.956,2905.51,normal
16.67,310,597.69,25.24,42.43,56.05,3.42,362.54,2.758,974.41,sombreado_parcial
18.27,358,316.36,16.46,27.1,42.53,1.24,380.58,2.899,1115.9,normal
10.79,163,969.62,27.77,58.11,30.79,1.35,345.16,3.496,1179.56,falla_panel
17.5,98,546.4,19.45,35.49,51.72,1.13,370.65,2.674,979.31,sombreado_parcial
7.55,156,385.39,22.29,36.32,81.17,3.74,369.28,1.469,547.03,sombreado_parcial
17.85,2,394.13,26.76,37.25,59.94,0.53,364.43,2.097,787.53,sombreado_parcial
7.78,350,344.49,20.36,30.59,81.48,0.04,373.94,3.129,1163.93,normal
11.56,169,1000.0,24.65,55.14,33.71,2.72,349.33,8.869,3099.08,normal
17.16,315,524.06,15.92,33.22,31.69,8.56,370.13,3.544,1289.18,suciedad
8.1,325,443.37,28.79,42.71,60.29,2.82,361.61,3.892,1426.02,normal
9.21,92,651.73,35.59,55.79,52.43,4.58,353.24,4.969,1736.59,suciedad
16.11,181,858.49,41.75,65.81,66.21,3.35,341.11,4.836,1624.61,sombreado_parcial
16.08,231,802.74,25.55,51.93,75.62,2.06,355.91,7.02,2511.34,normal
14.98,301,824.81,29.73,55.18,72.59,3.8,348.93,3.551,1226.17,sombreado_parcial
15.72,148,885.63,14.32,42.17,85.96,5.21,362.45,4.026,1433.9,sombreado_parcial
13.6,280,972.5,34.02,63.28,47.88,0.76,342.78,6.586,2234.17,suciedad
9.53,189,778.77,29.66,52.64,34.45,1.23,354.07,5.194,1820.55,suciedad
10.84,347,819.27,22.1,49.95,58.56,0.76,357.36,7.286,2572.98,normal
8.54,350,514.88,32.42,45.85,27.75,1.81,360.73,0.548,196.59,falla_panel
18.72,314,238.02,23.47,29.33,40.22,6.49,374.27,2.156,807.89,normal
14.17,128,1000.0,22.25,55.72,34.55,1.27,352.29,2.916,999.55,falla_panel
11.61,7,835.25,27.85,54.91,47.76,1.41,350.36,6.969,2483.09,normal
12.47,47,921.48,18.62,46.93,27.79,5.91,359.7,8.143,2934.34,normal
19.26,53,179.55,31.13,38.61,22.23,2.17,364.32,0.942,357.94,sombreado_parcial
8.15,187,519.2,18.66,35.56,65.98,2.3,369.46,4.488,1657.26,normal
14.21,38,888.88,18.7,46.83,62.72,5.92,33.71,3.757,125.93,falla_inversor
13.08,226,1000.0,19.54,51.13,69.59,2.02,355.38,8.667,3069.84,normal
14.56,53,925.31,29.56,59.17,66.23,3.43,345.9,8.106,2802.5,normal
6.25,224,98.52,21.3,25.14,28.0,0.27,380.95,0.918,346.42,normal
18.21,154,433.59,16.91,33.76,40.38,0.59,370.13,4.017,1468.83,normal
19.05,48,147.38,21.37,25.68,29.07,1.55,375.86,0.719,281.05,sombreado_parcial
13.91,351,887.28,24.81,52.29,79.01,2.05,356.14,3.675,1314.91,sombreado_parcial
15.75,147,908.37,17.91,44.45,72.28,10.12,359.52,8.067,2916.8,normal
18.91,64,239.01,18.09,25.48,34.11,10.59,381.12,2.179,830.87,normal
15.9,349,730.69,37.67,63.3,43.89,5.72,343.14,6.183,2149.51,normal
8.14,182,513.55,19.84,37.36,87.66,1.14,369.55,4.505,1640.98,normal
14.07,125,1000.0,23.06,53.5,61.59,9.98,351.36,6.252,2182.79,suciedad
14.49,179,1000.0,22.8,54.09,76.08,3.51,354.07,7.628,2718.12,suciedad
11.94,39,902.28,22.47,48.72,38.52,1.5,356.37,6.421,2266.1,suciedad
16.31,260,761.05,28.73,51.06,34.7,3.63,0.0,0.0,25.98,falla_inversor
19.08,3,169.56,30.69,36.21,74.87,0.05,365.04,0.229,96.4,falla_panel
18.96,64,234.52,23.16,29.75,68.01,0.47,372.25,2.128,785.0,normal
12.31,29,918.15,17.58,44.71,67.67,5.31,362.8,8.215,3010.38,normal
7.59,11,347.71,32.65,44.25,58.68,3.11,360.38,1.241,453.36,falla_panel
19.79,97,48.14,24.43,25.81,59.45,1.36,375.31,0.187,63.0,sombreado_parcial
17.74,358,401.34,35.38,45.57,71.5,2.08,359.21,3.7,1297.15,normal
7.75,203,427.25,11.53,21.77,38.9,7.07,384.15,1.867,741.49,sombreado_parcial
18.89,21,267.97,26.17,33.69,44.69,3.0,9.69,3.52,34.69,falla_inversor
18.18,39,385.91,36.51,46.19,81.01,1.52,361.94,2.593,942.84,suciedad
13.26,223,1000.0,22.88,51.33,41.62,0.38,353.89,8.751,3102.59,normal
14.28,102,972.99,23.65,55.75,58.24,1.04,12.98,4.336,55.79,falla_inversor
11.59,46,878.54,26.77,54.08,69.18,11.5,33.07,0.844,25.38,falla_inversor
6.77,66,207.17,21.65,27.72,89.99,1.73,373.65,1.979,720.35,normal
10.69,91,878.75,23.13,50.31,50.47,1.92,355.34,1.264,456.88,falla_panel
17.24,164,624.86,22.97,40.79,49.97,2.07,364.8,2.321,820.24,falla_panel
6.06,111,12.12,21.24,22.23,78.98,6.47,383.35,0.113,44.75,normal
10.67,338,776.48,32.37,56.44,76.39,2.78,348.56,2.831,977.74,sombreado_parcial
11.57,123,1000.0,27.77,57.88,71.18,3.55,345.45,8.869,3056.46,normal
13.52,193,1000.0,26.5,56.84,52.43,1.48,353.14,4.999,1757.5,sombreado_parcial
18.88,99,280.75,29.85,36.78,42.68,0.09,369.13,0.617,211.79,falla_panel
10.85,291,846.45,23.41,49.26,62.61,8.02,356.76,7.192,2551.48,normal
10.86,159,997.46,20.35,51.17,81.34,8.94,357.2,8.792,3127.55,normal
16.33,103,794.29,21.38,45.56,81.86,8.94,358.47,1.505,548.91,falla_panel
12.33,281,959.49,25.01,55.08,27.59,8.63,30.86,2.699,84.61,falla_inversor
9.14,43,603.63,18.64,37.39,49.98,5.07,369.44,5.512,2022.71,normal
12.33,84,996.99,22.0,53.5,52.53,3.46,356.47,2.565,908.4,falla_panel
7.97,191,466.69,21.9,37.9,88.43,5.58,364.86,4.33,1563.91,normal
8.47,51,467.88,37.75,53.26,67.46,2.75,353.02,4.098,1454.71,normal
12.98,210,1000.0,8.36,41.04,48.51,0.43,365.37,7.029,2554.53,suciedad
11.86,126,1000.0,23.92,53.9,21.82,1.49,353.35,6.705,2374.7,suciedad
18.81,69,236.1,35.35,41.97,59.58,10.65,363.16,1.725,633.05,suciedad
11.07,265,862.75,25.73,53.67,26.73,1.3,350.82,7.575,2636.98,normal
14.13,258,929.06,29.52,59.56,78.41,6.07,342.92,8.038,2737.51,normal
14.85,188,1000.0,25.6,55.83,72.68,0.29,354.63,3.117,1101.51,falla_panel
6.18,230,30.93,21.0,22.88,52.24,1.22,385.11,0.282,115.27,normal
15.29,189,944.86,11.55,39.66,50.04,1.3,364.63,8.572,3127.03,normal
8.49,10,490.82,26.23,42.29,82.81,0.16,363.49,3.657,1326.44,suciedad
19.45,114,118.42,20.35,24.01,40.19,0.38,379.6,0.597,234.0,sombreado_parcial
8.08,76,458.08,20.2,32.44,37.43,0.64,372.21,4.081,1512.98,normal
11.8,164,1000.0,22.01,52.6,85.74,5.46,353.36,8.977,3181.1,normal
7.19,85,265.53,35.47,47.04,76.65,0.2,356.5,0.911,297.09,falla_panel
19.96,49,0.0,39.43,39.73,77.44,1.06,22.72,0.132,5.26,falla_inversor
13.03,326,894.78,26.3,57.72,33.66,0.03,349.02,7.79,2729.75,normal
14.34,177,1000.0,22.21,51.3,30.03,3.57,351.61,5.544,1935.66,sombreado_parcial
6.94,218,210.03,17.94,25.63,21.82,2.91,377.84,1.928,698.63,normal
16.5,189,798.75,27.81,48.97,36.59,3.11,354.29,5.26,1874.03,suciedad
8.94,346,598.88,35.7,54.41,74.19,1.41,349.84,5.208,1825.88,normal
18.57,230,344.66,23.52,35.23,36.8,0.7,369.68,2.562,938.68,suciedad
8.87,255,638.36,10.73,31.93,71.04,3.82,372.98,3.822,1416.23,sombreado_parcial
8.67,236,603.12,29.02,46.67,37.63,5.0,358.99,2.511,898.82,sombreado_parcial
6.51,26,94.71,30.91,35.43,47.67,0.45,374.15,0.098,21.96,falla_panel
12.61,72,986.48,15.48,45.51,88.82,2.0,361.02,8.56,3084.88,normal
13.91,261,1000.0,26.06,57.06,37.14,0.86,350.2,6.909,2414.02,suciedad
6.92,254,197.48,27.71,33.23,46.35,0.55,372.31,1.839,655.58,normal
16.86,271,617.95,24.56,42.17,41.08,3.98,360.7,5.578,2015.02,normal
12.35,123,1000.0,20.26,53.86,27.67,2.32,352.23,8.762,3090.34,normal
13.34,144,1000.0,31.1,62.42,54.29,0.73,344.36,8.699,3000.76,normal
12.17,257,971.95,22.58,54.58,46.51,1.11,353.26,8.239,2920.91,normal
11.61,144,1000.0,16.09,48.91,68.64,10.2,354.97,6.595,2343.1,suciedad
13.83,259,992.74,12.7,42.27,77.23,5.67,362.35,3.849,1405.8,sombreado_parcial
8.17,47,462.82,32.57,48.85,58.1,6.36,355.06,1.104,383.84,falla_panel
8.55,351,480.93,28.7,44.48,22.25,1.85,360.05,2.117,753.53,sombreado_parcial
18.06,13,359.44,25.53,35.2,63.32,2.93,369.62,3.308,1218.24,normal
19.25,208,155.88,22.36,27.9,23.88,1.42,374.75,1.433,529.4,normal
11.23,311,835.35,21.83,46.4,63.14,0.24,361.23,1.006,348.57,falla_panel
9.79,235,792.88,18.55,45.73,67.95,1.54,358.23,6.899,2489.91,normal
15.02,149,993.23,22.41,54.67,33.84,2.7,353.09,8.563,3018.76,normal
11.72,322,889.3,12.28,39.96,77.35,1.02,364.79,8.054,2908.58,normal
6.36,155,57.55,20.58,24.28,83.78,5.65,379.65,0.523,208.65,normal
8.19,166,518.04,23.13,36.95,76.92,0.49,370.26,2.179,760.51,sombreado_parcial
16.02,90,771.33,28.66,51.64,41.36,1.37,355.88,6.727,2399.54,normal
15.22,186,970.94,24.76,54.72,61.07,0.4,352.6,4.95,1741.02,sombreado_parcial
6.38,318,87.66,29.77,35.86,84.04,1.56,366.15,0.779,280.01,normal
9.11,358,554.7,33.09,48.82,42.45,0.12,359.75,3.433,1260.61,suciedad
9.24,174,749.51,31.35,52.21,77.4,0.95,357.02,5.555,1997.68,suciedad
15.41,217,964.99,27.82,55.81,20.66,1.54,350.14,3.592,1246.09,sombreado_parcial
6.28,264,78.42,25.07,28.88,20.26,1.95,374.32,0.651,248.11,normal
7.46,97,327.28,19.12,28.45,73.18,2.35,374.23,2.828,1074.5,normal
17.2,117,616.64,29.44,48.47,73.3,0.96,357.03,4.581,1613.9,suciedad
8.5,199,575.02,35.08,54.19,75.23,2.22,350.01,5.128,1789.46,normal
15.14,320,797.69,27.05,51.74,85.1,2.13,354.08,6.99,2477.52,normal
9.33,21,627.6,36.5,56.42,28.25,1.14,348.96,1.925,632.05,falla_panel
7.39,200,311.63,15.85,26.39,36.24,5.32,0.0,0.0,52.7,falla_inversor
9.4,341,586.47,18.08,35.76,83.26,2.37,368.36,1.762,668.19,falla_panel
16.11,248,789.27,30.13,54.55,32.41,1.21,6.83,4.039,27.73,falla_inversor
17.98,276,428.31,26.59,40.33,67.76,8.83,363.54,1.006,360.76,falla_panel
17.62,264,495.71,32.88,49.68,57.13,5.6,355.78,3.58,1265.63,suciedad
11.56,58,887.57,24.91,51.46,25.82,12.15,356.59,7.615,2728.49,normal
15.35,302,815.27,19.79,40.74,39.97,3.54,14.28,5.073,73.43,falla_inversor
8.87,31,535.73,23.72,41.48,56.43,1.43,362.42,1.543,548.58,falla_panel
10.1,249,811.73,15.8,42.56,79.66,0.99,363.49,7.008,2555.34,normal
18.55,93,362.34,18.23,29.85,69.53,3.27,377.65,3.246,1225.74,normal
6.18,265,53.68,30.83,32.91,63.53,11.86,373.28,0.459,169.71,normal
7.2,271,234.16,30.24,36.71,54.72,2.96,33.97,0.048,0.0,falla_inversor
8.91,94,596.65,27.18,46.57,40.91,6.4,358.09,2.976,1074.96,sombreado_parcial
6.37,154,94.25,14.67,18.9,28.35,1.2,384.75,0.963,340.06,normal
8.54,285,491.74,22.85,38.3,48.64,1.57,366.64,4.34,1593.94,normal
14.16,80,926.13,17.65,50.33,22.0,7.1,8.3,10.462,87.37,falla_inversor
11.9,292,933.18,32.06,58.88,34.77,4.24,348.0,4.533,1594.87,sombreado_parcial
18.5,84,339.52,21.5,32.35,50.27,11.96,376.59,2.841,1089.78,normal
17.44,365,498.36,18.49,32.3,49.3,4.47,374.71,4.471,1689.07,normal
10.79,37,825.02,25.18,52.28,23.1,1.79,349.02,7.187,2503.99,normal
9.63,342,655.13,21.16,39.26,61.23,2.27,365.43,5.996,2172.54,normal
11.32,327,832.92,33.9,57.93,58.48,6.92,348.57,3.521,1266.06,sombreado_parcial
14.26,232,1000.0,20.59,50.89,25.47,2.41,355.73,4.827,1701.23,sombreado_parcial
9.75,93,793.23,16.6,41.79,86.02,0.88,364.17,7.193,2593.8,normal
14.74,336,826.67,12.08,37.02,26.96,1.72,365.13,5.042,1803.56,sombreado_parcial
11.73,102,974.85,24.82,54.4,79.84,2.18,348.54,8.645,3005.94,normal
13.73,166,1000.0,21.63,52.61,20.02,0.31,353.68,1.238,469.26,falla_panel
12.11,159,1000.0,16.43,47.31,81.76,4.08,357.98,8.495,3065.17,normal
10.12,14,730.29,32.14,57.19,21.38,0.35,351.96,6.253,2185.03,normal
19.28,225,128.14,29.0,34.04,73.05,1.56,371.42,1.168,432.1,normal
16.69,73,676.9,24.83,45.5,45.32,4.9,362.06,5.913,2152.15,normal
7.96,249,448.79,33.19,50.36,71.68,1.89,357.21,3.754,1367.63,normal
18.16,91,373.16,28.98,41.37,48.12,5.54,364.3,3.258,1206.66,normal
12.82,216,1000.0,20.06,49.86,24.96,1.26,358.59,7.142,2551.54,suciedad
18.52,90,332.41,18.76,29.54,73.73,9.48,374.76,3.16,1175.37,normal
17.2,29,540.03,29.91,47.59,24.99,0.71,358.43,4.757,1687.7,normal
11.95,305,917.95,27.38,55.03,84.55,0.12,351.6,3.202,1102.47,falla_panel
6.31,220,72.42,26.02,26.7,23.57,6.18,376.69,0.647,260.42,normal
9.76,328,705.14,19.92,42.09,53.55,4.19,361.44,5.574,1998.15,suciedad
13.58,215,1000.0,28.65,59.36,70.61,0.79,344.78,8.616,2983.43,normal
14.87,221,953.54,20.47,52.48,47.53,12.55,351.79,8.354,2941.0,normal
9.61,42,659.06,24.39,46.1,35.21,2.09,359.68,5.504,1992.9,normal
7.95,135,473.06,33.68,47.5,73.14,9.05,359.23,4.199,1494.67,normal
17.69,42,466.08,21.03,36.24,74.9,2.11,366.8,1.102,415.03,falla_panel
19.78,164,66.52,15.56,19.54,84.59,1.92,385.29,0.675,247.75,normal
13.36,361,910.11,18.68,45.03,46.33,1.79,360.45,3.602,1289.82,sombreado_parcial
8.4,283,455.43,30.97,43.66,55.44,1.22,364.12,2.625,934.97,sombreado_parcial
9.81,58,704.17,26.53,48.52,45.42,2.29,356.65,6.017,2135.41,normal
6.26,302,33.7,24.23,25.33,38.0,1.81,382.85,0.308,82.32,suciedad
18.8,322,226.95,21.95,28.96,72.57,0.11,377.76,1.958,751.95,normal
7.65,25,323.8,27.91,37.56,43.78,0.91,367.4,2.143,772.7,suciedad
14.07,73,979.55,19.91,50.03,49.97,0.72,355.13,7.413,2625.54,suciedad
9.84,129,839.1,26.83,53.63,48.26,6.06,354.57,7.116,2536.54,normal
13.76,87,991.54,20.61,53.3,69.89,2.74,352.45,8.359,2929.07,normal
15.12,330,802.38,19.61,43.97,84.25,4.33,362.06,7.162,2577.62,normal
17.62,153,544.11,21.18,41.84,66.67,9.43,362.98,4.773,1744.12,normal
8.89,182,665.14,22.75,46.47,53.01,3.1,358.49,5.692,2070.61,normal
6.15,125,41.0,24.71,27.98,74.54,12.16,27.4,0.574,15.88,falla_inversor
7.92,67,423.78,26.41,40.59,64.87,1.12,367.93,3.648,1354.79,normal
18.6,6,295.39,5.0,17.24,24.24,0.62,386.58,2.765,1065.75,normal
18.23,125,366.85,20.15,31.18,26.7,1.55,374.4,3.321,1243.21,normal
14.36,314,876.6,22.65,48.8,22.65,1.91,358.38,7.505,2657.59,normal
14.41,326,893.82,34.03,61.17,51.98,6.77,348.35,7.674,2686.24,normal
15.31,53,820.88,18.52,42.67,77.81,2.46,362.1,7.254,2615.87,normal
8.46,66,533.78,25.98,42.84,41.92,1.04,358.45,4.769,1733.7,normal
18.8,314,238.94,33.97,41.89,46.89,4.07,364.14,2.013,750.96,normal
11.86,82,974.44,17.12,47.87,83.66,2.11,359.27,4.285,1547.46,sombreado_parcial
11.36,87,921.84,27.36,56.15,78.58,0.53,349.32,2.275,809.32,falla_panel
13.26,2,879.01,20.19,47.86,66.55,2.58,359.38,7.829,2805.87,normal
6.66,204,173.95,21.97,30.01,38.68,7.27,375.24,1.199,450.26,suciedad
8.33,150,563.19,20.18,38.71,28.19,5.55,366.27,5.043,1831.84,normal
16.33,293,696.96,20.61,43.77,21.12,2.65,364.82,4.34,1602.02,suciedad
7.16,103,242.56,41.33,49.2,27.49,1.42,356.37,2.201,781.12,normal
14.44,24,870.95,30.07,54.86,40.48,0.27,354.95,6.581,2349.27,suciedad
9.43,212,775.06,31.61,53.11,58.63,1.9,353.36,1.601,543.24,falla_panel
11.45,65,950.98,27.95,60.79,24.48,4.18,344.33,7.106,2464.61,suciedad
10.04,209,844.01,15.36,40.94,29.54,1.34,361.05,5.968,2186.61,suciedad
10.98,251,883.44,27.37,54.05,32.68,0.81,354.78,4.762,1699.95,sombreado_parcial
16.07,117,835.17,31.44,57.9,64.24,8.04,350.65,7.164,2531.69,normal
10.16,116,844.83,19.88,47.11,63.11,5.17,360.59,4.12,1483.0,sombreado_parcial
13.93,237,1000.0,30.79,63.06,58.55,3.05,346.41,8.414,2904.76,normal
12.66,105,1000.0,29.23,63.14,37.54,0.44,347.36,8.658,2994.81,normal
15.29,259,858.27,36.11,65.18,45.98,0.47,337.55,7.445,2549.1,normal
19.12,46,187.43,22.49,27.13,26.77,0.33,374.43,1.184,429.75,sombreado_parcial
16.26,311,715.71,18.41,42.23,35.85,2.87,363.07,6.256,2267.22,normal
9.01,331,564.34,22.83,39.89,82.84,0.37,367.81,2.516,912.63,sombreado_parcial
6.44,216,84.13,33.61,36.04,88.58,5.55,370.09,0.427,141.64,sombreado_parcial
9.67,301,656.9,14.03,32.92,65.34,14.87,373.06,6.031,2261.3,normal
14.33,333,850.74,12.59,36.64,84.18,1.37,368.06,7.688,2846.26,normal
6.72,24,139.44,25.54,29.85,64.99,1.81,5.48,0.166,0.82,falla_inversor
12.95,35,946.39,22.34,50.49,22.32,3.73,355.59,2.413,840.81,falla_panel
14.36,24,853.28,25.05,53.1,89.77,8.3,352.79,7.334,2609.31,normal
10.68,28,830.84,30.67,56.21,26.93,6.74,349.45,7.031,2455.98,normal
16.79,16,573.62,21.68,40.07,67.78,0.18,366.94,4.982,1837.64,normal
7.49,59,363.67,13.76,27.18,37.7,0.56,377.91,3.191,1215.78,normal
7.05,243,276.08,37.27,43.67,47.44,4.21,363.15,2.414,883.72,normal
16.19,207,818.24,19.02,43.5,65.22,3.5,362.2,2.719,972.78,falla_panel
12.94,271,952.37,18.65,48.68,50.55,0.43,19.53,7.789,151.54,falla_inversor
15.64,249,847.9,31.62,58.59,37.54,2.09,345.88,6.381,2222.27,suciedad
12.09,267,963.8,22.69,54.47,43.41,4.55,349.18,8.297,2920.94,normal
9.45,193,738.65,24.62,49.0,43.91,0.74,356.52,6.517,2304.29,normal
17.47,335,492.98,27.9,43.45,87.15,6.15,364.0,2.913,1045.76,sombreado_parcial
17.19,218,613.65,31.5,51.13,75.9,0.16,354.45,3.39,1179.65,sombreado_parcial
15.73,115,850.8,23.0,50.08,52.1,4.57,360.24,7.356,2640.11,normal
9.81,68,735.0,34.12,54.88,33.99,2.87,349.57,4.543,1564.66,sombreado_parcial
14.26,299,892.16,12.19,39.83,76.77,1.14,365.52,7.011,2605.16,suciedad
11.05,325,867.95,29.56,57.05,31.0,3.83,345.87,6.861,2375.1,suciedad
7.28,75,270.61,19.96,29.11,34.73,4.57,379.05,1.675,647.89,sombreado_parcial
18.84,103,275.58,33.23,40.46,45.62,8.15,365.07,2.017,700.2,suciedad
7.92,297,396.31,25.85,36.33,81.62,1.38,364.52,3.658,1355.32,normal
19.3,178,178.22,20.96,26.18,29.23,3.48,378.25,0.907,368.57,sombreado_parcial
12.24,215,1000.0,28.98,63.18,28.56,2.77,338.58,8.366,2843.25,normal
8.59,315,523.84,30.36,45.5,54.58,2.23,362.96,4.653,1698.54,normal
13.59,39,932.38,28.85,59.75,39.35,6.63,345.17,8.066,2790.77,normal
18.22,259,395.48,18.82,33.56,59.81,0.01,371.95,3.547,1302.48,normal
16.25,204,809.65,22.1,47.47,51.61,0.99,26.03,5.202,133.46,falla_inversor
17.29,7,513.91,24.98,40.02,50.45,2.32,365.34,4.519,1633.11,normal
15.22,49,815.24,24.75,51.0,27.84,0.59,356.91,2.973,1016.8,falla_panel
15.69,26,755.87,29.5,53.41,29.87,7.15,352.2,6.584,2296.41,normal
17.89,161,505.98,12.91,27.43,77.48,3.13,378.8,4.461,1701.64,normal
9.5,357,643.89,27.01,46.14,82.01,1.95,354.29,3.186,1130.76,sombreado_parcial
12.85,176,1000.0,23.26,55.19,36.43,5.06,348.77,8.753,3038.93,normal
9.1,79,634.59,19.97,41.2,27.94,1.8,364.71,2.648,986.89,sombreado_parcial
19.83,2,33.82,20.55,21.12,23.74,2.45,382.25,0.309,123.96,normal
19.22,132,177.41,23.71,29.15,62.58,0.01,378.4,1.397,516.25,suciedad
6.55,276,126.97,5.0,9.97,70.07,1.37,395.95,1.273,466.02,normal
15.88,117,841.67,20.79,46.84,46.1,0.45,361.98,3.197,1156.53,sombreado_parcial
18.95,164,259.39,19.75,27.4,67.58,3.51,377.92,2.379,895.4,normal
8.53,288,534.53,28.2,43.77,69.91,1.96,360.68,4.318,1548.21,suciedad
13.95,28,886.86,20.17,46.72,85.47,1.08,360.59,3.711,1369.39,sombreado_parcial
18.82,333,249.74,23.71,35.52,24.54,1.89,367.9,2.226,825.54,normal
6.48,1,96.7,34.25,36.98,33.46,0.71,368.04,0.799,309.72,normal
15.76,188,932.19,30.97,62.14,24.8,7.77,345.53,5.684,1950.57,sombreado_parcial
10.16,56,767.48,30.41,56.92,80.76,0.17,348.26,1.749,616.59,falla_panel
18.94,35,232.74,22.0,29.0,75.48,6.02,380.98,2.142,792.83,normal
19.59,112,95.86,28.26,31.81,60.22,2.15,374.98,0.743,270.41,suciedad
19.22,286,139.58,23.6,28.11,25.86,2.89,375.2,0.881,333.58,sombreado_parcial
12.64,310,913.59,23.82,49.95,39.13,1.08,358.21,3.346,1208.8,sombreado_parcial
18.07,36,408.72,27.46,37.9,40.84,10.21,28.73,0.888,26.53,falla_inversor
17.82,217,493.63,21.42,36.92,59.25,0.99,365.66,2.083,732.02,sombreado_parcial
10.47,80,798.41,33.96,58.27,38.06,2.67,350.95,4.958,1775.8,suciedad
17.6,314,471.67,24.04,41.62,25.11,15.0,361.69,2.124,769.7,sombreado_parcial
6.52,83,94.75,28.71,31.32,71.15,6.39,373.98,0.853,317.31,normal
14.35,65,932.87,33.73,65.81,40.94,2.31,341.58,4.442,1555.86,sombreado_parcial
9.22,325,634.16,31.19,50.29,51.67,13.93,354.65,1.204,403.63,falla_panel
7.69,128,412.36,16.55,32.3,28.94,3.63,371.74,3.062,1134.21,suciedad
7.08,307,253.54,27.67,36.35,76.18,0.7,367.5,2.339,846.29,normal
15.75,22,736.01,30.1,53.95,59.59,1.56,351.42,6.387,2231.59,normal
10.76,216,936.13,30.35,58.84,83.11,1.22,345.87,4.35,1488.74,sombreado_parcial
16.15,107,774.1,18.32,43.38,54.68,1.26,364.77,3.372,1215.16,sombreado_parcial
6.91,109,199.96,21.06,29.85,85.9,4.29,372.46,1.875,683.45,normal
10.41,357,734.27,30.97,53.7,82.43,2.63,356.33,6.5,2309.28,normal
13.55,181,1000.0,20.43,51.17,60.35,0.12,354.87,7.852,2768.81,suciedad
17.07,356,577.36,23.2,40.87,85.37,6.3,360.73,4.402,1538.72,suciedad
10.46,164,883.95,34.46,64.51,42.62,1.06,344.01,6.601,2285.61,suciedad
14.76,68,931.28,24.71,55.1,45.59,15.0,350.63,2.766,960.91,falla_panel
18.4,292,358.47,20.64,34.01,23.18,9.25,369.05,3.202,1166.28,normal
14.62,180,1000.0,19.73,51.45,61.24,8.47,354.19,1.43,533.9,falla_panel
9.26,181,711.85,27.0,49.3,70.53,5.0,355.37,3.993,1385.42,sombreado_parcial
6.34,169,52.59,17.0,19.28,74.15,0.75,32.47,0.033,0.0,falla_inversor
18.18,22,352.53,23.52,36.14,30.49,2.28,367.86,3.129,1145.33,normal
6.3,66,77.68,27.0,29.06,51.09,0.76,373.5,0.664,254.84,normal
18.25,21,351.02,32.79,45.82,32.38,0.9,358.81,2.761,975.35,suciedad
13.41,100,1000.0,29.01,60.8,66.35,2.83,344.0,1.338,479.39,falla_panel
19.15,300,201.78,20.72,23.41,31.06,0.13,383.66,1.675,609.33,suciedad
17.18,103,647.35,32.07,53.63,83.29,10.47,353.21,4.214,1470.02,suciedad
19.97,47,1.61,23.2,21.34,36.14,7.53,380.54,0.0,0.0,normal
10.91,39,836.35,17.59,45.01,40.4,1.44,358.88,6.061,2149.22,suciedad
16.74,285,612.51,23.97,44.46,79.56,2.17,360.62,4.592,1687.26,suciedad
11.63,310,875.11,33.63,61.47,52.09,1.88,341.67,5.526,1905.13,suciedad
12.72,90,1000.0,25.99,58.06,21.68,6.42,346.38,5.509,1907.05,sombreado_parcial
14.79,85,935.85,25.08,55.97,54.62,3.5,351.23,7.853,2756.3,normal
18.23,273,369.42,34.82,45.62,25.92,0.98,364.04,1.921,691.12,sombreado_parcial
19.78,336,39.73,16.41,18.84,88.97,1.78,382.17,0.38,141.35,normal
16.76,188,720.22,17.29,41.54,61.17,1.68,35.09,2.562,87.71,falla_inversor
11.85,159,1000.0,15.3,49.2,37.96,9.61,357.76,5.733,2076.93,sombreado_parcial
11.9,243,1000.0,27.24,56.83,59.46,0.58,347.5,3.649,1301.23,sombreado_parcial
16.33,73,685.97,26.0,48.05,25.38,0.28,14.0,3.252,46.51,falla_inversor
9.34,49,645.58,34.26,52.99,75.99,6.38,354.25,5.595,2004.85,normal
7.55,101,359.17,26.46,36.18,84.77,6.81,371.07,3.22,1193.98,normal
10.96,2,798.67,22.58,48.07,81.21,6.16,359.73,3.823,1377.7,sombreado_parcial
10.02,244,799.8,25.01,50.12,43.92,2.15,358.29,6.777,2422.21,normal
10.15,176,873.08,25.71,54.71,42.8,3.23,349.28,7.785,2712.58,normal
9.27,238,687.61,14.97,35.94,22.46,2.49,371.22,2.371,874.62,falla_panel
6.59,59,127.31,41.26,45.04,65.6,0.22,361.07,0.388,167.39,sombreado_parcial
6.25,353,53.09,28.12,30.1,57.44,2.72,376.32,0.458,175.82,normal
19.83,99,0.0,26.26,24.97,52.15,0.04,378.68,0.0,0.0,normal
11.99,359,890.39,28.69,55.43,83.53,1.18,349.8,7.762,2693.4,normal
11.38,2,837.85,29.26,57.11,31.75,8.08,348.33,4.028,1396.41,sombreado_parcial
15.52,243,911.41,24.16,51.81,20.68,1.09,355.99,8.004,2815.5,normal
9.06,297,573.92,21.21,40.92,25.13,8.43,364.71,0.532,211.46,falla_panel
19.3,211,151.34,28.6,34.24,35.64,0.86,370.15,0.836,314.36,sombreado_parcial
17.01,123,659.83,27.31,45.61,22.33,1.13,359.74,5.852,2088.02,normal
7.25,229,300.59,20.14,30.33,55.2,2.97,377.44,2.674,1018.16,normal
11.85,82,930.98,33.51,63.39,41.99,4.3,344.52,3.841,1316.37,sombreado_parcial
18.31,144,387.18,26.76,39.49,32.63,2.09,367.15,3.497,1294.5,normal
19.23,140,199.42,29.38,35.4,72.51,6.41,370.65,1.186,417.2,sombreado_parcial
12.54,29,899.26,33.35,60.04,34.31,0.12,348.85,2.028,731.49,falla_panel
14.59,270,952.53,25.13,56.92,68.13,7.66,347.56,8.419,2892.25,normal
8.34,247,505.13,26.9,42.53,44.45,0.66,365.11,4.404,1593.3,normal
19.88,12,7.2,29.86,28.76,55.83,6.47,376.58,0.113,32.66,suciedad
9.24,355,610.94,20.65,40.43,85.37,1.54,363.48,5.432,1966.57,normal
19.2,337,193.94,25.32,30.27,22.61,5.36,374.95,1.677,641.05,normal
15.1,106,938.42,25.75,53.66,55.02,3.34,352.23,8.031,2815.7,normal
14.51,32,899.1,19.26,46.8,79.81,0.58,359.98,1.571,574.06,falla_panel
13.18,74,1000.0,38.91,69.16,61.16,7.5,339.85,2.939,1033.82,falla_panel
9.23,171,710.74,16.56,37.4,39.38,0.85,365.96,6.463,2362.94,normal
8.47,337,494.87,17.21,33.89,47.84,0.84,374.99,2.678,1017.31,sombreado_parcial
9.09,69,596.11,32.89,51.34,67.62,5.05,351.61,5.09,1786.46,normal
8.61,301,527.28,29.28,47.64,82.36,0.34,357.02,3.272,1167.59,sombreado_parcial
16.91,362,573.8,18.84,35.49,22.87,0.75,373.97,4.904,1859.82,normal
10.9,137,990.12,28.64,56.99,25.01,2.1,346.64,8.808,3024.75,normal
6.81,100,210.26,33.81,40.6,42.75,5.32,364.0,1.633,605.88,suciedad
19.57,146,117.1,24.82,31.26,36.29,0.48,372.49,1.156,410.07,normal
18.37,9,329.45,40.59,51.68,38.55,2.38,349.81,2.936,1038.86,normal
18.99,62,228.33,14.66,26.61,35.49,3.73,378.25,1.466,553.47,suciedad
19.93,185,18.79,29.16,30.25,33.71,5.91,375.9,0.145,48.42,suciedad
8.43,29,478.34,32.0,47.3,29.14,8.23,359.7,2.555,955.09,sombreado_parcial
11.55,114,1000.0,30.35,58.37,85.38,4.61,347.11,1.312,465.44,falla_panel
16.62,143,780.7,23.77,48.81,30.09,3.17,353.41,6.855,2417.32,normal
15.74,120,865.34,23.26,50.55,34.31,1.71,354.32,7.335,2597.33,normal
8.15,170,516.09,27.66,43.18,37.24,0.36,360.91,4.629,1669.37,normal
17.42,157,601.51,29.89,48.49,85.31,3.71,358.18,5.132,1821.39,normal
9.14,335,554.41,28.61,45.84,72.9,14.78,359.05,4.914,1778.35,normal
9.13,349,575.44,31.24,48.95,75.28,4.0,358.02,2.173,776.25,sombreado_parcial
13.52,260,1000.0,18.89,53.27,27.33,0.05,349.25,8.723,3069.75,normal
14.3,82,945.98,23.63,52.64,78.54,2.06,354.96,8.21,2922.72,normal
14.12,242,1000.0,19.36,50.86,48.57,2.86,356.4,8.671,3067.81,normal
7.28,172,335.26,22.68,32.55,38.4,3.51,370.56,3.124,1157.07,normal
18.28,231,402.94,31.09,44.86,60.3,3.82,359.63,1.656,603.67,sombreado_parcial
9.72,208,811.87,25.65,51.28,77.55,2.45,354.32,6.934,2470.99,normal
7.81,75,374.0,40.64,51.91,74.51,0.76,356.53,3.125,1138.55,normal
18.44,270,332.72,26.16,33.67,82.3,8.55,12.88,2.456,31.0,falla_inversor
19.38,114,175.37,25.36,31.2,84.97,3.58,374.71,1.52,529.48,suciedad
18.07,62,394.63,25.64,37.51,36.67,0.81,368.05,1.581,589.54,sombreado_parcial
17.33,362,528.8,21.17,37.61,49.67,1.17,369.78,2.976,1133.82,sombreado_parcial
15.17,320,782.02,24.65,47.32,21.02,7.65,359.07,4.295,1514.29,sombreado_parcial
13.71,102,999.8,31.77,65.16,81.55,6.55,339.3,8.315,2836.42,normal
7.22,362,281.2,25.68,35.76,30.82,1.56,369.2,2.58,945.24,normal
11.72,210,1000.0,20.24,53.64,80.3,0.12,354.74,6.123,2162.51,sombreado_parcial
11.22,255,922.16,19.45,49.99,43.06,0.15,356.86,8.354,2961.12,normal
9.64,20,693.14,22.3,44.85,45.77,1.0,358.64,6.098,2190.92,normal
16.13,58,760.3,25.44,47.49,22.74,2.98,362.14,6.549,2363.27,normal
12.94,112,1000.0,32.16,66.18,42.88,2.63,339.62,8.506,2894.19,normal
7.13,313,221.23,16.96,22.48,82.19,3.01,384.2,0.505,232.22,falla_panel
9.08,196,690.21,23.08,44.25,21.79,3.79,364.5,5.927,2168.07,normal
15.57,353,761.16,25.87,50.71,48.44,0.06,357.65,6.669,2378.4,normal
7.07,92,255.65,14.0,23.12,22.2,0.33,379.99,1.475,579.33,sombreado_parcial
17.92,52,419.55,20.0,33.97,45.96,1.34,373.64,1.784,664.75,sombreado_parcial
12.93,293,953.18,20.92,50.11,32.08,0.5,356.6,4.412,1568.57,sombreado_parcial
12.73,8,909.1,20.22,47.72,37.66,0.23,355.75,8.217,2899.34,normal
14.29,300,926.25,26.15,58.9,81.43,3.07,347.61,7.739,2706.34,normal
17.55,98,554.4,24.04,41.3,50.52,5.07,362.5,3.865,1396.72,suciedad
10.87,236,896.84,21.67,49.45,39.17,4.19,357.55,7.566,2724.81,normal
15.49,69,827.42,27.57,52.35,61.25,5.1,355.58,7.003,2528.97,normal
13.92,45,904.71,35.34,63.98,29.95,3.29,30.22,0.876,27.18,falla_inversor
9.74,137,817.1,34.84,60.67,38.16,3.99,345.96,6.924,2404.9,normal
18.3,234,408.12,13.46,26.19,58.24,0.95,377.03,3.643,1367.06,normal
17.16,32,552.63,28.46,46.3,36.63,14.89,357.35,5.021,1773.51,normal
15.22,289,834.57,23.93,52.66,67.54,0.61,355.08,7.139,2532.95,normal
17.91,126,485.94,25.93,40.22,54.4,0.72,367.48,4.171,1544.83,normal
18.14,67,400.13,22.61,35.18,74.04,1.02,371.42,3.573,1342.44,normal
15.92,30,720.34,25.71,47.24,86.38,11.11,357.15,6.329,2239.69,normal
17.72,114,492.65,25.91,41.75,28.11,13.34,362.81,4.3,1547.54,normal
15.76,204,841.43,21.53,46.97,43.43,4.75,357.98,7.46,2686.27,normal
15.52,29,804.49,19.62,43.97,42.37,2.98,358.97,5.46,1984.64,suciedad
14.66,131,1000.0,22.31,51.37,30.58,2.2,355.95,6.547,2346.21,suciedad
16.54,185,776.45,26.41,50.82,76.72,10.58,355.19,6.896,2431.92,normal
8.22,253,510.99,28.59,45.21,73.19,3.57,4.25,1.634,7.15,falla_inversor
18.33,286,326.08,30.12,43.1,53.91,8.69,360.86,1.974,704.07,sombreado_parcial
18.21,62,345.17,22.03,33.53,57.64,1.14,371.61,2.798,1008.46,suciedad
6.41,3,90.54,26.7,28.86,24.17,1.22,373.84,0.77,302.77,normal
17.56,68,515.5,30.78,44.84,58.89,5.79,360.38,3.315,1201.57,suciedad
7.8,25,327.3,31.99,40.39,75.39,0.49,366.96,0.402,148.21,falla_panel
10.69,179,962.12,24.65,52.77,60.17,8.75,353.73,8.129,2903.8,normal
16.41,141,775.95,23.67,50.74,38.57,2.12,353.61,4.62,1646.42,sombreado_parcial
8.25,231,492.67,26.15,41.97,66.73,7.83,360.88,3.54,1274.17,suciedad
17.45,300,501.98,18.1,32.91,45.3,1.23,371.81,4.392,1651.03,normal
17.65,163,504.25,23.84,38.16,58.14,3.78,367.91,4.526,1625.83,normal
13.1,311,913.8,29.47,56.74,54.13,1.98,351.49,7.758,2735.45,normal
6.09,130,7.5,28.85,28.17,46.68,2.96,375.49,0.0,0.0,normal
10.02,246,817.54,23.38,50.9,70.32,2.11,353.85,7.047,2503.72,normal
14.64,297,877.9,26.31,53.7,81.87,10.24,356.99,4.939,1767.34,sombreado_parcial
19.74,172,77.75,20.05,20.31,20.36,3.53,384.41,0.281,121.86,sombreado_parcial
14.85,64,839.59,29.22,58.92,85.35,0.87,349.68,1.671,620.44,falla_panel
9.64,31,657.34,24.53,43.36,55.81,7.21,360.02,2.553,925.53,sombreado_parcial
14.88,47,874.7,23.34,49.79,69.05,1.04,357.09,7.803,2753.95,normal
13.56,130,1000.0,22.83,56.04,79.89,1.39,351.98,8.716,3039.08,normal
16.92,352,590.96,24.62,43.71,52.7,0.32,362.34,0.533,212.38,falla_panel
7.5,333,262.81,22.31,29.82,78.45,6.91,371.94,2.331,896.86,normal
16.65,110,730.5,28.95,49.93,32.43,1.01,354.5,5.185,1874.45,suciedad
13.58,69,960.16,22.63,51.18,31.14,0.9,355.86,8.178,2927.67,normal
19.48,58,96.99,34.56,36.23,66.02,7.59,366.14,0.879,331.98,normal
10.79,106,936.99,33.79,63.08,80.91,4.91,348.89,7.918,2755.38,normal
14.86,300,882.67,19.65,47.52,82.47,0.46,360.88,7.784,2816.49,normal
19.05,330,213.17,25.42,31.86,65.06,4.4,370.47,1.623,584.89,suciedad
7.44,256,360.81,21.1,32.31,56.78,7.33,373.58,2.189,806.55,sombreado_parcial
19.12,312,206.52,23.04,27.92,43.2,0.25,377.38,1.916,716.61,normal
15.63,171,897.97,37.01,65.52,88.6,5.23,343.69,5.791,1992.37,suciedad
6.95,162,235.22,23.15,32.43,42.38,2.38,367.95,2.259,813.13,normal
10.21,286,771.68,27.16,51.03,72.09,3.32,355.61,6.751,2389.35,normal
15.91,71,822.0,28.25,53.66,57.24,2.04,350.37,2.837,1019.64,falla_panel
6.94,255,234.81,19.0,26.46,62.6,3.59,379.49,2.158,808.98,normal
14.15,55,922.75,19.87,50.38,47.54,0.1,353.71,6.733,2391.75,suciedad
10.84,323,826.23,17.76,42.24,87.54,4.32,366.36,6.075,2208.84,suciedad
14.69,3,813.98,19.68,47.3,60.02,0.1,359.44,7.22,2583.23,normal
6.64,26,136.74,7.9,12.8,85.65,1.82,387.98,1.424,519.1,normal
18.2,313,343.96,28.27,39.06,20.53,0.49,361.54,3.034,1133.15,normal
19.63,126,55.34,37.33,40.87,60.09,5.2,365.92,0.588,209.53,normal
19.56,53,108.93,25.89,27.52,70.2,1.13,376.22,0.808,316.14,suciedad
16.5,198,789.47,16.5,41.96,72.16,1.82,365.04,6.967,2504.51,normal
7.82,299,383.18,21.14,33.76,83.35,1.68,370.36,3.307,1281.13,normal
16.62,188,750.86,22.25,44.31,20.31,4.44,364.06,2.833,1023.46,sombreado_parcial
6.34,186,59.31,18.89,21.44,20.02,1.97,385.4,0.292,101.9,sombreado_parcial
6.31,305,41.58,30.16,31.89,53.06,4.67,374.32,0.098,76.61,sombreado_parcial
10.53,298,782.17,29.86,54.04,22.05,0.23,350.62,5.501,1919.69,suciedad
12.84,204,1000.0,18.07,50.61,88.22,0.64,354.5,4.767,1725.65,sombreado_parcial
16.79,11,620.62,29.35,47.89,35.54,2.41,357.74,4.767,1718.45,suciedad
15.57,359,776.41,34.16,58.83,53.09,8.82,345.76,6.769,2333.32,normal
12.24,354,854.06,36.42,62.91,24.28,0.23,345.31,3.858,1348.92,sombreado_parcial
9.83,146,812.45,42.19,66.66,56.54,0.13,339.77,6.757,2294.56,normal
19.96,85,0.0,19.59,20.34,46.6,0.51,19.41,0.0,0.0,falla_inversor
11.97,100,955.45,41.95,71.49,23.13,3.07,334.79,7.853,2620.24,normal
12.32,104,1000.0,22.87,51.92,43.46,1.53,32.59,4.395,144.97,falla_inversor
8.29,46,459.61,21.45,33.11,47.4,5.24,372.65,3.465,1273.89,suciedad
17.13,44,563.74,26.96,45.76,89.29,0.22,359.18,3.602,1345.77,suciedad
15.71,278,825.81,21.51,45.48,34.55,0.66,360.07,7.318,2607.46,normal
9.09,181,704.08,27.39,49.82,58.13,1.07,355.49,6.003,2138.53,normal
7.15,187,271.97,17.08,25.66,89.11,2.96,378.45,1.155,439.86,sombreado_parcial
15.53,114,901.53,23.57,51.19,75.44,3.47,355.16,7.893,2797.69,normal
15.16,255,917.05,32.71,64.31,89.54,0.4,337.54,2.11,708.92,falla_panel
9.83,30,705.38,24.66,46.97,87.78,8.64,361.93,4.596,1663.5,suciedad
19.31,264,167.14,25.85,32.21,54.27,1.25,374.68,1.341,478.99,suciedad
8.11,98,467.97,27.85,42.9,68.75,3.75,363.31,4.063,1504.05,normal
12.05,313,901.18,32.02,59.84,27.73,2.23,348.58,7.624,2674.24,normal
19.21,329,162.43,15.07,20.12,50.88,0.76,381.93,0.715,264.82,sombreado_parcial
11.88,115,1000.0,28.51,61.94,76.63,5.62,341.41,8.389,2870.47,normal
14.94,276,874.54,23.39,52.35,55.37,5.12,350.24,0.814,262.52,falla_panel
11.57,281,946.55,26.0,58.51,69.19,1.51,349.03,7.259,2494.56,suciedad
9.84,275,782.76,31.36,56.15,72.2,2.66,350.69,6.889,2415.95,normal
19.78,261,82.29,17.83,19.09,37.74,0.89,386.33,0.324,158.39,sombreado_parcial
11.73,331,844.54,18.92,44.66,81.3,3.51,363.2,3.24,1192.84,sombreado_parcial
18.52,207,324.86,13.39,21.76,52.19,1.11,378.33,1.379,560.42,sombreado_parcial
9.22,328,577.66,21.71,40.91,34.71,5.58,362.49,3.432,1232.87,sombreado_parcial
8.98,211,671.36,32.98,53.08,80.58,0.74,352.01,5.888,2089.29,normal
6.44,215,48.6,24.28,21.21,49.25,0.04,384.93,0.446,174.58,normal
15.12,40,820.38,16.96,46.29,72.52,0.94,360.07,6.569,2370.61,suciedad
11.16,26,870.65,22.09,48.44,58.36,0.64,363.0,7.758,2795.64,normal
18.1,27,400.31,16.07,27.72,46.73,2.13,375.23,2.822,1057.86,suciedad
12.62,190,1000.0,18.25,52.01,76.69,0.68,355.39,4.127,1471.43,sombreado_parcial
19.55,83,91.6,27.33,28.38,60.91,4.32,378.69,0.038,31.96,falla_panel
8.6,170,616.77,17.96,38.94,47.34,0.83,35.39,3.363,117.92,falla_inversor
18.16,167,459.82,31.68,45.16,27.67,3.68,360.43,2.051,759.25,sombreado_parcial
16.87,188,696.86,24.57,44.36,82.68,2.59,359.0,6.284,2278.48,normal
16.79,169,720.31,25.51,50.58,22.48,12.86,357.01,6.452,2313.96,normal
17.83,289,436.57,23.33,38.36,80.42,15.0,367.89,4.061,1455.56,normal
16.65,229,692.77,29.64,52.67,45.2,6.11,354.87,6.008,2133.69,normal
14.77,97,944.62,29.7,59.77,64.75,4.28,349.67,3.684,1289.21,sombreado_parcial
7.84,16,359.07,27.01,39.13,84.55,1.47,366.1,2.446,889.48,suciedad
6.46,279,73.93,28.39,28.85,30.62,4.2,374.26,0.691,254.18,normal
18.89,135,279.0,23.73,32.61,59.69,9.42,373.9,2.546,956.15,normal
14.63,26,868.45,28.25,54.0,73.51,0.07,353.07,5.178,1845.23,sombreado_parcial
17.15,352,550.84,22.97,38.1,73.03,2.32,366.92,0.707,267.58,falla_panel
12.74,12,891.01,25.01,53.47,56.79,0.74,350.93,7.717,2711.62,normal
7.64,72,315.63,23.35,34.95,63.73,2.45,371.23,2.791,1062.54,normal
7.75,133,422.88,22.26,34.9,73.03,1.88,372.31,0.932,351.08,falla_panel
15.6,106,857.68,20.87,47.35,78.87,2.57,355.59,7.353,2611.05,normal
12.02,220,1000.0,27.81,57.35,73.33,2.4,349.36,4.481,1574.91,sombreado_parcial
8.81,177,622.6,32.86,52.33,44.78,9.66,355.22,3.91,1366.87,sombreado_parcial
12.88,282,961.22,32.03,63.2,89.77,2.41,347.31,8.339,2891.27,normal
6.9,133,247.75,17.46,26.39,50.42,5.62,378.81,2.258,869.84,normal
14.15,22,875.63,32.74,60.92,21.71,1.16,348.99,2.209,778.07,falla_panel
9.77,269,717.87,23.09,44.6,45.38,1.73,363.06,6.264,2251.95,normal
17.17,161,665.49,28.6,48.43,28.94,1.91,359.46,5.814,2100.95,normal
10.35,107,868.28,19.56,47.89,28.5,0.98,356.64,3.198,1154.68,sombreado_parcial
12.37,279,919.99,25.85,55.82,39.71,1.43,355.68,7.635,2730.75,normal
6.16,353,46.1,26.88,28.06,23.74,2.74,377.21,0.19,70.09,sombreado_parcial
7.01,235,278.5,16.09,24.16,68.2,2.6,381.21,0.544,203.0,falla_panel
11.49,18,808.85,28.65,55.68,25.18,3.04,350.9,2.548,882.15,falla_panel
12.72,242,1000.0,33.08,63.79,34.23,1.3,345.63,8.569,2974.46,normal
14.4,117,950.63,23.95,54.78,26.5,1.14,355.63,8.296,2923.46,normal
10.08,286,760.61,33.16,56.72,24.42,2.84,351.18,6.64,2323.04,normal
15.73,282,811.04,23.86,47.64,38.74,0.43,357.73,1.265,460.06,falla_panel
18.04,144,465.49,30.1,47.06,60.03,0.88,362.44,4.147,1488.09,normal
16.92,205,718.94,11.69,34.34,87.53,0.13,368.61,6.631,2409.08,normal
6.55,39,132.7,39.51,42.59,81.29,0.23,361.89,0.998,352.39,suciedad
12.73,154,1000.0,33.97,63.14,81.32,0.84,340.99,3.905,1301.71,sombreado_parcial
7.47,176,379.18,23.29,33.21,32.32,0.06,371.47,3.317,1250.73,normal
9.39,241,706.09,13.17,34.67,38.54,0.84,372.82,6.156,2331.02,normal
19.81,134,46.58,26.73,31.07,25.35,3.19,373.79,0.249,83.07,sombreado_parcial
7.99,46,391.57,16.34,27.7,74.49,0.19,377.56,2.92,1080.87,suciedad
12.98,50,946.0,27.67,59.4,24.89,1.72,348.05,3.499,1240.81,sombreado_parcial
14.65,166,1000.0,27.47,58.52,58.97,7.33,347.7,8.772,3028.33,normal
15.83,106,837.56,19.35,43.75,37.35,4.7,359.95,7.463,2694.21,normal
13.84,216,1000.0,31.73,62.27,37.04,1.09,341.29,6.744,2291.15,suciedad
6.14,146,26.87,29.83,28.75,89.35,7.76,379.05,0.099,32.61,falla_panel
10.57,72,824.65,30.85,55.34,72.97,1.2,349.91,7.394,2579.12,normal
13.25,330,889.44,25.05,51.52,78.59,0.23,353.44,7.546,2656.86,normal
7.23,273,280.75,16.51,22.42,60.04,15.0,379.46,1.678,638.28,sombreado_parcial
10.91,247,887.35,30.87,60.87,80.97,6.12,345.65,3.943,1370.47,sombreado_parcial
6.46,186,110.18,23.38,27.14,65.18,1.88,379.05,1.059,395.05,normal
7.1,70,266.73,16.66,23.97,86.23,3.29,380.25,1.599,613.33,sombreado_parcial
11.56,150,1000.0,33.11,64.69,39.69,3.34,28.23,1.181,34.33,falla_inversor
7.86,246,414.82,37.6,49.31,61.67,0.65,352.96,2.218,777.38,sombreado_parcial
13.95,262,977.7,24.75,51.3,68.31,0.67,355.36,8.608,3069.46,normal
15.65,26,741.08,37.95,65.55,47.51,1.9,340.66,5.048,1722.85,suciedad
17.21,140,619.5,25.55,45.19,81.58,7.28,357.94,5.437,1955.72,normal
8.8,99,603.16,22.72,40.68,88.59,0.03,361.86,5.325,1898.75,normal
8.34,278,494.4,21.22,33.77,54.56,4.58,369.95,2.026,747.55,sombreado_parcial
7.46,51,326.15,34.82,42.77,47.34,0.18,360.69,1.113,429.91,sombreado_parcial
14.91,151,996.88,20.32,53.95,53.04,1.95,353.19,1.771,603.62,falla_panel
15.89,104,855.94,29.41,58.41,79.69,3.05,349.13,7.055,2494.78,normal
6.44,89,132.7,21.65,26.92,65.18,3.48,378.52,1.28,443.88,normal
19.11,141,232.23,22.24,27.82,23.13,0.18,378.07,0.673,253.61,falla_panel
6.73,213,199.28,31.18,39.67,57.95,1.63,362.92,1.815,670.14,normal
13.58,233,1000.0,22.72,54.64,21.21,2.63,352.85,8.719,3082.91,normal
15.93,183,846.56,22.57,50.01,74.5,0.2,357.58,3.567,1304.04,sombreado_parcial
18.19,251,412.47,31.8,45.36,42.98,0.44,1.32,40.873,54.16,falla_inversor
16.0,9,681.88,34.58,53.63,53.04,3.27,352.6,4.133,1465.23,sombreado_parcial
17.22,79,576.57,28.87,45.09,75.91,2.21,359.43,5.225,1879.02,normal
10.75,52,850.31,21.07,46.88,23.25,0.53,359.89,5.205,1857.01,sombreado_parcial
17.41,269,571.61,21.94,40.76,31.1,2.3,31.64,2.039,64.04,falla_inversor
7.12,226,258.59,25.48,31.49,47.86,7.31,375.68,1.709,663.78,suciedad
18.53,51,295.93,26.93,35.91,36.09,0.05,370.19,2.567,968.68,normal
13.67,186,1000.0,19.07,50.06,43.65,3.09,355.86,7.189,2553.88,suciedad
17.44,34,482.86,29.34,45.62,89.87,0.23,359.73,3.124,1115.05,suciedad
12.33,291,938.75,25.51,55.86,77.78,0.02,350.36,5.829,2043.65,sombreado_parcial
15.01,230,947.59,14.71,42.8,81.87,0.49,362.78,4.413,1590.94,sombreado_parcial
13.37,131,1000.0,19.43,52.85,85.59,1.65,353.39,9.029,3188.13,normal
16.24,120,796.02,21.98,45.11,43.87,4.86,358.32,4.567,1633.32,sombreado_parcial
7.14,326,214.43,24.56,32.9,40.8,0.99,372.97,1.629,591.84,suciedad
6.84,247,178.9,36.34,41.1,36.38,2.95,365.04,1.64,563.64,normal
9.46,192,751.34,26.43,50.15,78.11,1.59,353.75,6.528,2304.03,normal
8.23,323,406.62,19.96,33.0,67.57,0.8,372.86,3.794,1357.1,normal
18.2,210,429.63,26.32,40.05,36.53,2.17,365.68,3.424,1249.64,suciedad
9.07,103,677.92,22.89,45.08,46.39,4.79,359.26,4.288,1538.18,sombreado_parcial
19.66,329,84.78,26.95,30.19,55.47,5.36,376.29,0.883,295.56,normal
10.72,133,935.25,28.48,58.89,56.97,5.62,350.49,5.995,2103.92,suciedad
8.55,323,478.48,32.26,47.9,82.21,1.24,357.09,2.969,1092.47,suciedad
17.06,139,680.69,24.85,44.23,46.64,4.73,361.94,1.112,422.46,falla_panel
15.22,121,948.0,34.83,64.86,83.6,0.72,344.63,8.094,2773.66,normal
12.97,94,1000.0,30.45,60.85,50.9,4.02,341.56,4.041,1372.04,sombreado_parcial
13.78,129,1000.0,20.76,50.34,72.25,8.89,359.71,7.105,2572.31,suciedad
16.07,91,786.11,38.26,62.39,85.12,0.04,344.64,6.701,2343.03,normal
9.2,92,666.01,26.96,48.05,83.53,1.74,359.62,5.795,2090.74,normal
19.95,63,3.19,19.99,20.46,23.99,3.13,380.91,0.128,25.76,normal
19.65,29,41.8,34.92,37.81,34.4,3.63,365.1,0.38,140.69,suciedad
15.1,210,973.73,37.47,69.86,53.38,0.58,335.46,8.129,2732.9,normal
8.79,12,530.49,24.8,41.88,50.21,10.75,361.85,4.64,1698.73,normal
15.52,333,775.07,21.98,46.97,64.86,2.87,354.46,6.759,2401.45,normal
7.01,297,249.13,23.97,31.89,86.13,0.54,371.07,2.254,826.61,normal
6.43,130,95.62,29.29,33.43,27.87,0.06,370.33,0.34,129.44,falla_panel
9.61,293,640.92,32.67,53.43,51.63,4.59,350.13,5.569,1952.9,normal
12.48,173,1000.0,28.42,59.59,33.47,0.25,350.12,4.621,1598.26,sombreado_parcial
18.16,208,437.89,25.61,42.52,82.59,0.46,364.63,3.8,1399.85,normal
16.18,24,679.21,33.99,54.39,87.52,2.57,350.6,5.929,2070.53,normal
16.4,99,754.3,23.12,48.88,53.51,2.78,358.48,1.349,486.31,falla_panel
11.96,356,891.25,31.19,57.01,27.28,3.48,32.54,2.896,91.56,falla_inversor
10.84,139,941.42,23.27,53.91,74.97,1.5,349.09,8.178,2839.71,normal
11.19,314,841.8,27.59,56.05,68.8,4.46,351.36,7.428,2586.46,normal
19.83,174,72.2,24.32,23.71,44.83,10.99,380.39,0.603,217.58,normal
6.56,29,101.57,24.66,28.05,82.12,0.95,378.49,0.922,358.42,normal
18.14,143,442.89,22.74,37.65,88.31,3.64,365.82,2.416,857.8,sombreado_parcial
14.1,316,839.92,33.07,59.69,59.05,7.91,348.13,7.137,2478.32,normal
12.14,351,853.79,20.6,47.85,59.6,3.48,360.39,6.02,2165.57,suciedad
16.15,42,716.79,20.56,43.16,40.83,3.43,363.54,4.91,1799.31,suciedad
12.81,299,964.96,37.73,66.24,60.92,0.76,337.24,8.14,2732.59,normal
18.23,208,391.25,30.87,46.65,50.77,2.3,364.35,2.429,892.8,suciedad
18.61,330,280.25,10.69,18.69,41.15,2.48,387.18,1.94,761.3,suciedad
11.9,192,1000.0,21.61,53.51,24.7,3.61,352.44,4.78,1679.37,sombreado_parcial
9.88,160,858.17,14.13,39.98,37.69,15.0,367.02,1.524,570.81,falla_panel
14.29,64,907.79,19.3,44.25,33.85,0.1,365.94,5.715,2105.1,suciedad
18.77,243,289.41,6.17,13.83,57.94,0.2,387.79,1.531,611.95,sombreado_parcial
8.95,258,606.23,24.18,40.95,62.12,0.24,367.03,0.888,307.19,falla_panel
14.72,152,1000.0,18.15,51.04,62.6,4.08,354.93,4.172,1455.22,sombreado_parcial
14.84,215,983.99,25.36,55.2,47.17,0.44,350.68,3.894,1331.95,sombreado_parcial
16.26,322,675.04,15.25,35.57,49.49,2.92,369.44,6.183,2267.0,normal
7.84,166,451.22,25.5,38.0,78.4,1.18,363.47,0.43,198.51,falla_panel
16.02,31,721.51,22.51,45.2,53.34,1.83,361.77,6.326,2282.73,normal
18.73,232,293.38,34.01,42.11,89.14,0.73,358.89,2.635,950.24,normal
8.52,282,510.23,33.47,50.9,50.77,6.03,354.35,2.184,731.56,sombreado_parcial
9.33,29,628.22,29.71,49.8,65.47,2.65,355.44,2.993,1056.98,sombreado_parcial
19.6,195,102.42,23.04,25.38,23.53,8.68,378.87,0.481,198.04,sombreado_parcial
8.53,334,467.87,36.91,52.81,65.73,2.56,349.27,2.777,982.76,sombreado_parcial
17.96,256,439.62,15.68,29.43,79.6,0.4,377.57,3.822,1475.92,normal
12.89,281,947.3,16.58,46.21,85.97,0.56,356.17,3.443,1227.43,falla_panel
9.46,304,654.21,24.5,42.75,89.81,13.55,361.29,3.22,1191.66,sombreado_parcial
18.19,321,349.75,38.52,49.35,39.75,3.88,355.78,0.774,311.34,falla_panel
12.23,323,915.65,23.79,52.88,60.28,0.15,352.88,8.242,2925.06,normal
13.21,346,913.37,23.9,54.44,51.55,3.65,352.79,4.11,1468.06,sombreado_parcial
11.03,294,838.7,16.35,41.43,59.47,1.59,364.43,6.298,2294.02,suciedad
14.3,87,969.13,30.68,64.38,31.02,1.1,346.45,8.102,2800.4,normal
8.29,149,549.78,30.72,48.73,79.93,0.5,358.15,4.012,1436.78,suciedad
11.48,249,960.22,29.73,57.46,83.67,5.5,349.71,8.027,2809.2,normal
19.57,321,73.27,21.22,22.25,51.48,0.2,381.46,0.464,169.54,sombreado_parcial
9.61,283,678.04,20.76,44.08,39.63,1.03,362.48,4.303,1538.77,sombreado_parcial
15.19,362,811.05,17.24,44.45,29.86,1.1,360.54,3.069,1124.65,sombreado_parcial
10.55,198,947.42,25.5,55.14,67.86,0.53,350.41,5.392,1883.62,sombreado_parcial
16.83,44,611.0,18.52,37.84,41.86,2.13,374.15,5.232,1956.93,normal
7.83,356,375.05,17.94,27.91,83.67,0.04,380.32,1.608,603.66,sombreado_parcial
19.58,28,27.98,22.46,25.31,66.97,1.07,377.96,0.288,112.39,normal
12.35,17,928.56,22.07,49.6,65.2,8.14,357.93,7.863,2830.34,normal
9.3,127,721.19,21.77,45.58,59.16,1.12,360.99,6.277,2268.54,normal
7.03,168,254.54,27.8,37.78,23.2,1.34,366.53,2.173,809.92,normal
8.38,244,517.89,25.47,41.73,85.23,1.92,368.27,2.599,975.21,sombreado_parcial
13.28,76,1000.0,23.27,55.97,63.96,2.47,350.18,7.151,2483.21,suciedad
10.72,231,895.5,26.1,56.85,89.58,4.96,352.51,7.771,2736.7,normal
17.6,204,584.83,19.05,37.73,57.61,0.63,366.59,5.145,1922.2,normal
12.03,248,1000.0,25.63,56.62,69.71,6.16,352.16,8.134,2922.4,normal
9.48,302,672.42,25.9,46.82,23.93,4.25,361.95,3.1,1124.68,sombreado_parcial
14.64,214,995.62,15.98,45.98,64.22,3.85,358.13,8.939,3212.81,normal
15.89,215,828.25,30.97,55.71,73.53,0.27,350.17,7.341,2570.05,normal
8.34,158,568.44,19.71,38.14,74.5,0.07,367.35,3.024,1106.37,sombreado_parcial
8.35,69,499.36,25.54,40.9,73.91,2.7,368.16,4.374,1610.52,normal
6.51,85,143.17,31.99,36.95,35.84,5.97,371.75,1.211,464.73,normal
16.31,267,727.08,30.55,51.04,88.28,2.63,354.47,6.36,2237.13,normal
15.29,69,845.72,25.21,51.5,89.66,0.72,354.06,7.341,2619.89,normal
12.64,99,1000.0,22.83,55.62,25.29,0.28,351.4,8.513,2970.26,normal
17.82,347,461.76,30.69,43.44,85.55,3.61,359.34,3.001,1068.07,sombreado_parcial
17.28,216,614.61,29.05,48.28,40.26,3.84,360.43,5.289,1918.29,normal
14.19,161,1000.0,21.29,49.76,68.25,0.57,354.75,8.782,3107.76,normal
18.16,94,427.93,20.23,31.65,43.67,0.09,373.88,3.791,1424.22,normal
8.88,174,657.64,12.57,34.33,87.74,1.57,373.94,3.46,1268.26,sombreado_parcial
7.57,165,390.63,25.92,37.67,27.11,2.62,368.86,0.766,294.14,falla_panel
9.78,115,786.88,24.5,51.83,54.84,3.67,353.72,3.359,1174.0,sombreado_parcial
6.8,220,221.58,31.82,39.39,49.96,4.98,364.28,1.364,519.79,sombreado_parcial
13.44,31,906.88,27.15,56.29,42.82,2.83,350.16,4.218,1471.14,sombreado_parcial
19.11,11,189.1,33.01,37.3,65.19,0.35,367.74,1.662,605.6,normal
6.55,343,101.39,20.82,23.41,29.17,3.44,386.76,0.958,358.34,normal
7.71,130,397.03,31.83,43.14,70.17,12.44,361.16,3.498,1254.54,normal
12.33,105,1000.0,21.83,51.48,88.64,7.08,353.78,8.584,3042.42,normal
19.07,27,204.71,29.67,37.06,76.32,6.16,366.54,1.706,661.04,normal
10.43,227,904.23,16.25,45.8,80.2,1.08,359.72,4.255,1554.85,sombreado_parcial
13.1,2,913.51,26.41,55.56,45.17,4.17,352.02,7.874,2807.94,normal
6.58,359,115.1,13.09,15.45,42.74,5.71,387.18,0.147,61.94,falla_panel
8.08,101,468.04,23.4,38.52,56.19,3.4,367.86,1.216,426.38,falla_panel
19.81,21,56.38,27.64,26.53,23.2,0.87,22.7,0.0,0.0,falla_inversor
19.51,58,123.91,21.87,27.73,86.18,9.23,379.27,1.102,425.41,normal
6.07,180,0.0,18.7,16.75,30.06,1.8,386.92,0.008,14.56,falla_panel
19.33,341,130.65,30.08,32.48,83.21,0.42,372.24,0.935,343.39,suciedad
14.95,349,811.22,24.38,49.9,25.85,0.35,359.16,1.902,679.85,falla_panel
18.15,20,381.91,22.06,34.3,77.58,3.13,370.29,1.769,662.91,sombreado_parcial
12.37,255,1000.0,25.25,56.39,30.64,1.73,350.97,7.783,2748.48,suciedad
13.22,317,932.63,40.82,68.3,22.67,0.3,340.28,7.808,2646.19,normal
12.84,38,911.69,31.92,62.11,70.36,4.05,347.35,7.744,2670.86,normal
15.34,148,950.65,31.98,59.15,39.62,4.82,348.21,8.019,2778.49,normal
7.96,25,408.32,27.61,38.15,70.01,3.88,366.88,0.355,151.23,falla_panel
6.42,121,70.64,26.0,28.05,58.86,0.68,376.06,0.495,228.93,normal
10.31,26,807.7,10.62,33.97,27.62,3.51,372.11,7.209,2686.88,normal
15.87,169,904.07,20.93,51.01,85.25,0.03,353.77,2.953,1020.44,falla_panel
8.83,323,541.37,22.12,37.27,51.66,1.09,369.43,4.634,1748.78,normal
15.43,225,890.09,13.75,43.9,71.41,1.53,362.45,1.726,632.98,falla_panel
19.58,1,81.65,18.06,22.16,55.07,5.41,380.36,0.666,222.74,suciedad
7.31,307,272.26,13.11,23.48,62.31,1.48,378.99,2.538,943.39,normal
15.42,261,867.58,24.77,54.71,41.19,0.03,351.94,7.413,2604.79,normal
12.21,13,924.45,29.91,58.92,34.03,1.3,347.2,5.498,1929.75,sombreado_parcial
18.15,48,371.91,31.64,41.74,57.98,2.07,12.51,4.985,61.45,falla_inversor
8.48,313,499.15,27.49,42.93,50.82,8.93,361.13,1.718,623.88,falla_panel
15.7,291,757.82,19.22,42.05,47.31,8.49,365.26,6.417,2384.92,normal
17.73,332,433.34,13.41,25.89,67.08,0.6,380.68,3.905,1459.09,normal
19.22,94,184.79,14.46,20.46,68.34,0.61,381.95,1.689,664.96,normal
15.57,261,854.81,17.39,43.63,23.21,0.54,361.85,6.683,2360.87,suciedad
12.96,278,958.53,19.67,48.49,43.71,4.67,360.41,8.16,2944.42,normal
14.65,359,830.58,24.04,49.63,48.82,0.02,357.4,7.296,2600.14,normal
18.16,205,462.98,18.92,34.21,26.78,0.41,371.06,3.699,1370.76,suciedad
13.99,185,1000.0,27.03,59.72,36.51,2.32,348.73,8.381,2927.32,normal
6.43,175,109.0,23.61,24.61,23.61,0.85,379.39,1.037,378.42,normal
19.03,309,155.05,25.06,29.45,89.74,0.29,375.11,1.094,406.52,suciedad
15.65,69,862.55,31.84,58.58,71.56,1.34,348.43,5.02,1747.96,sombreado_parcial
15.47,104,883.88,17.92,43.77,26.12,0.96,365.01,7.729,2840.03,normal
9.02,246,638.21,27.51,47.28,21.42,2.15,357.0,2.66,952.28,sombreado_parcial
15.22,161,953.98,24.92,54.95,70.35,11.62,352.49,3.43,1229.61,sombreado_parcial
11.51,200,1000.0,23.0,55.03,50.74,0.4,350.67,4.328,1510.67,sombreado_parcial
15.12,216,960.79,30.31,60.45,75.08,1.4,348.81,0.94,322.08,falla_panel
7.49,212,372.77,30.27,40.6,84.64,8.06,366.71,1.5,546.8,sombreado_parcial
15.21,16,782.57,19.32,46.79,61.95,6.28,359.14,4.188,1481.65,sombreado_parcial
19.99,332,0.0,23.91,25.15,33.1,1.5,381.05,0.056,6.03,sombreado_parcial
6.67,205,204.11,26.69,33.89,74.75,3.6,370.4,1.134,381.47,sombreado_parcial
19.68,365,69.11,23.36,27.03,86.91,0.28,376.81,0.705,246.91,normal
11.7,39,891.98,28.51,56.75,60.62,3.74,354.88,7.483,2652.91,normal
18.19,89,382.24,26.69,40.56,67.74,10.82,364.47,1.702,625.85,sombreado_parcial
16.95,256,648.8,36.0,56.36,43.62,2.31,350.57,5.512,1957.07,normal
13.94,254,1000.0,15.82,47.07,46.71,2.07,358.25,8.86,3149.31,normal
16.34,216,802.34,24.27,50.29,71.43,0.62,353.4,5.592,1966.06,suciedad
18.3,303,343.37,19.55,32.64,84.94,3.01,370.7,2.996,1118.97,normal
11.66,172,1000.0,28.62,62.14,64.03,2.68,345.39,5.128,1765.92,sombreado_parcial
10.58,137,960.54,15.3,46.2,75.29,3.17,357.03,8.622,3075.81,normal
15.35,178,971.86,27.08,58.22,32.01,0.08,347.02,8.395,2914.64,normal
17.31,77,549.05,21.22,39.42,34.84,2.39,367.6,4.881,1777.22,normal
16.67,188,693.5,20.6,43.75,57.24,2.71,362.64,6.036,2217.16,normal
17.17,15,545.89,16.32,35.33,32.36,0.7,369.36,4.885,1788.63,normal
12.1,292,947.93,22.21,51.48,64.45,0.7,353.96,8.34,2928.77,normal
17.45,319,475.02,31.51,48.33,40.42,0.97,355.78,4.115,1483.96,normal
7.68,325,336.11,24.85,35.87,75.41,3.73,374.13,1.985,779.23,sombreado_parcial
13.62,214,1000.0,28.77,60.99,76.57,2.8,343.84,8.744,2998.54,normal
6.08,208,21.64,34.99,37.74,52.47,5.61,369.92,0.239,70.51,suciedad
10.54,169,926.2,26.58,56.65,32.66,1.05,345.52,4.864,1695.85,sombreado_parcial
11.13,330,855.29,21.65,49.75,65.27,7.29,358.24,7.356,2660.36,normal
11.55,280,922.12,27.8,56.04,89.5,4.08,352.47,7.675,2738.52,normal
15.74,305,745.12,21.73,47.27,63.58,1.51,356.98,6.67,2361.7,normal
11.44,146,1000.0,21.97,54.27,22.5,0.3,350.96,2.191,770.8,falla_panel
12.28,263,960.9,15.88,46.1,21.21,0.89,362.09,2.597,916.65,falla_panel
9.33,4,639.03,30.56,52.18,42.43,9.42,351.9,5.243,1893.69,normal
11.23,90,957.37,22.68,56.48,33.7,1.11,350.96,3.693,1294.61,sombreado_parcial
9.18,60,660.55,26.09,44.98,76.91,1.2,16.33,4.244,68.41,falla_inversor
7.02,311,207.87,18.78,24.07,79.14,0.63,382.68,1.531,603.76,suciedad
14.45,16,853.2,27.62,58.31,38.1,4.93,352.08,7.128,2496.69,normal
15.35,227,914.82,20.43,49.66,42.8,0.97,354.56,7.825,2793.23,normal
14.67,29,857.09,24.15,51.22,36.54,1.2,356.27,7.582,2717.99,normal
12.49,151,1000.0,30.27,61.34,83.59,1.61,347.43,6.155,2137.22,suciedad
11.32,245,946.04,29.74,61.12,55.19,1.71,341.7,6.652,2283.2,suciedad
18.09,270,403.59,24.87,41.4,65.93,1.59,366.43,2.111,748.61,sombreado_parcial
13.27,79,973.09,14.39,43.8,49.08,2.1,362.84,8.313,3016.26,normal
12.71,289,967.46,42.96,73.04,64.17,5.05,335.64,2.911,953.52,falla_panel
6.36,153,87.08,35.48,37.67,47.01,5.13,364.31,0.62,213.56,suciedad
10.78,277,850.33,29.34,57.01,43.78,4.8,351.08,7.485,2643.99,normal
11.32,279,881.73,20.48,49.87,64.41,0.32,356.01,7.855,2792.45,normal
11.58,57,890.07,24.32,54.56,61.37,4.82,349.64,4.212,1487.18,sombreado_parcial
14.12,186,1000.0,21.74,54.14,40.55,0.38,353.72,8.866,3115.76,normal
13.47,93,1000.0,32.58,67.61,30.45,0.4,341.14,8.541,2888.71,normal
14.51,276,933.58,26.58,54.89,45.8,8.86,351.45,8.073,2867.73,normal
16.71,158,742.12,20.3,42.23,49.06,5.13,28.46,2.773,78.12,falla_inversor
17.38,275,486.96,22.18,39.6,64.01,2.41,365.81,3.492,1255.09,suciedad
16.05,181,886.45,31.73,59.61,84.02,6.24,344.37,7.724,2644.35,normal
19.38,359,139.08,34.6,36.88,22.53,13.63,368.42,0.105,40.44,falla_panel
6.26,77,41.6,34.17,35.0,37.06,2.83,372.9,0.43,109.21,sombreado_parcial
8.74,151,630.67,29.54,49.63,33.56,2.85,359.03,5.443,1949.77,normal
6.11,238,1.75,23.48,22.57,55.16,4.21,380.66,0.0,5.61,falla_panel
15.06,289,891.7,5.55,31.89,50.08,0.79,373.93,5.556,2064.55,sombreado_parcial
18.57,231,312.99,26.78,36.25,71.03,0.55,369.46,2.673,967.43,suciedad
9.41,18,621.37,24.99,42.81,36.97,4.28,364.07,5.438,1969.11,normal
18.98,73,209.9,25.84,33.35,61.61,1.27,372.17,1.23,454.04,sombreado_parcial
6.84,189,207.76,25.32,28.9,81.87,0.44,377.74,1.845,723.07,normal
19.08,17,213.85,17.04,23.86,83.75,1.13,380.25,1.881,746.76,normal
10.92,19,851.61,28.34,55.74,87.11,1.33,353.01,5.107,1819.97,sombreado_parcial
7.42,219,326.61,28.79,38.86,74.13,10.08,365.77,0.907,375.63,falla_panel
12.8,326,917.86,29.09,59.42,83.42,3.59,347.69,5.025,1720.68,sombreado_parcial
9.59,120,769.52,30.68,52.67,36.42,2.27,355.04,6.667,2365.97,normal
9.99,101,788.14,28.62,52.2,33.83,10.41,354.59,6.798,2416.56,normal
10.3,34,812.2,22.54,47.43,20.45,7.0,354.01,1.784,656.99,falla_panel
17.24,84,611.31,24.57,44.75,69.48,2.15,361.84,5.262,1927.28,normal
13.55,196,1000.0,25.55,57.12,85.62,7.08,350.86,8.624,3025.51,normal
10.36,330,784.92,25.65,53.39,33.09,1.55,353.63,5.227,1853.59,suciedad
14.54,202,1000.0,30.99,61.03,64.59,0.79,347.65,2.205,764.35,falla_panel
16.03,344,703.08,28.86,48.74,72.25,0.79,359.79,5.099,1858.5,suciedad
9.82,341,688.32,37.46,61.66,84.93,3.26,343.79,5.734,1964.82,normal
11.79,11,904.23,38.24,64.35,65.28,2.09,339.19,7.885,2652.74,normal
7.71,347,317.59,25.48,36.43,87.92,3.23,366.74,2.065,762.58,suciedad
8.54,218,609.7,5.0,22.59,44.13,3.48,382.44,1.438,534.78,falla_panel
15.54,253,851.65,32.42,55.93,44.49,0.07,29.73,2.706,80.7,falla_inversor
8.54,222,604.78,21.76,40.09,58.01,0.17,365.41,3.513,1290.82,sombreado_parcial
13.35,80,996.77,20.19,52.69,46.85,2.28,350.93,7.672,2684.76,suciedad
15.93,7,723.42,22.61,43.38,20.1,0.64,363.13,6.28,2288.93,normal
7.5,272,323.44,22.32,33.29,71.22,3.0,372.15,2.822,1061.81,normal
13.94,227,1000.0,28.67,61.07,72.62,2.41,346.06,8.716,2997.44,normal
9.59,16,651.77,15.64,34.1,72.29,2.64,16.37,3.927,65.78,falla_inversor
19.48,12,133.09,18.53,22.35,44.15,1.08,384.15,1.268,485.2,normal
12.77,291,905.33,27.06,57.72,56.56,3.06,348.65,7.525,2642.13,normal
17.28,241,568.38,28.74,47.48,45.2,5.31,356.0,0.796,251.24,falla_panel
13.7,21,889.14,28.85,56.24,21.12,15.0,353.01,7.454,2615.33,normal
6.61,178,127.9,20.28,24.9,59.37,5.47,376.56,1.228,438.34,normal
14.86,228,995.11,19.13,49.2,28.66,2.45,356.45,7.034,2503.84,suciedad
19.32,273,174.5,21.96,29.08,25.6,0.64,373.72,1.38,503.77,suciedad
14.42,288,920.97,26.44,56.89,72.88,3.43,348.89,8.03,2798.03,normal
17.47,297,495.12,33.91,49.57,20.67,8.33,356.48,1.673,606.47,falla_panel
18.38,134,411.02,12.72,25.91,87.13,0.71,376.51,3.898,1434.12,normal
9.19,283,602.31,23.68,41.0,56.07,0.89,359.9,1.293,452.82,falla_panel
8.97,153,719.58,17.0,37.46,88.81,0.48,366.23,4.615,1705.25,suciedad
14.55,66,903.71,15.09,42.76,24.06,4.0,360.42,7.905,2877.42,normal
11.75,137,1000.0,30.8,61.92,60.85,1.57,343.01,7.211,2490.79,suciedad
17.76,92,483.44,28.27,44.97,44.45,0.19,360.46,4.391,1581.78,normal
18.6,317,262.57,27.7,37.29,79.04,6.24,371.37,2.321,873.89,normal
10.95,259,939.73,30.53,60.17,45.29,2.45,345.39,2.78,944.01,falla_panel
9.32,103,719.25,22.12,46.38,38.23,1.21,358.62,6.554,2345.6,normal
16.93,55,633.92,22.4,40.8,80.03,1.26,364.78,5.527,2020.52,normal
9.85,257,742.72,38.11,62.94,46.23,1.03,345.28,6.154,2124.79,normal
17.52,101,551.2,23.52,39.56,21.18,1.82,367.29,4.845,1781.74,normal
11.93,198,1000.0,29.41,62.52,47.32,1.23,340.52,2.544,870.11,falla_panel
15.35,301,816.85,25.04,50.54,65.82,2.38,353.64,1.783,623.64,falla_panel
7.34,226,289.82,13.91,19.97,37.81,4.46,386.99,2.754,1075.69,normal
14.73,237,986.08,12.73,44.64,50.24,3.37,360.3,8.676,3146.86,normal
12.32,26,911.75,21.53,51.23,23.97,1.05,357.01,3.809,1346.42,sombreado_parcial
14.21,121,1000.0,31.34,61.9,61.17,2.26,346.38,8.418,2929.73,normal
8.35,182,516.06,29.73,45.3,72.94,5.5,356.23,4.51,1584.63,normal
16.32,199,813.12,30.48,55.66,48.93,0.21,347.56,6.897,2399.85,normal
18.08,302,440.55,19.08,29.96,49.42,0.24,374.62,3.902,1470.3,normal
9.03,255,617.3,34.7,50.44,26.18,2.44,356.63,2.293,834.6,sombreado_parcial
7.34,122,319.19,19.21,31.14,34.14,3.06,373.63,0.907,344.5,falla_panel
6.33,31,90.86,26.28,27.88,30.83,0.71,376.87,0.654,239.85,suciedad
14.99,315,805.9,24.94,52.91,53.72,4.1,353.56,5.057,1801.9,suciedad
14.5,285,898.68,23.96,54.1,57.05,3.12,352.16,7.848,2750.59,normal
13.65,106,1000.0,33.03,66.63,86.43,7.7,340.38,3.188,1103.86,falla_panel
9.25,224,726.55,20.77,42.5,25.13,0.56,358.63,1.747,610.16,falla_panel
11.47,273,951.42,16.9,44.22,61.99,4.18,361.12,3.445,1242.05,falla_panel
14.32,232,1000.0,25.12,54.74,56.85,0.26,351.11,8.601,3027.8,normal
12.95,256,994.28,22.6,53.0,56.14,2.5,351.26,6.118,2142.45,sombreado_parcial
19.83,24,26.36,45.0,42.26,81.12,2.41,362.07,0.21,46.99,sombreado_parcial
7.91,109,422.92,29.06,41.56,34.39,1.47,360.93,3.855,1370.55,normal
15.73,191,875.45,22.54,49.6,22.85,5.58,12.4,7.872,97.39,falla_inversor
11.66,347,858.25,18.66,43.54,67.06,0.01,360.08,7.813,2796.29,normal
11.99,25,907.07,13.72,40.5,44.16,2.2,365.03,8.292,3034.44,normal
16.05,187,859.8,18.85,45.39,21.23,0.73,359.65,7.603,2745.89,normal
15.69,288,787.62,25.69,50.84,37.6,4.08,355.08,6.776,2393.44,normal
19.88,116,30.2,33.56,33.17,41.65,0.13,374.06,0.029,6.26,falla_panel
7.8,338,353.06,31.73,43.2,63.18,5.34,361.24,3.066,1112.74,normal
7.46,37,273.66,26.37,35.13,32.08,5.46,370.17,2.457,894.67,normal
16.14,282,739.86,23.06,46.25,48.91,5.37,361.09,3.106,1120.89,sombreado_parcial
14.1,137,1000.0,26.61,56.88,53.77,0.5,350.02,8.527,2961.95,normal
9.84,227,775.28,21.89,44.12,52.15,2.99,360.25,6.036,2212.73,suciedad
7.11,320,233.7,35.31,45.16,88.18,0.04,357.75,1.575,572.54,suciedad
7.2,328,229.62,23.86,31.99,23.19,5.65,371.69,2.13,774.36,normal
18.52,182,362.95,24.48,37.33,86.57,3.85,27.48,0.558,13.06,falla_inversor
8.69,362,527.76,11.71,28.07,60.74,2.27,376.99,2.457,901.34,sombreado_parcial
10.53,86,839.71,23.83,49.82,75.7,3.93,357.69,3.77,1359.94,sombreado_parcial
9.17,53,625.95,30.02,50.32,50.13,0.3,355.29,1.086,363.2,falla_panel
10.97,348,772.45,18.59,39.98,51.77,2.26,364.22,4.708,1747.7,sombreado_parcial
6.97,355,225.39,20.5,25.87,81.55,1.03,376.21,2.022,778.05,normal
13.27,235,1000.0,29.76,59.81,82.72,10.79,344.51,8.512,2936.88,normal
6.95,267,198.89,16.14,21.67,36.71,5.84,381.06,1.509,566.54,suciedad
17.2,287,589.62,31.35,48.45,33.95,3.96,27.17,0.244,7.96,falla_inversor
9.27,100,687.94,21.81,43.8,54.74,8.14,359.77,6.006,2163.37,normal
13.56,87,980.09,22.67,53.42,83.02,1.28,350.66,8.556,2976.2,normal
18.32,15,349.06,18.26,31.25,42.56,6.93,372.63,1.324,515.43,sombreado_parcial
15.11,101,935.03,27.27,60.2,65.64,1.18,348.63,6.794,2390.32,suciedad
13.46,165,1000.0,39.76,69.11,69.57,3.96,339.03,8.488,2891.13,normal
10.54,29,775.53,29.69,54.15,74.51,4.0,351.8,1.652,539.16,falla_panel
10.66,114,904.61,19.81,48.3,59.47,0.06,354.7,2.577,906.51,falla_panel
15.37,107,896.04,31.81,59.79,48.17,1.34,346.68,4.088,1431.97,sombreado_parcial
19.92,364,0.0,23.1,21.47,87.69,0.06,384.75,0.059,4.86,normal
15.27,130,936.12,33.25,61.12,62.79,15.0,348.15,4.12,1466.2,sombreado_parcial
13.81,84,1000.0,29.84,61.45,71.0,0.39,340.68,8.775,2991.62,normal
16.23,271,719.92,7.34,28.42,44.15,2.35,374.87,2.734,1022.52,sombreado_parcial
12.51,244,1000.0,18.98,50.46,66.9,4.69,355.66,8.967,3169.44,normal
6.84,214,178.07,30.67,35.86,38.05,0.67,371.84,0.962,384.36,sombreado_parcial
13.87,306,926.38,25.91,55.07,37.16,1.99,348.46,8.315,2875.15,normal
19.41,166,170.01,18.86,22.74,70.03,2.81,379.6,1.174,426.15,suciedad
8.45,279,532.25,21.2,38.07,56.5,0.52,366.3,3.519,1264.57,suciedad
15.66,59,772.86,13.56,36.39,67.83,4.52,15.79,0.066,1.98,falla_inversor
8.81,90,610.26,24.47,43.78,38.86,1.07,357.87,5.71,2012.26,normal
13.5,331,930.5,38.26,69.35,61.91,0.71,341.75,7.766,2686.08,normal
7.35,194,336.91,29.83,40.75,51.08,2.45,364.18,2.952,1097.79,normal
12.31,123,1000.0,38.14,69.88,61.79,1.58,335.71,8.452,2834.49,normal
16.59,136,740.8,30.29,54.67,40.36,7.59,349.09,6.408,2243.67,normal
10.87,139,967.34,31.16,59.29,70.08,6.36,346.99,4.121,1453.22,sombreado_parcial
15.31,229,940.86,36.84,68.82,76.42,1.98,336.91,5.398,1778.66,sombreado_parcial
17.14,274,594.07,27.26,44.24,38.19,1.34,362.93,5.137,1895.01,normal
18.98,50,190.62,23.88,31.15,41.04,1.18,371.65,1.621,634.73,normal
9.28,118,703.96,31.2,54.32,66.28,0.93,351.75,3.189,1115.97,sombreado_parcial
11.59,202,1000.0,33.72,63.62,68.69,2.36,342.83,8.649,2966.16,normal
8.13,191,510.67,22.12,39.59,69.29,4.9,366.85,0.426,183.27,falla_panel
19.89,364,23.67,20.67,22.16,67.79,1.12,381.97,0.359,95.56,normal
18.98,323,196.63,25.83,34.81,47.5,0.63,371.47,1.754,649.45,normal
13.56,181,1000.0,29.99,61.53,47.64,1.94,345.53,8.496,2945.53,normal
17.79,78,507.76,29.79,45.49,37.84,0.21,361.88,4.498,1627.89,normal
13.29,75,1000.0,16.45,46.93,30.98,3.62,359.98,2.531,939.26,falla_panel
14.73,295,905.3,36.47,62.15,68.48,2.19,343.98,7.785,2659.13,normal
7.25,281,260.52,21.15,28.82,26.52,2.06,379.33,2.157,813.13,suciedad
16.57,21,626.21,23.41,42.56,85.65,1.07,361.93,5.677,2059.26,normal
7.79,171,426.47,19.58,33.3,77.87,7.05,374.82,2.159,809.28,sombreado_parcial
17.56,15,473.66,41.19,53.86,80.03,0.28,354.4,1.042,385.19,falla_panel
16.95,211,710.13,26.45,48.29,83.47,6.12,358.88,5.088,1805.58,suciedad
15.92,48,774.4,19.89,44.96,48.6,1.42,360.68,6.859,2485.79,normal
6.51,86,125.3,30.18,35.11,79.27,6.38,368.82,1.046,396.17,suciedad
10.24,149,861.7,29.61,53.75,31.06,3.91,352.91,7.373,2598.53,normal
9.68,188,772.39,23.87,49.07,21.51,0.33,357.34,6.518,2364.93,normal
11.04,306,848.21,30.04,56.18,74.94,5.34,350.01,5.157,1795.42,sombreado_parcial
7.23,151,315.03,20.05,29.62,25.24,3.44,16.7,0.606,10.15,falla_inversor
19.12,141,212.24,22.04,25.13,89.2,0.1,381.52,2.018,759.92,normal
13.75,69,1000.0,12.94,46.43,67.24,0.43,357.81,6.58,2358.57,suciedad
10.28,260,800.97,17.06,42.35,72.74,3.03,362.03,7.089,2581.5,normal
11.56,334,834.53,35.85,59.63,37.21,3.26,344.4,7.404,2547.85,normal
12.26,9,880.29,34.85,62.92,67.17,4.12,344.56,2.939,995.53,falla_panel
14.41,121,998.08,25.39,57.1,23.03,3.82,352.48,5.966,2112.8,sombreado_parcial
13.22,101,1000.0,34.98,68.06,78.65,3.23,336.3,8.366,2799.6,normal
18.87,149,265.34,24.04,31.87,31.87,4.36,371.8,1.256,472.54,sombreado_parcial
12.96,146,1000.0,23.54,54.81,68.82,2.57,348.79,7.411,2592.93,suciedad
19.89,353,40.0,25.34,25.62,35.71,0.91,378.19,0.273,86.32,sombreado_parcial
17.92,243,429.62,24.25,38.57,24.79,7.3,362.82,3.835,1385.2,normal
8.92,241,609.81,23.71,41.59,53.7,0.06,366.42,5.497,2039.36,normal
19.03,337,163.13,31.86,35.62,31.85,1.37,371.26,0.234,90.43,falla_panel
7.63,43,340.37,25.9,36.44,71.06,3.92,369.5,2.001,760.92,sombreado_parcial
17.44,95,560.15,29.27,44.94,36.63,1.67,362.85,4.075,1468.98,suciedad
11.33,226,1000.0,31.19,64.84,43.97,0.08,343.84,6.995,2420.92,suciedad
18.29,6,356.54,27.33,41.36,59.72,0.2,364.33,3.178,1154.83,normal
18.15,214,461.43,19.18,32.92,39.95,3.14,369.78,1.871,682.36,sombreado_parcial
17.28,206,625.72,16.88,34.36,46.46,10.05,369.6,5.613,2064.7,normal
17.06,67,579.69,25.89,44.51,77.09,2.41,361.29,5.132,1863.9,normal
10.27,100,847.73,23.97,49.74,32.54,2.12,354.94,7.315,2595.36,normal
7.13,12,240.17,25.52,34.79,25.75,1.15,374.15,1.851,705.51,suciedad
11.64,237,1000.0,24.9,54.97,42.99,0.89,351.84,8.45,2980.64,normal
8.43,322,464.79,40.5,55.84,49.71,0.06,350.91,3.997,1419.06,normal
15.73,258,834.35,17.02,43.26,57.99,0.96,364.54,7.493,2730.4,normal
10.85,337,781.83,13.06,36.48,46.07,1.79,369.65,6.956,2562.45,normal
19.66,135,61.89,26.99,29.29,75.29,0.66,375.4,0.551,222.58,normal
14.97,222,939.22,22.74,53.41,22.75,0.27,356.04,7.027,2516.93,suciedad
17.51,156,580.83,26.9,45.18,50.22,3.79,361.7,5.28,1880.97,normal
7.86,142,416.28,28.5,41.66,46.76,6.75,363.19,3.661,1344.88,normal
18.07,158,452.47,32.7,45.54,65.33,8.28,360.85,3.565,1273.61,suciedad
18.92,326,237.01,15.96,25.08,87.64,2.89,378.86,1.375,501.88,sombreado_parcial
12.82,344,880.08,21.66,50.73,55.73,0.16,353.92,5.879,2075.71,suciedad
14.49,262,935.53,27.57,56.19,89.08,4.05,351.95,8.13,2854.88,normal
16.71,283,651.61,29.62,49.8,41.16,0.35,355.44,4.848,1722.02,suciedad
8.45,338,476.7,38.16,55.18,22.16,3.32,349.8,3.977,1414.97,normal
13.04,344,891.39,30.73,56.89,31.6,4.53,350.07,3.832,1322.56,sombreado_parcial
11.58,229,1000.0,24.66,56.82,47.66,3.88,351.87,8.565,3021.78,normal
8.05,280,442.45,19.66,32.65,42.14,9.1,368.54,4.13,1506.76,normal
11.15,358,846.23,21.61,50.73,26.79,4.02,354.11,5.68,2011.66,suciedad
6.95,290,201.21,21.44,27.83,50.29,3.54,372.85,1.901,699.94,normal
6.36,168,78.83,28.93,33.29,43.67,0.91,365.36,0.76,272.65,normal
7.89,47,376.17,26.54,37.16,28.58,7.76,368.55,1.648,615.85,sombreado_parcial
19.48,203,131.64,17.06,19.3,40.73,0.59,382.78,0.906,331.83,sombreado_parcial
13.69,214,1000.0,22.38,53.28,82.05,7.06,354.66,4.708,1693.57,sombreado_parcial
19.52,246,98.79,30.27,33.75,41.14,1.12,369.29,0.46,147.09,sombreado_parcial
12.05,24,888.33,27.11,54.1,69.98,0.42,353.53,3.343,1162.51,sombreado_parcial
10.37,321,746.42,28.41,52.87,62.84,5.26,354.1,6.481,2299.72,normal
13.09,274,984.13,27.3,57.74,49.9,0.01,347.03,1.637,563.86,falla_panel
12.15,44,896.71,34.76,59.66,36.73,5.35,346.07,5.211,1807.7,sombreado_parcial
7.48,332,301.62,26.42,36.67,45.83,0.91,369.26,1.714,648.26,sombreado_parcial
14.97,313,848.22,22.68,47.87,61.45,6.48,359.34,7.542,2711.54,normal
9.02,363,554.18,19.51,36.28,44.55,3.53,372.01,1.433,527.91,falla_panel
14.67,156,1000.0,26.5,60.08,35.04,3.29,347.11,8.686,2991.97,normal
15.1,199,970.17,10.36,43.33,28.15,1.36,362.49,4.219,1533.1,sombreado_parcial
8.13,162,473.81,23.89,37.84,81.58,0.18,367.85,4.3,1581.57,normal
6.86,234,194.94,23.76,30.72,50.82,5.32,374.05,1.09,383.39,sombreado_parcial
16.93,163,699.75,16.81,37.85,63.76,0.56,366.85,6.296,2300.49,normal
12.44,116,1000.0,19.43,50.25,54.33,1.4,354.15,8.062,2879.82,suciedad
6.81,93,180.6,29.86,34.59,81.08,2.75,371.66,1.618,601.79,normal
19.93,42,0.0,26.38,23.8,58.29,1.97,379.46,0.042,0.0,normal
6.81,284,152.1,25.61,30.51,53.65,0.66,375.11,1.294,439.27,suciedad
15.73,210,869.29,26.84,54.44,84.72,0.45,351.97,7.393,2598.72,normal
19.77,206,44.33,25.56,25.93,70.38,0.39,380.4,0.287,148.75,normal
9.35,220,705.57,32.46,56.14,27.81,5.96,350.89,5.856,2086.76,normal
7.99,280,404.68,25.74,37.73,32.44,0.1,22.63,2.432,55.8,falla_inversor
7.7,136,415.93,16.25,28.29,75.1,11.32,374.65,3.667,1391.76,normal
10.25,106,883.26,34.78,63.17,78.51,0.66,345.81,7.418,2550.76,normal
7.41,118,346.24,27.22,35.73,58.16,0.35,368.97,1.764,616.35,sombreado_parcial
15.69,237,884.35,21.46,50.46,58.81,2.58,358.61,7.638,2725.06,normal
6.87,309,199.98,17.48,23.13,64.24,0.25,376.54,1.799,660.26,normal
13.13,100,1000.0,27.38,60.11,50.74,2.77,347.01,7.556,2610.55,suciedad
19.95,261,3.65,24.3,26.34,67.61,5.7,380.44,0.073,20.7,normal
17.4,305,517.68,34.44,51.58,27.59,0.15,354.92,3.528,1265.74,suciedad
14.61,354,833.27,22.92,47.75,87.29,4.83,358.81,4.084,1451.18,sombreado_parcial
10.29,286,783.74,19.98,42.59,72.51,1.5,364.43,2.356,865.11,falla_panel
14.73,328,842.99,30.37,54.57,64.18,0.52,2.8,3.753,10.37,falla_inversor
13.38,103,1000.0,30.55,63.46,42.14,0.58,344.67,8.577,2948.82,normal
11.97,63,953.55,26.01,55.61,31.27,7.53,353.38,4.633,1637.14,sombreado_parcial
7.83,175,435.79,29.06,41.78,48.65,0.35,363.12,3.481,1277.49,suciedad
18.41,282,338.38,24.77,35.15,66.31,6.05,373.7,3.047,1140.04,normal
12.3,293,946.75,26.4,57.61,64.36,2.36,346.95,8.128,2830.26,normal
8.72,226,621.12,31.99,52.57,46.78,0.12,4.59,8.725,40.48,falla_inversor
11.15,7,797.54,28.75,54.33,62.93,1.87,352.92,6.797,2418.53,normal
11.8,127,1000.0,23.98,56.19,76.96,5.1,354.85,8.32,2947.05,normal
17.59,92,548.41,33.11,50.52,21.84,3.89,356.35,4.149,1524.78,suciedad
16.27,190,811.76,10.81,36.63,51.54,2.01,370.32,3.241,1156.14,sombreado_parcial
16.77,359,588.44,37.31,56.03,73.1,5.9,347.21,4.977,1736.86,normal
6.15,53,27.83,14.76,15.63,58.23,0.38,390.61,0.305,102.52,normal
11.83,242,993.6,21.24,53.42,65.6,7.22,353.57,8.502,3044.31,normal
12.74,132,1000.0,24.75,56.55,56.17,5.62,351.5,2.059,740.86,falla_panel
6.27,364,32.17,24.12,23.81,89.43,3.7,379.23,0.081,10.54,falla_panel
9.64,112,767.2,31.04,55.81,23.82,5.11,349.74,6.674,2326.77,normal
16.64,7,623.76,18.65,38.52,54.37,2.35,367.52,4.165,1537.86,suciedad
7.92,230,447.63,26.56,41.47,26.4,3.37,364.21,4.044,1436.68,normal
13.49,156,1000.0,21.53,52.62,31.18,2.47,354.3,3.999,1441.83,sombreado_parcial
9.01,197,692.58,26.77,49.63,46.81,1.32,356.93,6.209,2196.57,normal
6.17,323,23.33,24.61,25.25,30.89,2.52,378.77,0.083,39.65,sombreado_parcial
9.38,364,600.8,25.56,45.42,87.46,0.89,360.12,5.28,1916.65,normal
19.66,223,129.62,21.7,25.07,86.28,1.74,378.44,1.051,435.04,normal
17.22,250,590.31,21.94,39.81,43.53,0.99,371.45,5.008,1894.18,normal
19.43,83,123.62,26.72,31.49,64.78,0.39,374.51,1.102,410.02,normal
12.83,240,1000.0,30.66,61.41,57.36,1.17,23.31,2.465,57.36,falla_inversor
7.54,360,336.28,21.41,35.23,77.09,5.73,5.71,8.684,49.76,falla_inversor
13.67,323,892.44,19.79,48.53,63.92,1.44,357.47,6.955,2489.79,suciedad
12.36,263,968.92,28.68,59.0,20.02,4.14,346.81,8.089,2807.85,normal
17.82,189,489.67,24.8,41.34,73.42,0.58,365.27,4.373,1606.06,normal
7.37,290,321.32,29.98,39.3,72.28,1.66,366.82,2.804,1047.0,normal
12.84,362,879.63,19.57,48.44,55.68,0.37,355.46,7.787,2758.73,normal
8.1,58,436.79,14.32,29.32,83.2,0.45,376.85,3.946,1463.66,normal
10.55,9,752.48,21.8,47.2,83.59,2.88,359.45,3.157,1128.01,sombreado_parcial
16.32,304,657.53,20.4,40.29,56.67,2.81,366.07,5.786,2109.9,normal
12.66,115,1000.0,24.53,53.94,62.56,0.72,354.81,7.898,2788.97,suciedad
11.26,210,978.86,21.18,50.85,89.76,1.93,357.34,5.946,2128.94,sombreado_parcial
11.52,41,872.9,29.45,56.3,40.92,5.97,353.51,7.403,2628.52,normal
12.43,304,967.03,23.27,55.99,42.72,0.57,351.24,3.543,1279.38,sombreado_parcial
16.99,173,696.19,25.9,50.95,32.79,0.06,357.17,6.065,2176.17,normal
18.49,234,366.87,25.95,37.93,82.71,3.17,367.34,3.275,1214.61,normal
19.37,281,151.97,26.17,30.93,72.11,0.16,374.75,1.32,514.43,normal
17.02,78,616.41,24.86,43.59,27.39,11.73,363.5,4.444,1611.14,suciedad
10.42,108,866.49,28.06,56.38,88.72,2.82,349.2,7.574,2648.38,normal
15.63,281,809.34,20.23,48.8,71.17,1.91,357.51,4.321,1537.23,sombreado_parcial
12.13,39,920.6,33.4,64.84,79.54,1.69,339.59,7.631,2610.31,normal
9.57,119,750.66,23.58,48.75,23.37,2.55,359.91,6.598,2402.26,normal
17.77,335,436.49,17.13,32.46,55.35,0.28,375.44,3.839,1428.66,normal
6.54,336,94.82,26.13,30.34,68.9,7.98,372.5,0.599,207.7,sombreado_parcial
18.62,27,276.29,19.89,28.46,58.01,2.95,379.03,1.074,422.99,sombreado_parcial
12.46,104,1000.0,28.99,59.14,66.67,0.61,349.51,6.696,2346.67,suciedad
14.92,74,873.79,38.26,65.53,77.25,2.48,342.13,7.638,2608.69,normal
15.23,191,912.97,20.28,49.44,46.2,0.43,357.42,7.999,2848.65,normal
18.53,324,276.58,26.99,33.46,79.41,0.05,373.11,1.612,634.17,sombreado_parcial
14.91,147,1000.0,14.47,45.49,31.4,2.99,357.91,9.06,3225.03,normal
14.6,255,942.49,27.72,55.94,38.96,3.14,355.22,8.162,2922.81,normal
6.93,284,215.87,19.69,27.95,23.03,2.63,372.86,1.902,735.32,normal
13.26,213,1000.0,21.25,51.68,45.51,0.61,351.73,6.439,2272.0,suciedad
8.1,123,464.95,18.39,33.41,46.59,2.77,374.13,2.769,1044.09,sombreado_parcial
16.32,206,768.07,29.39,52.34,76.37,0.17,355.86,6.785,2414.0,normal
13.17,240,1000.0,31.04,64.69,65.72,2.82,345.7,5.013,1730.32,sombreado_parcial
15.52,339,810.69,25.14,47.92,50.57,2.42,358.43,5.951,2102.76,suciedad
6.58,286,134.61,19.81,24.73,65.65,3.19,378.41,1.232,483.32,normal
7.19,22,275.03,34.54,41.22,23.69,6.78,364.73,2.462,878.41,normal
16.03,259,777.42,20.5,44.03,32.62,5.7,363.63,3.971,1470.75,sombreado_parcial
7.01,357,229.41,12.03,19.51,63.89,11.84,383.83,0.823,339.72,sombreado_parcial
7.0,105,272.72,27.75,36.66,64.9,11.22,366.79,2.363,883.97,normal
6.17,258,36.14,18.37,19.84,74.19,4.44,384.96,0.098,74.94,sombreado_parcial
19.39,204,136.96,30.93,35.44,48.21,9.4,368.64,1.259,455.89,normal
16.33,310,654.38,22.71,42.2,70.58,6.06,363.31,5.021,1802.09,suciedad
10.95,262,890.19,28.62,56.19,67.88,3.9,349.13,8.01,2780.79,normal
10.15,107,840.18,33.41,59.71,87.44,0.24,348.19,6.963,2451.45,normal
10.9,251,948.72,17.75,47.69,35.06,0.15,357.55,4.615,1609.41,sombreado_parcial
16.85,221,666.98,21.6,42.35,58.62,5.45,362.48,5.855,2120.19,normal
15.26,222,931.55,24.55,54.75,62.12,2.02,353.15,7.89,2758.91,normal
8.59,258,517.5,34.23,50.54,89.91,5.06,353.52,3.511,1243.78,suciedad
8.44,201,556.91,21.05,38.76,34.08,1.13,365.12,2.365,865.75,sombreado_parcial
7.38,258,312.8,21.43,30.63,56.63,1.52,375.33,2.18,825.28,suciedad
15.24,349,798.81,27.87,51.25,44.23,3.61,353.31,6.926,2410.54,normal
16.7,225,726.83,21.54,44.48,56.81,7.41,364.09,5.258,1888.99,suciedad
9.71,202,811.53,25.92,53.09,36.25,0.28,351.21,7.214,2534.67,normal
6.29,226,81.23,15.69,18.89,23.33,5.93,385.56,0.732,288.3,normal
7.15,236,267.45,38.29,45.42,60.08,4.73,358.87,2.533,895.78,normal
19.55,183,89.72,16.91,20.94,43.51,1.14,386.78,0.786,340.12,normal
10.14,200,833.94,23.07,48.63,32.74,1.32,355.44,7.098,2561.47,normal
16.77,357,586.0,24.81,44.19,42.68,0.14,365.61,5.151,1902.2,normal
14.75,246,947.49,36.48,65.53,23.45,0.05,26.62,3.774,99.99,falla_inversor
11.35,353,863.89,17.05,44.58,86.53,1.94,361.03,1.327,459.81,falla_panel
8.88,111,630.76,36.9,55.84,60.68,0.3,346.53,4.776,1676.6,suciedad
7.7,6,332.65,29.54,39.2,77.03,0.65,369.84,1.714,605.51,sombreado_parcial
14.61,236,984.35,27.5,55.91,49.62,5.63,351.65,6.119,2161.19,suciedad
16.84,127,691.98,19.09,41.48,83.23,2.54,361.9,6.246,2252.88,normal
15.01,104,951.86,28.43,58.73,53.83,3.01,346.92,5.068,1767.43,sombreado_parcial
13.42,237,1000.0,20.66,52.55,60.18,0.62,350.52,8.786,3081.83,normal
6.59,155,187.86,32.6,38.88,54.43,5.29,365.25,1.776,615.79,normal
19.56,257,101.71,19.17,21.21,71.33,6.07,383.37,0.907,357.99,normal
17.18,235,624.73,24.32,45.29,59.67,2.22,364.0,2.894,1070.53,sombreado_parcial
10.1,289,792.09,21.67,47.91,39.01,7.31,363.22,6.983,2524.32,normal
19.72,40,55.89,19.07,19.64,30.19,5.59,386.16,0.515,180.21,suciedad
14.43,288,922.46,29.45,59.07,62.43,3.94,344.52,2.567,910.2,falla_panel
14.15,197,1000.0,28.21,60.78,54.24,3.97,350.67,8.406,2941.24,normal
16.47,273,692.37,32.25,53.19,26.72,0.33,349.68,6.131,2134.63,normal
17.36,264,579.16,14.32,31.98,47.69,0.95,375.09,4.224,1551.53,suciedad
15.19,57,833.22,31.39,58.22,56.03,0.21,348.57,7.051,2464.85,normal
7.79,298,366.62,40.03,49.22,77.88,0.03,359.45,0.424,128.1,falla_panel
10.74,98,868.83,22.29,47.81,25.33,0.52,356.82,2.221,789.61,falla_panel
18.99,137,282.75,36.37,43.72,44.39,6.37,364.28,2.426,889.09,normal
9.14,87,681.59,23.42,42.03,77.59,0.82,366.73,5.931,2188.69,normal
11.21,242,956.01,16.77,48.27,65.39,10.54,28.46,0.035,0.29,falla_inversor
12.05,199,1000.0,23.17,51.43,40.3,2.73,25.22,1.974,51.25,falla_inversor
12.15,310,918.22,31.29,60.5,79.17,0.81,348.32,7.803,2736.83,normal
14.58,84,971.85,19.97,51.56,54.53,2.06,357.45,8.447,3008.72,normal
19.2,242,173.65,21.4,26.38,54.88,0.74,377.75,1.165,405.31,sombreado_parcial
9.37,281,679.29,28.56,48.79,88.36,12.4,356.13,5.952,2144.84,normal
7.7,323,361.9,25.02,36.68,86.3,5.64,367.62,1.143,433.74,falla_panel
8.76,252,616.09,28.51,47.76,45.1,0.08,353.88,3.927,1384.42,suciedad
18.42,190,335.61,26.43,38.42,29.84,8.86,369.12,1.458,548.43,sombreado_parcial
15.04,152,969.73,27.88,54.24,42.8,3.83,352.21,8.393,2989.23,normal
10.0,302,712.64,22.41,43.3,22.13,0.26,362.05,5.611,2046.88,suciedad
17.42,278,535.12,26.39,43.96,21.45,3.33,361.11,4.773,1714.71,normal
18.06,139,417.41,19.44,32.56,47.69,3.12,373.7,3.713,1392.84,normal
17.85,176,469.02,32.73,48.52,85.87,0.74,356.33,1.891,667.33,sombreado_parcial
18.86,8,271.53,21.19,30.07,81.0,4.26,376.98,2.34,907.93,normal
9.53,295,686.63,31.77,53.03,55.8,0.27,352.62,4.778,1678.72,suciedad
16.57,235,729.96,23.6,45.96,59.57,2.02,357.8,2.109,792.1,falla_panel
12.45,163,1000.0,26.21,60.95,20.42,0.03,347.06,8.481,2929.79,normal
17.79,49,454.94,22.03,38.55,35.09,10.4,365.39,4.087,1468.5,normal
16.2,302,725.82,18.9,42.33,21.73,4.18,363.4,6.314,2319.76,normal
16.87,38,590.59,14.53,33.11,72.82,0.52,374.17,5.126,1928.6,normal
15.19,136,958.24,18.67,49.42,30.2,1.25,356.9,6.8,2453.27,suciedad
8.48,310,494.94,23.06,39.76,80.83,0.53,366.19,2.288,836.27,sombreado_parcial
13.63,219,1000.0,26.27,58.15,65.03,4.37,347.63,2.333,808.22,falla_panel
19.79,348,68.89,31.06,32.09,36.06,0.18,373.6,0.322,145.42,sombreado_parcial
19.12,296,175.87,22.33,30.5,31.04,5.51,373.53,1.561,593.9,normal
6.6,34,145.94,19.71,24.64,63.93,8.55,381.4,1.394,511.25,normal
8.31,352,447.78,16.34,33.36,83.06,3.39,371.39,4.017,1481.72,normal
7.84,79,434.11,27.88,41.73,70.29,0.72,363.73,3.863,1401.6,normal
16.16,236,770.98,33.3,57.02,44.4,1.34,347.56,6.72,2316.7,normal
17.45,273,510.26,32.6,50.62,61.12,1.95,356.7,4.521,1580.4,normal
8.99,161,664.67,29.26,50.48,41.75,2.78,31.06,1.147,35.42,falla_inversor
13.08,175,1000.0,28.83,60.28,89.94,3.31,344.3,8.553,2939.38,normal
17.77,308,476.79,35.19,48.28,72.42,2.42,356.84,1.902,683.89,sombreado_parcial
16.26,221,824.88,26.99,53.76,63.01,1.3,354.31,7.022,2484.98,normal
13.59,9,851.85,28.88,54.76,49.63,6.65,352.89,7.46,2644.94,normal
14.26,289,922.69,23.08,51.24,63.27,0.25,350.6,7.914,2804.34,normal
13.12,113,989.18,16.83,47.0,43.91,1.88,357.71,9.093,3238.41,normal
10.17,205,887.61,20.9,49.29,22.02,4.48,359.8,7.797,2792.76,normal
13.91,186,1000.0,24.95,53.89,47.66,0.19,355.06,5.365,1903.58,sombreado_parcial
15.64,341,747.32,25.36,48.4,85.13,3.67,355.26,4.18,1482.71,sombreado_parcial
18.23,197,424.23,36.56,51.29,63.84,5.14,356.83,1.548,564.74,sombreado_parcial
14.91,266,905.72,25.49,51.92,25.88,3.24,351.55,6.738,2347.75,suciedad
16.66,262,666.87,32.07,53.17,81.95,0.04,351.56,2.215,800.21,falla_panel
8.24,248,502.49,22.39,37.15,38.82,0.6,366.32,3.411,1223.68,suciedad
12.46,115,1000.0,23.13,53.77,37.06,1.26,354.14,8.702,3071.36,normal
6.13,121,49.82,17.03,21.07,40.8,0.8,5.47,0.015,0.0,falla_inversor
9.45,141,758.11,20.55,41.76,60.4,9.86,365.09,1.867,675.15,falla_panel
16.17,65,720.85,28.16,51.84,58.13,3.16,350.58,4.804,1666.53,suciedad
19.89,276,0.0,25.05,24.33,54.4,1.06,382.41,0.0,5.42,sombreado_parcial
7.39,313,245.86,30.66,37.55,70.23,7.96,371.35,2.225,811.67,normal
11.62,239,1000.0,26.09,55.67,42.16,4.05,351.34,6.411,2259.59,suciedad
17.2,302,541.5,22.89,40.94,74.74,1.0,368.83,1.646,598.37,falla_panel
8.86,10,548.92,37.89,54.76,32.27,1.43,353.47,1.99,731.34,sombreado_parcial
13.77,233,1000.0,24.44,55.21,74.78,0.67,354.91,3.836,1373.45,sombreado_parcial
16.26,195,800.68,31.98,57.16,66.47,10.63,348.98,6.918,2383.52,normal
14.62,12,835.75,22.59,48.45,67.82,2.19,358.36,7.529,2674.36,normal
8.63,177,609.72,29.26,45.31,53.71,6.79,359.35,4.983,1761.05,suciedad
10.98,177,988.56,30.57,60.72,66.69,1.28,343.16,8.46,2883.63,normal
16.97,217,710.28,26.25,49.79,25.59,5.92,354.82,2.633,945.33,sombreado_parcial
13.76,11,925.43,10.87,37.53,79.61,0.17,368.66,7.387,2732.65,suciedad
6.07,118,29.85,25.11,24.41,23.89,12.07,378.04,0.311,98.85,normal
16.65,164,778.96,32.38,56.09,30.41,7.29,350.7,6.708,2333.57,normal
6.49,39,99.96,28.16,30.2,60.38,1.35,370.71,0.884,302.09,suciedad
16.44,53,690.39,27.68,49.21,71.76,4.47,356.34,6.185,2200.37,normal
8.83,218,629.23,14.67,32.69,25.34,4.19,373.22,5.612,2095.86,normal
19.41,206,116.38,20.68,23.73,84.45,6.95,379.79,0.819,288.51,suciedad
11.15,312,870.36,27.47,54.59,88.15,1.1,351.26,5.835,2076.41,suciedad
10.58,360,781.34,27.46,52.85,62.42,1.88,353.5,2.034,721.86,falla_panel
8.08,56,433.13,32.29,47.69,53.69,6.01,357.67,1.784,642.71,sombreado_parcial
10.28,118,869.04,24.13,50.9,71.9,4.52,355.97,7.594,2707.76,normal
18.27,253,353.92,27.43,41.33,42.99,1.5,361.11,2.833,999.27,suciedad
19.95,286,0.0,25.1,24.82,54.53,5.61,377.8,0.031,0.0,sombreado_parcial
11.16,268,913.7,19.08,48.87,84.13,0.14,355.27,3.511,1245.22,sombreado_parcial
12.28,291,929.91,11.47,43.42,86.9,4.57,362.07,8.243,3012.23,normal
16.11,333,690.2,27.59,49.36,84.89,0.69,360.47,5.887,2142.38,normal
18.41,180,382.46,26.04,35.94,38.37,1.01,370.77,3.445,1262.22,normal
14.3,358,848.43,21.29,47.94,36.27,2.04,354.77,7.497,2655.27,normal
11.48,235,966.1,15.28,44.56,40.84,1.79,361.84,8.674,3116.34,normal
11.78,343,835.7,28.78,54.48,50.89,2.21,8.02,7.128,57.47,falla_inversor
15.74,196,888.5,23.4,54.15,41.99,2.36,351.4,7.694,2702.94,normal
6.05,308,21.77,28.34,27.19,46.19,1.21,376.47,0.159,63.05,normal
14.67,80,897.38,36.18,64.68,63.44,0.58,341.75,7.897,2683.56,normal
10.98,135,971.16,12.15,41.18,73.38,4.39,361.05,5.907,2095.43,sombreado_parcial
17.12,22,557.42,20.8,37.76,71.49,1.53,367.63,0.964,364.64,falla_panel
7.3,331,241.59,23.74,32.41,77.01,2.11,373.59,1.809,713.93,suciedad
14.23,225,1000.0,33.73,65.46,22.25,3.1,339.96,7.425,2516.05,suciedad
12.73,58,953.59,15.18,44.64,23.34,7.21,360.28,1.457,517.38,falla_panel
14.99,93,919.68,36.62,64.38,75.26,3.69,340.2,2.134,757.02,falla_panel
6.91,192,218.07,25.82,33.1,57.32,0.14,371.49,1.903,725.24,normal
14.12,103,970.54,24.42,57.31,60.47,5.47,349.48,8.307,2910.87,normal
13.86,7,908.24,23.81,50.84,23.68,13.63,355.07,7.9,2784.7,normal
13.85,128,1000.0,22.38,56.5,37.87,1.92,351.38,8.672,3065.36,normal
14.45,55,903.35,31.29,61.32,64.68,10.48,347.41,3.971,1384.21,sombreado_parcial
15.47,231,906.05,18.59,48.96,80.14,2.38,356.06,7.782,2805.92,normal
17.27,362,547.33,27.07,44.64,84.19,1.85,360.88,2.241,799.83,sombreado_parcial
9.78,62,705.28,22.69,46.49,55.03,1.21,357.37,6.164,2225.09,normal
17.55,240,533.17,20.43,35.58,58.18,3.21,368.99,4.844,1747.26,normal
12.98,90,1000.0,40.52,70.76,78.31,0.78,336.63,8.354,2826.43,normal
7.08,232,261.02,27.51,36.82,57.63,0.33,370.28,1.986,717.95,suciedad
6.82,233,205.23,28.68,35.54,56.18,0.08,369.79,1.158,418.29,sombreado_parcial
10.68,354,759.68,31.83,55.34,83.36,1.04,9.48,6.377,60.84,falla_inversor
16.99,333,559.31,16.47,30.2,75.3,1.51,372.39,4.065,1493.07,suciedad
15.91,292,752.6,35.51,58.38,83.64,2.41,348.78,6.321,2239.72,normal
17.04,345,538.25,9.95,25.01,35.28,1.04,378.26,4.872,1843.26,normal
13.24,152,1000.0,20.39,52.38,56.71,12.42,357.13,5.271,1869.71,sombreado_parcial
12.16,145,1000.0,22.25,53.21,78.97,1.03,356.83,7.544,2696.23,suciedad
8.06,130,507.82,28.49,43.42,27.78,1.74,365.59,4.307,1595.57,normal
10.59,141,933.44,26.31,59.45,75.63,0.33,345.43,8.331,2850.37,normal
12.08,93,1000.0,24.0,56.81,32.81,0.91,351.1,4.031,1417.47,sombreado_parcial
7.24,114,293.53,24.93,35.68,76.57,0.15,364.87,2.596,957.49,normal
9.09,284,600.5,19.13,41.2,62.84,2.46,366.75,1.387,528.91,falla_panel
14.38,143,1000.0,16.02,48.47,33.53,4.17,357.63,4.401,1572.18,sombreado_parcial
16.3,223,788.89,29.36,52.86,53.13,0.65,349.89,6.944,2433.38,normal
19.98,232,24.69,29.16,28.6,67.73,1.38,377.78,0.251,100.24,normal
19.06,33,172.13,34.51,41.33,64.37,0.05,363.79,1.207,409.02,suciedad
15.0,276,901.38,20.26,45.34,49.91,5.49,359.98,6.628,2356.41,suciedad
11.9,170,1000.0,29.16,60.29,82.96,4.54,347.53,5.945,2061.75,sombreado_parcial
14.91,140,993.81,23.3,51.1,56.35,0.2,357.2,4.029,1426.89,sombreado_parcial
17.0,357,545.24,32.14,49.33,55.41,1.36,357.42,2.386,879.3,sombreado_parcial
7.66,201,394.0,31.13,44.73,24.36,9.32,356.66,3.491,1243.64,normal
11.74,23,892.63,26.27,54.58,84.55,1.49,352.43,2.299,805.47,falla_panel
17.76,224,516.66,22.96,40.52,32.4,2.24,363.18,4.695,1709.06,normal
11.37,270,934.14,30.77,62.9,56.98,1.32,344.95,7.874,2723.53,normal
14.01,347,898.06,28.88,56.73,76.25,2.72,350.5,7.713,2717.32,normal
14.23,153,1000.0,20.89,56.35,35.08,11.47,349.56,8.672,3030.81,normal
8.58,333,473.24,17.03,32.14,56.92,15.0,372.92,4.216,1550.98,normal
11.07,85,914.85,23.27,53.28,36.85,4.47,349.42,5.621,1941.34,sombreado_parcial
10.68,109,902.82,34.09,61.39,73.18,1.55,348.52,7.419,2585.63,normal
6.37,31,91.78,31.88,37.18,59.5,2.05,368.94,0.154,36.98,falla_panel
6.34,229,58.58,18.33,21.72,79.92,1.32,383.47,0.314,138.39,sombreado_parcial
17.64,240,543.91,17.99,37.2,82.62,12.72,368.86,4.984,1828.16,normal
9.82,363,708.84,32.65,54.88,65.41,3.69,347.84,6.292,2190.45,normal
13.25,310,925.56,18.19,45.23,70.78,1.79,362.58,8.0,2913.15,normal
10.18,141,877.85,28.06,56.18,58.45,0.04,349.4,7.721,2659.91,normal
19.17,156,187.83,21.3,24.63,46.91,2.2,380.41,1.766,680.66,normal
9.63,299,673.84,34.7,55.26,65.37,12.39,349.88,5.979,2098.47,normal
12.02,345,871.05,20.38,47.88,83.58,2.22,355.63,7.686,2741.5,normal
18.22,99,430.63,31.86,48.88,49.17,0.6,356.04,3.761,1333.05,normal
17.79,47,449.35,26.11,40.63,42.01,0.07,364.59,4.089,1466.32,normal
8.61,327,476.03,26.51,41.6,47.19,1.31,364.02,1.372,520.51,falla_panel
17.24,67,573.26,13.18,31.0,50.48,7.51,373.11,5.168,1919.28,normal
12.41,62,977.68,11.78,40.32,25.15,15.0,365.04,3.737,1357.85,sombreado_parcial
12.76,109,1000.0,23.68,55.06,54.89,8.72,350.65,8.464,2996.11,normal
7.87,167,477.15,26.48,41.55,54.6,3.92,361.35,4.332,1540.85,normal
7.13,37,249.17,18.25,24.58,61.19,2.45,380.14,1.818,685.84,suciedad
16.19,119,780.32,18.47,41.07,45.4,2.68,364.48,6.927,2511.6,normal
12.95,86,999.22,28.37,58.87,62.92,2.32,346.24,8.407,2946.9,normal
12.12,52,939.46,28.38,57.83,81.48,3.68,350.48,3.897,1340.31,sombreado_parcial
16.21,91,731.95,24.17,46.36,86.88,1.63,359.5,6.444,2279.52,normal
16.72,289,648.95,29.68,48.38,60.85,3.32,358.37,5.544,1989.52,normal
8.22,337,397.62,17.95,30.81,22.98,0.39,372.57,3.706,1394.06,normal
14.54,298,907.14,22.86,52.02,87.85,0.93,352.8,7.579,2717.09,normal
7.89,204,465.54,34.89,49.62,69.41,5.42,355.88,4.027,1456.26,normal
16.52,238,742.96,25.41,47.78,43.52,7.02,25.43,3.67,92.29,falla_inversor
15.2,155,952.02,25.76,56.4,30.3,2.32,346.31,4.94,1711.32,sombreado_parcial
19.39,240,144.41,38.84,43.06,30.04,0.1,365.39,0.584,241.18,sombreado_parcial
6.97,136,222.34,16.6,21.77,31.74,7.85,381.76,1.483,537.07,sombreado_parcial
6.8,362,140.02,29.78,35.71,23.19,3.63,369.38,0.999,381.45,suciedad
9.95,64,747.03,34.98,58.86,83.15,1.6,348.26,2.894,1033.73,sombreado_parcial
9.66,123,796.0,23.05,47.75,57.85,2.74,357.82,5.657,2023.21,suciedad
9.46,254,711.45,30.16,50.03,69.0,1.69,353.81,6.123,2157.49,normal
18.69,114,335.32,19.11,28.47,77.97,1.88,378.65,2.962,1146.89,normal
9.49,20,660.78,20.88,44.56,75.41,6.54,360.33,4.815,1740.53,suciedad
9.81,16,700.05,27.31,46.92,81.78,0.53,360.31,1.441,491.63,falla_panel
16.63,145,715.45,29.79,51.77,87.71,0.33,357.35,6.19,2236.26,normal
12.3,208,1000.0,31.73,62.95,50.73,0.01,341.32,6.049,2058.67,sombreado_parcial
16.87,19,568.08,34.42,52.65,86.52,1.13,355.34,2.487,889.42,sombreado_parcial
6.92,166,220.56,24.6,29.24,70.63,0.48,376.17,2.047,760.04,normal
12.83,38,919.26,32.16,61.15,24.95,0.75,343.83,2.558,897.65,falla_panel
6.47,181,108.24,22.95,23.8,67.72,0.03,381.99,0.578,216.17,sombreado_parcial
6.88,349,197.29,30.41,36.72,68.07,0.77,369.07,0.893,347.32,sombreado_parcial
18.69,105,311.31,26.24,34.99,83.41,1.21,369.28,2.703,1035.2,normal
7.95,100,458.07,27.67,40.69,46.11,0.1,368.9,4.089,1534.55,normal
13.45,90,979.84,27.54,59.41,60.94,2.81,348.07,8.485,2957.29,normal
11.76,300,904.58,15.37,43.29,20.85,2.52,360.44,7.925,2852.42,normal
10.86,332,823.95,18.26,44.71,43.25,0.31,361.93,7.286,2615.19,normal
18.6,79,339.11,25.62,36.97,24.36,2.71,368.26,2.47,902.89,suciedad
6.31,73,36.72,14.88,17.93,56.53,15.0,384.45,0.271,74.34,sombreado_parcial
15.29,176,950.24,29.99,57.87,77.22,8.67,348.31,7.921,2762.39,normal
19.49,96,138.55,30.23,35.94,34.45,0.01,370.38,1.287,466.53,normal
13.84,345,881.24,26.96,54.53,56.92,4.76,350.09,4.076,1444.29,sombreado_parcial
19.12,103,186.57,18.27,23.54,34.28,1.31,378.59,1.678,629.24,normal
6.73,224,142.49,33.28,36.01,28.45,0.2,16.51,0.346,6.02,falla_inversor
11.86,6,856.13,37.22,64.89,55.77,1.05,339.46,6.545,2229.84,suciedad
9.64,122,743.78,25.88,47.74,25.54,1.16,359.46,5.731,2058.94,suciedad
16.23,236,782.54,28.06,53.29,61.11,2.22,353.94,6.763,2418.65,normal
19.74,116,80.06,26.21,31.6,22.19,3.25,371.88,0.613,221.87,suciedad
9.59,163,767.66,28.18,53.64,27.47,4.15,352.36,6.627,2322.71,normal
15.16,226,942.15,24.28,55.81,58.5,0.85,348.1,4.882,1711.56,sombreado_parcial
8.77,230,630.78,24.79,43.43,61.4,1.16,361.2,5.664,2042.57,normal
13.91,182,1000.0,30.43,62.83,22.03,1.11,342.74,3.876,1307.14,sombreado_parcial
12.5,249,984.26,39.07,68.12,60.14,1.35,339.64,8.272,2796.68,normal
19.61,318,88.39,16.6,19.01,78.7,15.0,388.05,0.84,328.49,normal
14.52,210,1000.0,24.38,58.24,70.56,4.51,346.24,8.593,2968.4,normal
10.89,144,966.58,17.92,47.21,29.18,11.07,357.24,8.478,3002.13,normal
7.6,345,305.19,34.55,45.76,61.47,3.54,360.83,1.518,543.31,sombreado_parcial
8.12,96,471.65,21.47,37.74,67.06,1.56,6.42,6.895,43.93,falla_inversor
9.15,346,595.96,16.34,36.58,22.61,1.48,367.17,4.014,1459.17,suciedad
9.51,244,779.27,28.83,51.28,79.87,2.01,356.75,6.855,2443.89,normal
17.91,86,459.17,35.47,50.6,83.44,1.62,358.12,3.944,1389.44,normal
13.86,184,1000.0,28.98,60.0,79.53,5.29,344.89,8.749,3034.78,normal
13.33,121,1000.0,26.23,59.11,77.72,1.88,345.94,8.504,2934.47,normal
7.61,332,317.97,27.45,34.91,72.15,1.05,6.4,0.764,5.06,falla_inversor
18.04,92,437.08,33.49,47.7,64.34,4.47,360.35,3.989,1421.51,normal
16.12,70,727.31,19.75,42.82,67.5,5.78,362.46,5.822,2110.39,suciedad
6.95,133,233.79,24.33,28.65,76.45,1.64,375.12,1.999,731.96,suciedad
15.91,279,732.21,22.28,43.84,66.37,3.31,363.11,2.872,1028.86,sombreado_parcial
13.61,137,1000.0,17.99,46.5,42.94,0.18,360.21,2.314,841.12,falla_panel
7.14,314,236.46,23.03,29.33,46.32,2.26,375.73,2.13,790.12,normal
12.42,187,1000.0,31.65,63.72,82.79,0.14,346.81,8.433,2916.66,normal
12.79,221,1000.0,28.4,59.94,21.2,0.09,347.22,1.344,470.11,falla_panel
8.32,46,465.35,28.87,43.66,68.92,2.85,359.92,1.828,642.5,sombreado_parcial
19.24,278,168.41,25.88,29.58,86.83,1.08,376.41,1.544,583.29,normal
17.9,192,516.29,28.14,45.95,69.44,4.07,358.64,4.486,1623.0,normal
15.37,8,754.17,20.2,43.74,89.57,6.79,361.78,5.708,2060.05,suciedad
12.47,276,978.22,23.14,53.76,68.13,0.45,354.13,8.445,2982.56,normal
11.76,179,1000.0,26.15,58.81,22.41,3.87,349.52,1.232,482.69,falla_panel
15.11,334,802.31,26.67,50.25,77.89,2.17,350.04,7.451,2566.05,normal
13.64,39,916.45,26.92,55.9,39.92,0.36,349.43,4.262,1439.88,sombreado_parcial
6.87,293,193.35,24.17,30.85,51.22,3.16,373.35,1.187,458.78,sombreado_parcial
13.18,178,1000.0,22.74,53.17,41.85,2.82,353.16,6.188,2174.56,sombreado_parcial
17.29,162,645.63,43.95,65.1,38.8,2.17,340.07,5.578,1914.92,normal
12.43,331,907.1,30.44,59.5,50.2,7.83,346.57,2.527,904.55,falla_panel
6.73,104,172.46,27.48,32.72,46.51,2.21,372.43,0.735,282.22,sombreado_parcial
17.01,161,720.43,23.6,45.92,64.33,13.97,356.7,4.723,1709.34,suciedad
8.82,287,536.56,22.29,39.85,76.92,2.14,365.48,4.796,1743.04,normal
9.62,123,808.87,24.22,50.68,40.8,0.37,357.48,7.083,2516.43,normal
8.31,54,467.45,26.76,41.46,34.96,1.91,361.82,4.283,1517.89,normal
10.62,34,811.22,13.72,40.75,66.68,0.6,365.26,7.212,2633.46,normal
16.59,242,709.35,15.58,38.74,66.92,2.73,367.05,3.133,1134.27,sombreado_parcial
13.27,113,1000.0,21.18,49.75,83.08,3.54,352.82,8.723,3070.73,normal
8.87,318,560.81,26.24,41.66,21.12,1.9,363.42,3.889,1408.0,suciedad
18.29,23,364.17,23.56,36.72,79.71,0.31,368.65,3.167,1185.86,normal
18.31,46,358.4,33.87,44.7,56.47,1.9,363.74,3.069,1120.53,normal
18.19,312,354.87,16.11,27.44,63.49,0.25,376.91,0.989,379.64,falla_panel
9.34,135,809.34,20.49,47.49,26.4,3.44,359.34,2.181,773.1,falla_panel
12.32,118,1000.0,34.12,65.36,50.28,4.69,340.21,1.247,460.06,falla_panel
19.79,189,70.3,25.79,28.04,35.91,9.84,377.68,0.603,207.75,suciedad
16.81,131,700.01,30.31,50.88,37.8,0.48,357.13,3.547,1271.62,sombreado_parcial
6.38,212,79.25,37.31,40.34,55.29,2.28,362.08,0.173,74.61,falla_panel
6.91,113,208.76,20.84,28.24,76.87,2.51,377.17,1.675,625.27,suciedad
12.5,44,957.51,24.4,53.46,72.06,7.67,32.56,0.643,20.98,falla_inversor
18.73,128,282.22,23.37,30.8,61.37,2.96,374.19,2.525,941.92,normal
13.54,364,873.53,13.27,44.51,57.76,0.47,361.92,2.968,1050.5,falla_panel
12.97,158,1000.0,23.14,54.25,49.91,1.72,353.7,4.404,1589.24,sombreado_parcial
7.48,273,325.86,30.29,39.44,88.09,3.19,363.52,2.865,1066.8,normal
15.19,315,796.5,28.24,54.19,59.21,3.61,353.02,6.932,2456.75,normal
17.51,355,455.4,28.71,42.87,37.78,5.96,365.38,1.308,452.37,falla_panel
11.33,340,868.59,22.75,48.26,36.11,0.6,357.02,3.252,1146.75,sombreado_parcial
16.86,45,618.4,21.06,41.11,62.79,9.08,23.96,1.505,36.21,falla_inversor
19.5,108,89.26,32.62,34.13,56.6,0.18,370.04,0.802,285.64,normal
8.85,219,612.11,22.02,43.51,20.54,12.36,362.99,5.403,1945.89,normal
13.33,318,908.65,26.76,55.9,78.1,5.85,353.47,7.905,2784.97,normal
10.02,315,737.63,25.98,48.62,69.29,3.24,361.71,3.932,1402.48,sombreado_parcial
17.1,177,677.98,33.77,55.12,66.33,3.98,354.52,3.6,1273.22,sombreado_parcial
14.09,228,1000.0,30.83,63.43,24.81,0.23,342.8,4.146,1412.68,sombreado_parcial
14.88,191,968.11,17.23,47.76,45.34,0.13,356.66,8.533,3034.64,normal
17.17,160,655.75,17.87,41.55,85.48,0.32,361.2,5.754,2085.77,normal
11.54,267,968.26,28.47,60.44,80.38,0.27,347.23,8.131,2825.64,normal
18.81,358,263.97,24.61,33.59,39.99,2.38,377.71,0.78,284.92,falla_panel
13.46,326,913.47,22.27,49.41,30.99,0.73,357.22,7.88,2832.51,normal
8.21,190,568.23,31.09,48.63,51.44,5.9,358.24,4.829,1742.91,normal
15.74,175,910.19,26.12,55.29,44.91,1.77,351.14,7.904,2780.12,normal
17.11,290,598.06,25.31,42.77,67.76,3.57,364.23,4.196,1527.25,suciedad
10.43,357,755.97,29.68,55.24,87.65,3.17,350.02,6.332,2216.66,normal
18.0,145,457.19,22.75,35.58,45.41,1.16,370.6,4.035,1495.62,normal
18.69,232,287.67,34.41,42.44,24.36,0.84,362.83,1.392,502.76,sombreado_parcial
9.88,360,691.92,20.27,41.05,82.83,1.26,20.23,2.567,52.18,falla_inversor
19.77,204,51.89,28.94,31.68,22.66,4.78,373.63,0.303,126.15,sombreado_parcial
7.97,213,424.63,33.6,45.67,86.69,2.65,361.41,3.676,1327.94,normal
8.83,40,534.71,16.74,30.75,66.52,0.88,372.72,3.455,1275.84,sombreado_parcial
8.58,275,528.94,22.94,41.1,85.92,5.11,37.39,0.833,29.54,falla_inversor
18.52,323,313.25,31.85,40.98,33.98,0.17,366.77,1.579,615.7,sombreado_parcial
15.16,82,887.53,31.94,58.08,22.85,3.6,347.98,7.739,2710.39,normal
8.13,181,503.77,23.97,38.58,54.17,1.73,365.97,4.473,1619.55,normal
12.16,320,880.61,20.59,50.69,51.54,3.94,27.68,1.21,33.88,falla_inversor
14.61,83,940.4,30.74,59.14,43.2,7.87,345.24,6.521,2282.86,suciedad
7.17,303,268.95,32.1,40.32,87.04,4.16,364.66,1.734,610.12,sombreado_parcial
18.35,262,364.48,18.01,28.73,77.58,1.75,376.76,3.437,1275.95,normal
17.25,272,539.02,17.78,32.77,66.31,0.49,373.02,2.943,1119.69,sombreado_parcial
13.07,200,1000.0,26.35,56.49,31.4,4.93,353.57,8.619,3068.13,normal
19.54,240,118.76,28.78,30.54,71.4,1.85,373.72,1.23,403.88,normal
11.85,180,1000.0,23.21,55.89,70.89,0.23,349.43,2.025,723.76,falla_panel
19.78,171,53.4,29.08,30.9,49.75,3.81,374.21,0.535,177.36,normal
15.35,295,805.94,20.74,49.65,84.74,1.04,354.75,7.079,2483.92,normal
14.89,177,1000.0,12.31,42.5,31.69,0.15,366.44,3.082,1155.97,falla_panel
8.32,237,513.21,22.46,37.21,38.71,6.99,371.99,4.477,1682.24,normal
18.35,138,389.23,25.38,39.84,24.43,1.98,367.48,3.228,1167.38,suciedad
11.98,327,869.87,23.34,52.12,75.68,0.99,356.1,3.514,1275.56,sombreado_parcial
8.27,311,470.16,18.05,33.32,63.52,3.78,371.77,0.892,351.71,falla_panel
6.18,129,38.13,14.11,13.63,42.05,6.51,392.15,0.32,129.3,suciedad
13.84,49,944.61,21.92,54.05,31.47,0.0,354.9,6.271,2227.72,suciedad
13.38,164,1000.0,30.39,61.53,22.81,3.49,344.66,8.548,2927.21,normal
16.07,277,787.42,32.54,56.5,31.67,4.37,352.94,6.679,2347.2,normal
18.46,293,346.58,32.13,44.67,51.73,0.71,361.26,0.677,240.87,falla_panel
7.11,116,223.03,20.1,27.04,37.3,2.02,377.86,2.107,799.03,normal
16.24,24,669.59,18.08,37.25,38.13,0.28,366.6,4.792,1776.06,suciedad
8.62,311,523.73,27.98,44.41,81.29,4.12,362.0,4.696,1678.0,normal
18.01,25,369.59,28.81,39.19,56.06,5.64,368.76,3.297,1213.13,normal
17.47,127,574.63,27.4,40.84,71.05,0.34,360.43,5.017,1796.6,normal
13.57,234,1000.0,12.92,42.84,22.5,5.09,363.74,8.995,3267.61,normal
15.94,209,848.87,19.8,45.53,45.56,4.43,7.87,7.451,58.62,falla_inversor
10.4,93,863.98,24.82,50.09,53.54,1.28,356.4,1.012,358.93,falla_panel
12.6,94,1000.0,27.92,60.04,33.05,3.52,342.78,5.845,2003.32,sombreado_parcial
17.5,327,438.98,29.6,42.16,28.41,0.0,360.98,3.047,1102.58,suciedad
12.43,225,1000.0,25.87,57.83,80.92,8.06,348.65,4.429,1554.77,sombreado_parcial
11.01,280,894.62,26.98,53.09,85.76,2.4,349.97,6.211,2164.28,suciedad
12.92,11,957.17,25.51,56.78,25.52,2.91,355.18,6.189,2178.06,suciedad
17.6,329,422.84,29.11,40.41,44.43,3.28,367.95,3.636,1333.45,normal
10.69,12,803.94,26.88,48.49,87.08,2.47,355.61,7.231,2542.79,normal
8.43,35,443.49,25.39,41.11,25.82,5.83,366.44,2.095,776.02,sombreado_parcial
15.97,228,865.39,23.39,49.15,65.05,2.82,19.48,6.257,119.82,falla_inversor
17.56,220,564.36,25.49,45.76,88.06,7.15,359.55,2.655,946.73,sombreado_parcial
7.41,141,318.85,27.91,38.72,88.48,2.62,368.93,0.191,121.64,falla_panel
9.36,23,642.99,26.6,47.88,52.99,0.56,354.09,4.396,1522.56,suciedad
7.99,83,422.54,27.28,42.06,31.39,7.35,363.11,2.331,863.71,sombreado_parcial
10.87,229,942.48,33.06,62.68,34.15,3.43,343.16,2.341,799.71,falla_panel
12.3,344,894.58,26.59,54.73,82.27,3.6,355.35,7.797,2761.72,normal
16.48,80,744.59,21.11,46.3,83.82,12.7,357.85,6.618,2367.02,normal
15.12,353,836.73,30.3,56.62,62.55,0.23,351.33,5.427,1908.6,suciedad
14.69,290,874.41,16.8,43.04,73.63,1.68,361.49,7.498,2721.94,normal
10.93,331,832.87,18.51,45.42,71.8,0.82,362.73,7.183,2614.86,normal
17.78,159,531.58,27.02,40.46,66.33,2.99,364.45,2.969,1060.49,sombreado_parcial
12.6,128,1000.0,28.1,61.33,77.91,4.93,343.06,8.357,2884.46,normal
19.71,190,57.89,17.53,21.35,67.98,10.17,383.41,0.165,62.19,falla_panel
14.88,31,891.07,22.7,52.35,57.38,1.82,18.9,6.176,116.02,falla_inversor
7.77,359,355.03,21.36,34.2,36.59,4.63,372.31,1.938,741.03,sombreado_parcial
15.47,15,794.17,22.08,46.77,72.07,7.47,356.33,4.31,1527.4,sombreado_parcial
10.55,313,783.42,30.66,54.98,53.14,3.45,348.32,6.13,2117.1,suciedad
15.61,75,815.55,29.24,52.88,40.64,0.83,352.23,7.083,2488.53,normal
6.97,34,202.14,24.89,33.82,76.14,2.81,369.65,1.848,662.12,normal
8.45,359,464.85,21.72,35.52,68.77,10.51,368.2,3.07,1131.29,suciedad
17.98,196,447.86,16.9,31.41,85.61,13.16,372.99,3.056,1155.75,suciedad
9.18,331,574.07,33.52,51.84,31.58,3.08,355.68,5.12,1823.85,normal
17.72,29,466.34,28.55,41.12,65.44,6.54,364.14,3.096,1152.31,suciedad
9.91,194,832.53,20.76,44.16,37.1,0.67,359.43,4.611,1614.55,sombreado_parcial
15.0,16,821.09,29.32,54.98,83.25,0.85,349.68,7.181,2511.3,normal
15.72,77,820.15,24.58,49.53,26.96,9.17,357.59,4.256,1555.39,sombreado_parcial
13.18,293,955.39,23.28,53.0,65.93,0.44,353.18,8.369,2967.4,normal
10.27,81,843.05,27.61,55.55,75.38,0.64,349.55,7.334,2567.26,normal
8.98,124,640.04,20.55,40.89,44.84,1.64,366.17,4.453,1653.99,suciedad
6.46,19,106.46,22.94,27.4,86.79,2.67,379.33,0.362,161.88,falla_panel
10.26,102,861.52,25.73,53.32,79.55,2.78,354.63,7.26,2580.85,normal
15.14,77,901.59,22.0,49.7,40.62,1.04,356.33,0.96,332.4,falla_panel
19.14,229,174.85,29.01,32.98,20.53,7.6,370.62,1.61,579.28,normal
18.2,297,376.74,36.21,48.38,40.77,7.4,357.33,3.306,1161.36,normal
16.72,203,762.14,20.47,44.42,39.69,1.49,360.13,6.73,2434.43,normal
17.04,61,594.96,15.01,34.97,82.3,1.71,365.26,5.404,2022.71,normal
15.31,26,808.71,12.99,38.04,87.7,3.64,367.14,7.371,2673.46,normal
9.64,71,733.94,24.1,46.59,24.93,3.26,355.19,2.437,869.64,falla_panel
18.7,103,278.02,21.02,29.36,52.99,1.45,374.4,2.544,960.76,normal
15.39,326,819.91,26.25,50.49,58.38,1.6,354.62,7.105,2497.47,normal
13.85,363,895.06,25.8,55.94,26.5,1.28,353.7,6.756,2395.29,suciedad
7.55,157,385.19,15.38,29.13,46.42,0.81,373.71,3.561,1321.75,normal
12.26,363,855.59,14.11,39.03,42.2,1.84,367.14,4.411,1614.88,sombreado_parcial
12.45,359,909.33,26.78,56.4,57.52,3.48,349.54,7.807,2750.54,normal
18.1,194,461.04,25.81,37.45,66.28,4.06,369.09,4.121,1541.04,normal
13.65,275,1000.0,22.45,55.17,69.24,4.53,350.01,7.127,2498.32,suciedad
11.33,324,842.92,15.06,40.35,29.57,1.41,362.26,7.369,2669.82,normal
19.68,186,60.11,27.83,30.25,76.91,4.34,375.23,0.537,213.22,normal
7.55,326,296.95,32.63,39.02,67.5,0.02,366.72,2.632,976.69,normal
11.92,113,1000.0,26.67,56.12,82.24,1.94,350.81,8.584,3012.51,normal
6.59,313,99.21,19.92,23.72,51.45,4.74,380.62,0.469,191.81,sombreado_parcial
16.36,165,827.47,25.27,50.07,82.57,2.98,355.47,7.391,2611.54,normal
18.85,61,272.91,16.8,24.07,80.6,1.93,382.49,1.25,472.39,sombreado_parcial
9.92,92,782.48,31.35,57.89,50.69,3.1,350.18,3.953,1393.54,sombreado_parcial
18.02,286,405.69,25.49,41.49,46.68,7.12,362.73,3.623,1303.63,normal
10.09,153,833.65,14.39,41.85,85.3,2.51,363.7,2.739,972.12,falla_panel
18.75,225,307.23,23.2,31.16,70.06,4.83,29.19,0.886,25.6,falla_inversor
16.56,127,781.85,27.78,54.86,84.98,11.85,352.77,4.45,1595.4,sombreado_parcial
17.27,193,616.04,23.0,39.91,75.79,3.67,366.76,5.494,1986.04,normal
6.25,115,57.41,23.34,24.68,62.65,2.56,383.13,0.612,202.43,normal
19.48,262,125.36,17.65,21.65,28.11,0.11,384.65,1.259,460.57,normal
16.17,18,725.17,28.4,53.95,40.4,1.41,352.86,6.308,2214.59,normal
10.27,10,745.34,21.11,45.77,87.82,2.5,365.43,6.344,2308.91,normal
17.61,92,525.06,12.06,27.77,42.36,4.79,378.06,3.45,1301.47,suciedad
9.94,139,842.87,22.77,47.69,26.53,1.73,359.55,7.299,2622.45,normal
18.22,333,324.23,30.89,42.52,69.53,9.66,1.8,4.756,8.65,falla_inversor
7.58,357,282.84,22.68,30.72,71.38,0.95,376.19,2.486,956.85,normal
15.85,340,708.02,35.43,57.88,39.98,4.09,353.6,3.836,1371.93,sombreado_parcial
13.57,52,966.12,27.57,55.71,40.84,1.63,351.4,2.115,778.67,falla_panel
7.35,195,319.34,27.03,37.87,52.82,2.0,369.35,2.854,1077.04,normal
9.39,206,735.21,24.23,47.94,21.53,4.87,360.43,0.953,343.58,falla_panel
6.17,287,26.42,24.59,23.55,75.25,1.05,384.98,0.126,91.35,normal
12.56,93,1000.0,23.42,56.22,42.2,0.31,17.05,1.426,25.12,falla_inversor
10.22,309,787.16,23.19,48.62,79.76,2.2,19.6,5.219,102.49,falla_inversor
14.38,145,1000.0,28.19,60.55,76.18,2.26,346.69,8.661,3015.94,normal
10.16,86,796.45,19.39,43.71,66.3,4.79,363.78,5.654,2062.96,suciedad
10.2,153,886.3,18.54,46.51,42.74,10.36,360.96,7.757,2794.68,normal
16.4,2,686.83,18.26,39.82,56.14,0.17,365.62,6.098,2211.88,normal
6.67,342,125.85,37.27,40.98,51.14,2.69,364.08,1.108,416.93,normal
18.64,260,278.03,28.18,37.13,43.72,3.43,367.76,2.505,926.96,normal
17.93,164,482.04,26.83,43.78,79.37,12.76,361.87,2.784,1047.39,sombreado_parcial
15.35,6,784.17,18.65,44.77,53.85,8.57,361.48,6.718,2417.66,normal
14.31,149,1000.0,28.74,58.22,78.29,3.74,349.53,6.961,2448.01,suciedad
18.49,205,379.81,24.3,37.65,27.37,2.21,368.74,3.357,1231.44,normal
8.59,118,562.43,26.29,45.65,29.87,0.53,33.2,2.876,96.01,falla_inversor
7.11,89,230.32,19.14,26.11,88.41,1.45,376.57,2.194,784.02,normal
9.35,154,742.31,25.96,49.92,61.14,2.64,357.08,6.457,2273.08,normal
17.12,167,675.16,22.46,44.3,55.68,3.88,361.09,5.371,1928.03,suciedad
6.49,161,94.21,20.41,22.08,56.62,3.03,385.99,0.106,32.61,falla_panel
14.16,270,941.76,29.4,58.26,35.07,3.76,350.23,6.522,2279.78,suciedad
19.94,56,1.9,15.77,16.96,70.31,1.68,388.32,0.0,8.78,normal
17.98,228,481.32,28.39,42.69,25.93,3.9,361.69,4.245,1549.43,normal
13.3,337,912.64,29.11,59.09,60.13,0.47,344.91,7.753,2690.33,normal
6.89,149,235.1,19.72,29.03,59.95,0.53,376.18,1.306,503.3,sombreado_parcial
17.64,46,504.18,20.08,37.55,83.99,0.53,368.37,4.525,1658.96,normal
14.39,144,1000.0,23.66,57.88,56.83,6.65,345.29,8.701,3008.45,normal
7.61,238,343.99,26.69,37.31,29.59,0.24,369.26,1.857,723.6,sombreado_parcial
7.31,272,262.26,24.08,32.54,60.09,4.85,372.93,2.264,796.63,suciedad
18.73,120,261.15,27.6,36.24,26.39,0.8,363.98,2.069,755.9,suciedad
15.37,340,769.04,35.58,59.52,34.27,1.9,345.49,6.87,2336.42,normal
17.61,220,537.42,21.95,39.56,22.18,7.43,364.59,3.37,1235.97,sombreado_parcial
18.31,8,351.76,14.71,23.13,55.93,2.65,379.33,3.302,1257.26,normal
14.0,344,878.93,29.96,57.73,25.92,0.71,349.68,7.771,2701.24,normal
13.24,275,967.37,35.1,63.26,52.86,1.0,347.23,7.139,2484.11,suciedad
12.03,353,876.28,27.36,53.3,85.31,7.59,354.05,4.624,1630.11,sombreado_parcial
10.44,66,798.34,18.47,44.52,70.38,1.67,362.72,6.067,2206.44,suciedad
12.08,79,997.79,24.26,55.14,25.42,2.65,349.82,8.818,3092.97,normal
16.83,86,643.13,18.29,39.43,35.69,1.85,367.31,1.831,644.21,falla_panel
14.43,124,991.59,28.86,59.51,67.16,1.43,346.85,8.526,2978.11,normal
18.5,202,376.22,16.89,30.31,82.63,0.76,374.96,0.557,218.3,falla_panel
12.21,150,1000.0,23.2,54.09,22.3,3.48,351.16,9.037,3141.25,normal
14.5,46,857.32,18.97,42.83,76.87,3.8,359.9,7.63,2752.07,normal
14.84,113,982.5,25.76,56.8,59.33,0.96,351.63,8.138,2887.5,normal
14.28,91,962.01,22.8,49.61,58.23,4.67,356.94,8.436,3000.11,normal
15.84,141,866.4,26.06,50.96,87.05,5.78,354.88,7.479,2654.81,normal
9.32,289,652.49,25.13,44.2,72.34,7.6,365.41,0.921,328.23,falla_panel
13.17,218,1000.0,19.08,48.82,79.51,0.53,355.38,8.63,3065.78,normal
7.46,77,328.86,28.76,38.22,44.78,1.09,368.72,1.154,446.05,sombreado_parcial
11.38,334,845.77,24.71,49.57,58.81,5.91,360.76,0.931,331.4,falla_panel
12.83,152,1000.0,19.07,48.21,63.08,0.66,358.79,5.268,1867.42,sombreado_parcial
15.13,323,819.43,38.45,66.37,42.51,0.01,338.38,7.049,2393.88,normal
19.31,239,158.51,27.86,31.79,59.92,6.14,35.55,0.812,30.45,falla_inversor
14.41,115,1000.0,24.08,51.98,36.57,1.19,353.27,8.717,3082.47,normal
16.41,319,673.33,33.49,53.99,30.04,1.61,351.23,3.846,1354.38,sombreado_parcial
13.09,94,1000.0,36.05,65.61,46.18,1.77,339.61,6.839,2327.93,suciedad
14.88,48,855.24,24.13,49.53,71.75,5.66,359.96,7.554,2697.05,normal
6.99,191,242.8,27.08,35.74,84.13,1.24,368.99,1.672,612.62,suciedad
9.56,12,676.77,19.07,39.55,52.04,6.68,364.34,6.255,2248.57,normal
11.07,156,1000.0,24.12,53.64,65.0,2.88,355.29,8.56,3037.19,normal
12.61,172,1000.0,23.81,55.73,27.21,2.25,347.64,8.915,3092.93,normal
6.64,296,116.45,26.11,31.47,83.31,1.18,20.09,0.109,0.0,falla_inversor
7.96,177,446.99,27.0,41.77,59.8,0.84,362.71,1.058,377.69,falla_panel
9.88,341,694.57,28.36,46.38,74.62,2.93,360.9,5.968,2158.4,normal
19.6,57,131.94,26.43,28.88,75.61,1.78,375.47,1.174,458.63,normal
10.64,343,788.85,17.74,42.46,37.95,7.24,360.59,7.049,2557.34,normal
12.75,340,869.47,19.37,46.17,57.04,2.03,360.17,3.799,1375.72,sombreado_parcial
8.75,203,612.67,21.72,40.38,87.23,2.15,364.47,0.99,365.35,falla_panel
14.55,185,1000.0,23.31,53.08,26.27,1.62,23.12,0.777,20.36,falla_inversor
9.93,121,805.51,31.3,54.37,67.81,4.67,352.23,6.044,2129.24,suciedad
8.9,226,633.24,18.02,40.82,87.36,1.66,369.25,2.587,1005.58,sombreado_parcial
13.23,202,1000.0,22.86,54.15,41.04,0.94,351.2,8.747,3049.53,normal
6.08,330,29.35,30.72,32.6,80.3,5.94,375.13,0.173,100.17,normal
6.11,363,43.53,23.2,24.57,85.36,2.73,379.71,0.204,73.97,sombreado_parcial
9.07,356,582.18,27.76,46.03,72.3,2.69,359.78,2.363,847.5,sombreado_parcial
6.51,216,84.29,24.16,26.7,36.19,2.83,379.89,0.769,266.67,suciedad
7.51,43,291.95,26.54,33.98,43.38,3.81,369.58,2.662,981.15,normal
10.74,23,798.72,23.63,46.32,22.51,1.13,362.13,6.821,2471.91,normal
17.24,155,640.0,29.0,49.58,78.2,0.1,358.03,5.64,2013.54,normal
14.01,186,1000.0,15.73,47.26,79.47,4.99,32.17,4.127,133.61,falla_inversor
13.18,249,1000.0,22.82,55.48,64.29,0.41,352.92,6.718,2379.9,suciedad
10.11,237,831.7,26.78,53.87,44.68,3.84,353.73,7.16,2528.84,normal
19.04,293,206.85,28.2,33.45,25.38,0.26,373.33,0.345,134.28,falla_panel
11.56,134,1000.0,33.96,66.91,72.71,1.41,342.82,8.263,2821.79,normal
7.22,321,249.11,22.65,31.59,70.86,0.2,373.75,2.156,822.33,normal
14.64,22,877.21,33.88,62.33,83.88,2.22,344.18,7.583,2593.69,normal
7.59,361,313.65,21.05,34.22,71.14,3.18,372.21,1.556,570.54,sombreado_parcial
10.83,88,895.63,32.97,64.03,78.01,0.56,343.13,4.099,1405.93,sombreado_parcial
13.1,153,1000.0,29.9,62.19,72.22,1.39,346.54,4.429,1561.69,sombreado_parcial
18.24,125,437.82,19.52,34.05,64.15,7.99,375.13,2.218,816.18,sombreado_parcial
12.91,79,975.91,26.84,58.96,49.89,1.75,345.84,8.379,2863.9,normal
15.83,346,760.58,24.69,47.58,83.15,4.87,358.74,6.694,2409.9,normal
19.9,51,0.0,28.75,27.9,65.57,7.86,375.12,0.043,0.0,suciedad
7.84,216,417.16,23.66,37.71,47.88,10.99,367.51,2.496,919.31,sombreado_parcial
9.85,176,850.48,23.16,48.45,25.84,6.86,357.43,7.321,2636.45,normal
11.52,358,871.95,33.21,61.35,40.35,1.15,344.69,7.435,2575.8,normal
11.91,253,957.72,24.41,54.57,58.06,9.86,353.72,8.374,2963.84,normal
11.75,246,966.26,29.96,58.87,39.29,5.02,348.54,8.552,2972.7,normal
18.71,227,308.17,23.65,33.32,35.49,5.45,370.9,2.752,1047.88,normal
16.0,106,863.07,35.0,63.93,56.92,0.05,344.83,7.175,2486.33,normal
14.51,193,1000.0,20.93,52.3,31.89,9.25,353.83,7.555,2672.5,suciedad
10.33,316,755.25,21.32,45.05,76.03,4.52,359.89,6.481,2355.06,normal
17.53,302,444.3,34.15,48.52,53.91,4.38,355.61,2.951,1042.49,suciedad
19.37,36,132.68,22.33,27.17,60.17,0.26,375.01,1.244,434.02,suciedad
17.5,204,584.91,34.61,52.39,30.32,0.79,353.05,4.935,1744.03,normal
6.02,267,0.0,30.35,30.88,42.72,9.83,374.53,0.083,17.26,sombreado_parcial
14.91,268,883.97,24.07,50.12,48.71,2.08,357.99,7.512,2712.07,normal
6.72,170,179.13,14.12,18.52,76.57,1.52,382.07,0.848,335.9,sombreado_parcial
9.61,39,658.01,24.88,44.44,73.91,5.5,365.26,5.951,2155.41,normal
6.83,139,239.16,25.61,33.79,35.61,0.27,370.11,2.07,791.25,normal
14.45,292,931.57,32.0,61.36,63.13,1.62,344.69,4.635,1609.97,sombreado_parcial
15.61,52,807.6,34.53,59.57,37.04,1.41,346.46,6.953,2389.25,normal
7.6,287,339.35,20.89,32.53,89.18,1.29,371.58,3.037,1139.9,normal
11.37,289,879.79,29.81,57.87,86.65,1.1,348.17,7.579,2673.6,normal
12.39,141,1000.0,29.59,60.41,59.43,0.71,345.89,8.716,3024.33,normal
11.17,146,1000.0,31.44,61.14,68.92,0.57,345.36,1.911,629.86,falla_panel
7.69,314,359.73,27.99,38.0,76.1,3.07,370.82,3.323,1205.71,normal
11.87,184,1000.0,13.35,42.39,70.47,7.55,362.01,8.738,3164.53,normal
16.52,152,789.58,24.07,48.95,68.99,2.13,360.91,6.758,2443.43,normal
6.99,201,251.43,18.07,24.63,87.1,1.06,381.44,2.439,885.34,normal
7.12,128,275.49,23.78,31.65,61.75,0.52,370.58,1.537,586.9,sombreado_parcial
10.97,287,880.57,30.88,58.21,64.54,5.32,346.79,7.79,2712.71,normal
19.18,311,178.9,26.83,33.99,79.45,10.67,369.56,1.383,491.69,suciedad
15.36,253,894.24,31.89,61.23,66.89,1.29,345.54,4.088,1427.38,sombreado_parcial
15.5,266,844.69,27.05,53.37,71.31,1.03,355.69,7.235,2566.8,normal
11.07,188,989.29,17.21,50.02,36.39,2.76,357.86,3.762,1368.54,sombreado_parcial
14.31,230,996.85,9.87,38.01,45.99,4.48,365.61,5.844,2109.53,sombreado_parcial
6.14,271,18.01,25.89,29.27,30.31,1.82,378.37,0.156,67.19,normal
14.91,259,883.36,23.72,52.36,55.4,2.98,351.92,7.902,2792.21,normal
18.79,299,235.01,19.14,26.64,51.9,3.78,376.66,2.104,808.28,normal
14.58,198,1000.0,14.8,44.71,89.8,9.7,363.37,8.587,3141.08,normal
18.23,323,342.95,20.59,30.65,62.78,0.54,376.69,3.083,1167.76,normal
16.14,56,763.13,23.83,48.59,75.05,15.0,359.21,2.748,1029.65,sombreado_parcial
7.69,319,336.05,29.0,40.44,43.38,1.49,365.37,2.555,953.28,suciedad
18.63,203,332.29,26.13,37.52,78.21,3.85,367.96,0.77,283.14,falla_panel
6.93,271,209.67,34.65,40.11,63.06,2.55,363.31,1.045,377.93,sombreado_parcial
13.48,109,1000.0,18.79,48.64,68.79,2.0,357.52,6.244,2233.75,sombreado_parcial
7.99,116,445.41,30.29,44.5,40.61,3.59,360.13,2.688,981.53,sombreado_parcial
6.16,92,33.07,25.28,27.47,58.4,1.51,27.76,0.218,3.94,falla_inversor
11.91,138,1000.0,29.17,60.42,64.38,0.4,350.94,8.336,2910.26,normal
10.13,303,771.14,22.38,48.7,61.24,2.01,358.13,6.833,2448.89,normal
12.8,57,987.39,31.43,62.34,84.06,2.21,342.31,8.806,3016.52,normal
14.08,50,932.29,26.77,55.9,82.88,0.68,353.13,8.031,2844.16,normal
6.61,71,159.52,20.92,26.91,87.97,8.23,380.87,1.366,532.64,normal
7.72,82,381.73,24.93,38.69,66.72,0.77,369.87,3.378,1252.16,normal
13.82,105,1000.0,23.56,52.79,88.03,1.58,352.65,9.093,3189.91,normal
10.8,88,916.73,27.94,54.91,78.27,0.51,30.69,3.153,97.45,falla_inversor
16.21,2,688.34,17.92,38.96,38.96,2.3,30.33,0.914,25.78,falla_inversor
15.13,360,784.75,24.82,54.09,49.92,1.1,355.49,5.015,1794.23,suciedad
17.84,84,489.41,27.37,42.27,36.69,2.02,363.84,4.443,1589.55,normal
15.69,43,769.56,25.2,49.06,20.29,0.76,354.4,1.66,593.47,falla_panel
12.02,154,1000.0,33.08,65.26,33.16,0.17,345.06,2.619,891.88,falla_panel
15.42,327,797.14,29.64,56.02,20.28,4.53,349.17,1.065,332.05,falla_panel
9.86,94,777.57,24.96,49.51,70.39,3.07,355.93,3.167,1084.33,sombreado_parcial
10.29,298,781.22,26.3,52.46,49.79,1.25,351.82,6.643,2360.58,normal
17.05,133,677.34,26.77,46.15,41.88,0.15,357.49,5.913,2095.44,normal
12.25,65,945.03,27.42,55.8,73.32,6.02,351.52,2.344,840.68,falla_panel
17.18,290,572.61,14.05,33.68,78.27,0.56,370.36,5.058,1866.46,normal
17.51,257,561.38,23.19,40.75,88.27,8.01,361.99,5.145,1853.48,normal
18.01,213,446.13,16.09,28.14,64.94,1.95,379.0,4.124,1546.63,normal
18.83,148,291.76,32.67,39.8,52.31,1.25,366.94,2.482,934.33,normal
12.03,61,928.62,24.63,52.44,41.37,4.06,357.51,3.128,1139.47,falla_panel
10.46,149,940.98,23.84,53.25,35.56,6.28,352.42,8.198,2903.69,normal
14.15,88,1000.0,30.38,62.33,34.9,1.39,344.61,8.578,2945.97,normal
11.2,324,832.0,27.53,53.04,48.64,1.57,29.84,3.948,117.46,falla_inversor
14.42,278,969.15,18.23,49.09,89.43,1.7,357.39,8.482,3024.02,normal
15.88,82,823.46,24.57,49.65,20.06,7.67,357.08,1.652,611.02,falla_panel
15.64,129,906.02,22.99,53.14,33.8,3.54,352.63,7.731,2723.31,normal
11.24,286,900.01,14.53,46.49,33.19,0.85,355.98,4.359,1563.63,sombreado_parcial
8.34,353,470.16,20.86,34.96,70.2,0.61,371.11,4.169,1558.54,normal
12.03,280,927.4,23.9,53.6,44.67,0.79,353.98,4.87,1726.28,sombreado_parcial
8.0,270,431.45,24.31,38.39,52.01,0.92,366.61,3.692,1381.45,normal
18.46,292,329.66,16.11,26.62,30.4,0.78,5.33,0.027,0.0,falla_inversor
10.84,203,952.66,31.91,62.66,48.35,3.22,343.27,8.066,2793.32,normal
8.16,24,437.41,24.39,38.77,27.22,0.37,365.66,3.727,1370.51,normal
6.36,351,96.52,25.23,27.53,57.31,1.47,378.48,0.31,103.13,falla_panel
15.04,311,821.97,27.4,55.07,26.86,2.94,351.91,7.108,2527.94,normal
14.92,208,981.14,20.27,51.23,75.34,1.03,351.93,4.38,1565.98,sombreado_parcial
10.77,280,834.78,27.74,53.25,59.66,0.2,354.76,3.132,1092.73,sombreado_parcial
7.0,205,206.32,22.8,32.91,70.68,0.26,371.57,1.787,683.81,normal
11.73,152,1000.0,19.62,50.7,49.3,0.4,358.07,8.942,3184.48,normal
10.36,26,762.26,28.44,52.64,46.7,5.42,354.54,2.702,950.33,falla_panel
15.48,194,928.58,33.95,63.23,26.87,3.22,343.21,7.718,2671.9,normal
14.48,336,835.4,29.35,55.26,56.67,0.2,353.8,7.292,2577.01,normal
11.1,238,944.45,30.54,60.73,56.02,1.49,344.96,5.569,1913.17,sombreado_parcial
9.05,321,600.79,21.88,39.38,52.77,0.98,363.66,5.264,1939.76,normal
19.83,75,37.27,15.41,17.47,71.84,2.59,384.42,0.267,101.53,suciedad
12.36,163,1000.0,33.94,62.55,78.28,2.22,344.81,8.549,2933.38,normal
15.64,299,785.47,37.33,59.93,72.56,1.97,350.46,2.634,924.54,falla_panel
7.97,29,369.74,34.26,48.55,30.07,1.13,357.34,3.22,1147.84,normal
12.8,165,1000.0,22.99,52.35,63.54,0.44,355.54,8.478,3016.64,normal
6.39,337,53.01,18.07,16.79,25.62,4.07,388.42,0.556,196.03,suciedad
13.08,186,1000.0,18.61,48.01,68.62,6.36,357.32,8.587,3069.98,normal
19.5,54,86.94,14.9,20.22,46.73,8.66,381.22,0.764,304.69,normal
11.38,295,881.46,24.36,49.21,29.27,0.18,357.33,5.799,2076.2,suciedad
6.55,42,107.72,34.63,36.57,80.34,4.04,370.62,0.498,213.55,sombreado_parcial
6.43,285,93.41,24.15,24.88,62.98,3.89,381.02,0.736,337.77,normal
11.43,138,999.52,26.81,57.64,44.83,8.82,348.31,8.715,3049.98,normal
8.24,187,548.35,33.25,49.74,22.15,0.87,355.44,3.655,1272.1,suciedad
6.33,204,96.17,22.58,24.86,57.61,4.07,378.87,0.894,319.45,normal
16.59,42,647.52,37.21,60.23,84.63,0.17,345.21,1.575,571.99,falla_panel
12.42,350,883.01,36.95,62.75,61.75,2.99,344.23,7.674,2659.55,normal
10.05,288,743.59,24.21,47.3,88.02,1.3,358.5,5.106,1841.62,suciedad
18.6,26,277.82,21.53,30.72,29.55,4.39,375.57,2.455,925.55,normal
7.63,56,314.49,29.18,37.54,59.78,5.97,366.15,2.794,1042.0,normal
19.38,253,121.1,22.91,27.43,75.87,1.36,377.64,1.06,411.83,normal
10.4,122,906.4,18.06,45.79,56.79,2.24,360.18,8.05,2880.93,normal
18.44,106,364.35,32.69,44.63,26.37,0.37,360.33,3.089,1131.08,normal
14.44,130,1000.0,32.3,63.39,60.8,1.62,344.15,8.532,2926.56,normal
17.57,337,462.28,25.93,37.3,62.82,1.34,366.53,1.193,423.43,falla_panel
19.78,158,47.86,17.42,20.88,71.01,0.61,386.3,0.563,171.09,normal
10.04,231,819.53,17.62,46.34,73.28,6.75,12.03,5.453,66.03,falla_inversor
19.46,308,106.82,25.64,28.72,73.95,0.48,377.56,0.817,329.65,normal
11.45,91,944.83,22.0,50.18,66.44,3.03,355.94,4.346,1577.67,sombreado_parcial
11.4,22,862.75,22.95,52.17,35.11,6.63,353.53,1.12,384.44,falla_panel
10.77,290,837.5,31.13,60.14,48.3,7.29,345.17,0.868,292.38,falla_panel
13.58,110,1000.0,29.4,60.4,74.33,4.73,344.71,8.838,3048.23,normal
8.16,49,466.9,33.27,47.53,86.74,0.58,355.54,2.129,751.32,sombreado_parcial
13.75,129,1000.0,19.06,50.19,25.53,5.1,356.26,8.794,3131.52,normal
13.58,73,1000.0,22.94,51.68,57.49,0.97,356.05,8.598,3068.55,normal
16.67,340,625.22,29.55,48.66,41.88,7.67,355.08,4.366,1556.39,suciedad
17.67,53,492.0,27.69,45.64,35.78,3.7,363.04,4.272,1552.76,normal
12.17,356,921.49,34.19,62.74,55.41,4.62,341.0,8.014,2691.03,normal
10.23,168,909.71,27.52,54.39,62.43,0.27,353.79,7.984,2808.45,normal
9.63,45,674.6,36.09,57.92,20.68,2.62,347.04,5.662,1985.03,normal
8.72,105,605.83,28.24,46.17,74.61,5.16,362.05,5.176,1866.76,normal
6.81,150,209.46,31.37,37.82,77.39,5.93,369.35,0.531,196.37,falla_panel
10.79,146,939.91,23.06,50.53,87.59,0.09,361.05,8.266,2951.92,normal
9.78,204,808.37,25.09,48.79,32.65,8.4,356.15,4.628,1625.74,sombreado_parcial
19.53,362,116.89,30.47,35.22,61.62,0.13,365.81,0.997,366.64,suciedad
13.81,299,889.33,34.68,62.64,49.86,2.86,340.46,4.204,1431.87,sombreado_parcial
10.86,167,950.55,29.38,57.92,43.44,3.55,348.32,6.448,2265.7,suciedad
14.13,201,1000.0,24.5,55.93,59.59,0.34,350.94,4.857,1693.04,sombreado_parcial
7.95,134,464.51,33.26,46.87,74.77,0.15,357.79,4.245,1498.29,normal
12.22,211,1000.0,11.85,41.92,21.61,4.61,364.65,9.043,3295.3,normal
14.77,48,871.57,16.47,45.45,87.86,1.46,362.36,3.127,1128.18,falla_panel
12.84,126,1000.0,29.09,61.51,76.69,0.34,15.1,2.199,33.45,falla_inversor
11.62,239,991.64,25.08,56.04,72.58,4.31,350.43,4.885,1696.42,sombreado_parcial
19.91,7,36.27,28.63,29.98,73.23,5.67,373.57,0.296,135.59,normal
18.32,272,349.38,25.39,36.29,47.23,2.66,370.94,3.044,1149.72,normal
14.73,37,847.15,28.43,55.63,72.61,0.53,353.67,7.024,2467.89,normal
13.97,211,1000.0,20.11,50.16,47.07,0.05,354.89,6.528,2341.86,suciedad
14.69,165,1000.0,28.42,60.97,82.91,3.62,343.49,4.524,1564.7,sombreado_parcial
8.82,125,608.75,30.97,50.52,32.41,2.4,358.06,2.745,987.75,sombreado_parcial
11.53,337,839.49,32.32,58.16,40.46,3.16,349.14,3.556,1233.46,sombreado_parcial
6.55,192,166.52,37.08,41.55,58.59,5.03,364.88,1.457,528.9,normal
12.66,218,1000.0,26.46,58.98,42.34,1.71,351.16,7.253,2600.9,suciedad
13.6,214,1000.0,26.64,57.67,49.7,0.4,345.38,8.555,2944.84,normal
9.19,62,626.43,15.86,34.39,54.47,8.44,370.66,3.512,1305.75,sombreado_parcial
19.5,328,102.52,21.81,24.44,79.94,2.36,381.29,0.956,344.36,normal
18.73,161,314.16,23.84,34.81,56.62,2.87,374.71,2.792,1064.47,normal
16.11,66,705.9,31.3,50.95,45.37,8.13,355.25,6.117,2145.17,normal
13.47,286,926.11,21.33,49.74,37.34,8.05,355.53,1.235,460.04,falla_panel
18.18,239,414.6,29.78,44.34,48.61,2.55,362.06,2.248,822.42,sombreado_parcial
7.83,20,350.27,24.99,35.68,56.1,1.06,371.31,3.217,1171.21,normal
17.07,188,690.21,23.94,45.92,72.23,15.0,362.52,4.639,1640.85,suciedad
7.75,82,351.36,26.49,39.1,28.47,3.43,369.54,1.303,503.21,sombreado_parcial
17.12,363,554.23,22.65,41.31,35.51,1.57,360.68,3.563,1240.06,sombreado_parcial
9.86,202,800.21,22.43,46.77,46.58,2.46,357.78,6.697,2438.51,normal
18.28,132,398.95,14.77,27.04,45.23,1.61,379.79,3.588,1348.43,normal
19.22,37,141.81,23.51,29.3,47.42,6.58,376.44,1.358,478.08,normal
8.08,132,523.83,22.12,39.9,75.55,1.98,366.72,4.605,1707.69,normal
12.48,77,961.22,21.9,51.81,42.69,5.2,353.28,4.398,1532.18,sombreado_parcial
19.73,89,58.17,27.5,29.24,55.13,5.5,376.45,0.509,201.22,normal
12.77,253,980.36,28.95,59.99,63.67,5.22,346.3,8.478,2948.99,normal
18.09,344,406.68,26.39,41.15,36.25,3.84,365.6,3.375,1258.73,normal
14.24,194,1000.0,30.97,63.82,70.31,5.79,344.13,8.484,2920.87,normal
11.25,176,1000.0,28.45,60.74,58.3,1.47,24.11,3.487,83.88,falla_inversor
10.0,33,754.87,23.23,45.2,51.27,0.37,361.36,1.765,659.53,falla_panel
8.85,58,576.86,22.22,39.84,76.68,5.54,365.57,5.369,1936.52,normal
16.67,201,744.12,26.88,49.8,37.04,2.07,359.62,4.83,1747.81,suciedad
11.41,28,866.65,28.44,57.65,81.82,0.41,351.22,7.534,2646.72,normal
13.16,35,940.74,33.39,62.43,59.27,0.37,344.56,6.545,2251.1,suciedad
12.89,125,1000.0,32.15,65.28,62.64,0.52,343.46,8.536,2880.37,normal
14.08,321,884.34,21.75,48.53,81.25,4.17,361.7,7.833,2809.84,normal
18.12,42,401.13,24.39,36.19,77.23,3.72,367.57,1.152,408.54,falla_panel
19.73,85,66.54,29.03,31.83,62.11,0.68,372.12,0.223,91.02,falla_panel
11.71,188,1000.0,31.41,65.01,72.72,5.63,342.16,8.65,2953.46,normal
17.59,111,513.96,30.63,46.38,50.33,0.99,360.32,1.251,442.09,falla_panel
16.7,271,694.24,24.62,42.47,58.32,4.72,362.34,3.217,1166.31,sombreado_parcial
14.03,325,874.55,17.48,42.46,24.34,2.01,364.83,7.68,2784.27,normal
19.38,105,163.13,19.01,24.55,26.29,3.95,380.26,1.614,554.39,normal
8.81,320,543.27,26.64,41.4,78.06,1.44,366.61,4.648,1724.43,normal
7.53,41,289.76,27.05,34.81,24.18,1.28,369.35,2.177,796.34,suciedad
17.96,215,500.22,18.41,34.06,31.86,5.52,9.68,6.412,61.87,falla_inversor
12.15,71,971.72,25.27,51.96,75.71,0.11,354.0,5.122,1817.41,sombreado_parcial
17.86,56,470.59,28.79,42.92,20.08,11.04,362.67,2.859,1048.9,sombreado_parcial
18.5,236,340.46,18.09,26.98,39.77,3.13,376.32,2.359,901.2,suciedad
6.87,281,202.94,31.63,35.72,60.88,1.7,370.03,1.894,659.39,normal
18.37,105,337.67,22.73,32.08,61.68,2.97,371.96,3.049,1131.08,normal
12.28,162,1000.0,32.55,62.19,74.4,0.39,348.47,8.473,2934.86,normal
13.15,191,1000.0,21.8,53.75,55.41,2.16,352.57,3.574,1265.0,sombreado_parcial
14.77,9,827.81,18.84,46.5,55.66,12.62,360.31,1.515,537.96,falla_panel
18.97,60,230.92,22.25,28.92,70.77,0.8,373.78,2.103,776.57,normal
6.27,305,43.92,24.43,24.91,54.9,3.84,381.19,0.338,133.29,normal
12.68,225,1000.0,22.67,53.3,62.59,1.71,351.51,7.8,2737.08,suciedad
15.63,307,756.33,23.7,45.68,82.84,3.17,362.18,6.529,2341.28,normal
16.12,188,856.12,27.0,51.82,48.1,0.69,351.44,3.189,1140.35,sombreado_parcial
15.7,70,834.69,23.97,47.59,46.96,1.91,358.48,7.237,2590.3,normal
7.88,293,409.62,24.6,35.41,20.25,11.75,372.18,1.744,638.44,sombreado_parcial
10.19,287,767.94,14.74,41.19,62.94,0.65,364.97,5.279,1912.01,suciedad
11.02,169,950.83,27.35,56.03,22.08,3.04,350.24,8.164,2842.53,normal
17.26,62,570.52,24.46,37.88,55.29,2.57,370.44,4.205,1544.27,suciedad
9.9,349,688.97,34.66,55.31,76.3,2.5,349.56,5.953,2060.19,normal
8.95,14,539.34,19.36,33.83,58.49,2.86,369.27,4.796,1778.61,normal
19.4,164,135.38,14.15,18.47,38.87,2.09,384.12,1.291,467.77,normal
6.12,245,57.36,28.71,30.43,75.03,0.05,372.83,0.18,64.67,falla_panel
19.97,335,0.0,27.08,27.16,38.88,6.91,378.78,0.044,0.0,normal
15.48,8,778.66,18.95,43.22,71.31,5.26,362.09,6.784,2480.05,normal
17.6,154,566.61,15.82,32.97,62.72,0.57,374.4,2.15,792.47,sombreado_parcial
10.12,36,736.93,34.22,55.07,31.9,1.6,352.36,6.209,2185.06,normal
6.2,48,55.5,33.48,35.11,83.36,4.42,371.13,0.495,189.37,normal
16.33,85,772.48,10.08,35.74,34.05,11.75,366.32,6.999,2540.33,normal
17.68,28,453.03,22.25,39.13,89.27,9.06,367.72,3.449,1264.2,suciedad
16.37,196,789.37,34.99,59.3,20.51,6.89,13.74,4.145,56.82,falla_inversor
8.0,208,481.3,22.14,36.99,38.44,0.52,368.82,4.209,1578.78,normal
16.55,204,776.94,22.06,47.09,33.99,7.38,357.08,4.365,1570.97,sombreado_parcial
16.76,307,615.27,23.3,44.77,20.98,6.32,358.11,5.345,1910.9,normal
15.22,104,907.67,18.27,45.91,71.27,1.42,362.13,3.817,1394.43,sombreado_parcial
16.73,230,661.64,14.77,36.49,68.54,1.51,369.29,6.091,2222.71,normal
17.84,101,466.27,31.32,44.65,75.46,1.85,358.61,4.114,1480.52,normal
14.59,29,842.11,13.94,40.75,37.97,3.2,365.8,6.375,2349.49,suciedad
7.24,127,308.36,26.48,37.58,51.1,0.91,368.01,2.721,1021.85,normal
12.83,338,898.09,30.32,56.45,66.14,0.07,353.3,7.8,2758.24,normal
7.09,10,213.31,16.29,22.17,50.78,0.46,13.7,0.083,0.56,falla_inversor
11.71,106,999.4,19.45,52.12,68.81,1.74,34.59,2.272,80.22,falla_inversor
11.7,167,1000.0,32.28,64.45,64.38,0.99,344.89,8.341,2894.89,normal
6.92,257,238.9,28.2,37.22,28.03,4.34,369.32,1.463,550.88,sombreado_parcial
10.88,295,868.08,21.3,49.7,74.67,0.34,356.22,5.4,1924.75,sombreado_parcial
7.55,277,365.61,32.21,43.13,70.45,7.48,362.1,3.066,1129.22,normal
17.32,65,565.86,32.24,53.22,65.91,6.77,352.57,1.886,662.75,falla_panel
19.27,271,160.63,26.61,31.84,30.86,7.18,372.49,1.144,397.27,suciedad
7.01,188,279.13,19.6,23.74,38.76,4.04,379.8,2.017,766.26,suciedad
19.37,317,115.59,22.52,25.71,47.52,0.34,381.6,1.025,398.8,normal
13.32,138,1000.0,26.72,57.26,39.6,1.73,351.45,8.557,2987.59,normal
10.19,343,716.74,23.87,47.46,35.95,0.42,360.12,6.394,2323.51,normal
7.08,105,259.56,30.63,38.07,76.38,13.19,368.03,2.335,849.46,normal
13.01,34,913.59,15.82,46.02,64.68,1.22,360.41,8.159,2940.22,normal
17.12,110,628.24,16.03,36.5,59.58,2.64,365.94,5.878,2119.99,normal
15.9,33,706.11,26.09,46.65,35.82,4.53,360.82,6.371,2276.2,normal
6.7,354,151.04,22.05,26.56,84.27,7.6,378.54,1.192,488.09,normal
7.02,231,208.41,21.24,26.59,33.38,4.23,376.1,1.919,717.93,normal
11.64,317,858.24,14.39,41.49,75.65,3.37,366.43,7.38,2731.06,normal
10.13,266,819.76,25.12,49.56,87.67,1.88,356.34,7.391,2613.35,normal
9.25,182,756.07,24.68,48.42,70.9,2.79,359.25,2.952,1077.61,sombreado_parcial
9.93,340,704.91,28.92,50.54,89.5,0.3,356.61,6.211,2200.78,normal
17.25,65,569.63,25.41,42.99,65.57,6.46,361.1,1.808,631.97,falla_panel
19.01,333,189.23,24.2,33.19,35.22,2.35,373.71,0.998,407.07,sombreado_parcial
11.67,1,846.96,32.06,57.99,34.27,0.12,347.33,6.815,2341.59,suciedad
18.69,133,306.45,17.13,23.8,42.72,7.57,377.81,0.436,143.62,falla_panel
10.5,80,816.56,28.22,55.26,20.5,2.02,352.74,6.848,2434.01,normal
12.67,271,987.77,14.97,47.35,67.72,6.09,359.17,8.802,3140.53,normal
9.16,241,676.46,19.97,38.14,38.81,5.83,367.74,5.903,2192.84,normal
14.97,28,814.97,17.72,42.14,77.06,5.07,365.23,7.221,2620.87,normal
19.71,223,101.51,29.69,33.52,45.14,0.19,369.61,0.898,333.71,normal
14.45,23,880.98,24.61,52.92,53.6,0.85,351.57,6.689,2376.6,suciedad
11.01,109,958.89,24.92,54.88,87.6,6.25,349.39,8.603,2979.91,normal
15.07,107,924.43,18.36,47.27,36.95,6.88,14.74,0.275,2.97,falla_inversor
7.72,145,410.5,23.2,34.62,70.49,1.84,371.53,2.748,1017.41,suciedad
18.44,354,320.98,20.42,26.85,72.86,1.74,382.32,1.386,529.28,sombreado_parcial
13.04,139,1000.0,27.3,61.62,35.47,0.58,344.72,8.422,2910.0,normal
12.29,284,983.69,19.05,48.34,55.07,10.36,358.15,5.688,2027.33,sombreado_parcial
14.2,298,904.46,32.98,61.51,44.51,0.72,342.46,7.638,2608.77,normal
14.75,99,943.74,14.95,44.2,74.03,0.64,360.66,8.536,3050.97,normal
7.0,317,218.24,20.16,28.33,63.57,3.24,372.73,1.477,546.56,suciedad
15.56,123,871.25,35.06,62.46,53.32,0.83,348.97,7.568,2616.51,normal
9.39,320,649.85,22.39,42.93,74.56,8.38,359.19,5.917,2158.77,normal
16.0,287,724.44,17.11,35.8,36.46,0.03,368.71,5.941,2175.42,suciedad
17.52,81,542.77,26.31,42.03,72.75,0.02,363.54,4.816,1747.47,normal
17.26,10,510.77,22.15,39.23,80.58,2.11,370.02,2.576,946.43,sombreado_parcial
13.74,8,902.68,19.98,49.18,81.5,2.01,357.48,3.76,1311.6,sombreado_parcial
13.28,205,1000.0,18.42,48.25,74.86,0.54,355.11,8.909,3143.92,normal
8.0,315,402.91,41.61,51.83,48.56,2.05,353.9,2.65,943.88,suciedad
16.85,197,683.22,23.49,45.03,88.73,1.59,361.09,1.986,732.35,falla_panel
9.8,198,802.56,13.45,34.17,46.57,6.63,370.0,7.076,2653.44,normal
12.95,30,909.55,33.96,60.66,64.7,0.03,344.64,7.838,2693.33,normal
9.98,20,674.2,28.67,52.38,31.28,11.22,352.36,3.934,1364.66,sombreado_parcial
7.87,48,409.34,20.4,35.36,88.63,2.94,368.58,3.082,1112.46,suciedad
14.81,130,990.14,19.4,51.07,69.28,0.49,353.37,4.15,1473.7,sombreado_parcial
6.76,293,138.64,29.04,33.83,72.74,0.14,369.81,1.355,477.86,normal
16.48,132,794.63,23.52,45.43,24.6,2.32,359.91,7.203,2569.66,normal
10.45,356,742.25,13.44,35.53,73.44,0.8,371.46,1.969,713.47,falla_panel
6.0,54,5.42,35.72,35.45,74.23,1.08,367.49,0.072,25.62,normal
13.16,281,951.59,22.4,51.05,67.02,0.84,353.59,5.82,2058.76,sombreado_parcial
6.66,265,105.66,33.97,36.75,40.43,3.15,368.91,0.758,269.9,suciedad
9.87,215,791.15,32.67,59.34,54.28,2.42,348.38,7.07,2451.21,normal
15.9,290,750.68,18.99,41.64,27.73,0.24,367.12,3.009,1113.29,sombreado_parcial
6.88,43,202.0,31.2,37.0,53.01,2.24,369.97,1.815,678.05,normal
17.75,74,485.52,21.09,37.37,37.07,4.7,5.45,6.541,35.59,falla_inversor
6.05,350,13.61,13.8,12.1,44.44,0.25,392.16,0.116,57.8,normal
9.46,278,641.36,22.45,41.23,31.38,6.61,364.29,5.556,2033.37,normal
16.37,326,687.86,27.39,47.77,36.1,2.59,355.99,2.861,1049.98,sombreado_parcial
10.43,242,871.43,22.22,49.54,25.36,9.02,357.44,5.69,2051.75,suciedad
7.43,130,336.14,23.16,33.14,84.39,0.48,371.35,3.01,1104.09,normal
11.04,350,837.46,31.86,57.56,57.13,15.0,349.33,7.095,2460.73,normal
9.79,194,845.29,25.64,51.06,47.77,3.1,353.34,7.498,2649.88,normal
17.8,32,462.48,19.94,32.79,57.45,2.51,372.38,4.079,1504.1,normal
10.39,106,864.05,29.21,57.13,63.98,2.17,347.58,5.813,2059.31,suciedad
17.05,204,647.51,26.19,45.91,84.53,0.07,361.16,5.592,2011.79,normal
18.49,1,320.4,9.87,20.81,32.51,8.42,383.42,2.066,820.12,suciedad
12.07,245,980.19,27.57,56.53,40.69,3.1,350.35,7.658,2697.87,suciedad
18.74,72,314.28,27.35,36.17,88.31,0.29,368.46,1.076,384.64,falla_panel
11.28,306,864.12,25.12,51.79,45.98,0.06,355.88,5.14,1814.8,sombreado_parcial
19.5,15,81.26,30.35,32.7,21.58,0.16,373.36,0.652,279.06,normal
7.25,53,239.8,20.97,29.59,30.34,2.82,373.92,2.036,792.59,normal
15.62,8,728.05,27.02,49.12,21.84,2.86,0.0,0.0,0.0,falla_inversor
12.91,330,910.88,15.6,45.18,89.29,2.08,362.52,2.243,845.73,falla_panel
11.43,46,886.39,27.44,55.7,39.52,1.1,346.2,7.827,2716.72,normal
14.86,325,809.16,36.72,61.84,84.65,2.28,347.71,2.689,919.83,falla_panel
15.85,114,839.0,19.03,43.82,89.71,2.18,360.62,5.653,2066.72,suciedad
6.06,147,0.0,20.44,21.58,61.99,0.06,384.5,0.133,12.39,falla_panel
8.34,166,562.44,20.74,36.93,22.32,1.0,369.37,2.22,824.88,sombreado_parcial
15.98,139,849.81,25.78,52.3,25.71,0.16,353.29,2.518,882.87,falla_panel
15.33,117,910.43,18.62,46.99,53.71,6.91,359.67,1.401,522.54,falla_panel
19.52,299,74.44,27.53,29.54,48.43,3.88,375.76,0.728,253.85,normal
16.65,276,660.45,30.08,50.14,62.43,15.0,9.91,9.668,95.7,falla_inversor
19.31,277,141.94,28.21,31.41,50.72,1.08,372.32,1.334,492.03,normal
15.84,338,733.16,14.39,34.88,85.39,6.32,371.91,6.381,2365.79,normal
10.17,313,747.22,30.97,56.43,57.43,2.77,346.22,4.672,1639.81,suciedad
7.48,178,373.12,30.62,41.55,68.56,1.81,365.41,2.157,780.82,sombreado_parcial
16.95,330,565.22,29.98,47.45,82.75,0.76,358.62,1.386,484.32,falla_panel
15.02,354,772.07,27.24,51.16,30.28,4.02,356.04,6.656,2396.9,normal
6.67,154,185.05,26.32,33.75,36.08,7.03,372.85,1.61,605.28,normal
11.04,201,965.05,31.19,64.25,27.51,0.8,345.57,8.314,2878.31,normal
19.4,115,120.83,36.54,40.56,29.77,0.58,365.41,1.039,379.01,normal
13.01,159,1000.0,19.28,50.3,55.88,3.57,354.17,8.005,2822.52,suciedad
12.06,42,924.3,31.47,58.67,42.48,11.31,351.58,7.961,2784.67,normal
12.41,247,1000.0,24.48,53.57,49.62,4.16,353.53,8.601,3042.44,normal
8.92,68,586.84,24.22,39.9,88.77,1.0,367.52,5.21,1897.13,normal
11.16,326,826.96,15.78,40.43,30.97,1.63,364.52,6.621,2438.61,suciedad
11.18,334,859.35,23.29,47.01,57.86,1.46,358.25,7.363,2633.0,normal
6.73,196,178.59,19.02,26.22,26.92,5.73,379.07,1.105,457.1,suciedad
16.75,90,659.09,22.22,43.45,42.29,4.43,363.55,5.641,2059.68,normal
11.83,111,995.77,18.41,49.15,56.93,2.67,357.6,8.973,3200.0,normal
17.51,359,472.23,22.31,38.73,86.26,0.96,364.97,1.632,582.45,falla_panel
17.9,145,498.53,22.56,36.54,47.39,8.34,372.08,4.555,1689.19,normal
8.97,275,614.33,25.58,43.55,24.54,3.18,359.99,3.241,1138.4,sombreado_parcial
15.2,179,970.01,15.31,42.72,47.17,10.57,363.82,7.86,2857.62,suciedad
12.61,241,1000.0,16.33,48.74,30.2,2.6,357.5,3.731,1364.32,sombreado_parcial
18.32,326,326.54,27.17,36.16,36.1,5.16,374.45,2.402,942.0,suciedad
9.02,319,589.92,20.22,38.67,63.27,5.03,366.14,4.183,1549.87,suciedad
15.49,331,746.69,31.45,56.29,24.72,1.23,347.83,3.591,1266.56,sombreado_parcial
14.51,153,1000.0,26.35,59.66,52.53,9.97,348.38,8.314,2895.83,normal
10.13,104,844.33,28.64,54.98,62.66,0.07,350.51,7.121,2505.5,normal
7.91,75,430.02,33.46,47.48,49.53,4.39,360.77,0.683,263.61,falla_panel
15.12,128,950.15,23.14,51.48,21.34,10.11,35.07,1.005,36.26,falla_inversor
16.34,199,788.76,21.55,48.73,88.99,1.24,358.87,6.78,2439.13,normal
10.42,154,890.47,30.23,57.81,45.7,3.13,347.28,7.468,2608.12,normal
15.03,56,872.71,28.06,55.45,74.5,2.48,352.8,7.419,2616.91,normal
11.53,278,947.65,23.88,52.88,42.8,4.3,358.13,5.519,1959.7,sombreado_parcial
15.98,345,757.74,33.35,58.83,53.25,6.03,347.11,6.595,2300.35,normal
8.79,19,542.7,23.73,40.99,47.19,2.77,364.42,4.378,1594.06,suciedad
18.46,159,370.15,25.2,37.91,43.98,5.08,367.46,1.138,379.99,falla_panel
10.02,26,703.83,25.13,47.65,21.53,1.12,33.63,2.795,93.58,falla_inversor
11.15,169,968.82,19.39,49.34,45.2,0.78,357.15,8.563,3038.86,normal
6.81,23,169.94,25.47,32.17,82.26,1.69,19.78,0.593,12.2,falla_inversor
7.56,47,371.75,33.38,45.52,68.33,3.4,360.39,2.67,941.34,suciedad
13.22,13,932.88,27.67,55.38,30.18,0.62,349.36,7.835,2751.24,normal
9.75,217,819.99,25.19,49.33,61.38,3.42,359.27,7.103,2541.17,normal
17.7,322,456.84,24.03,38.53,82.46,1.5,367.9,3.591,1301.19,suciedad
6.21,194,57.6,26.99,30.15,69.0,4.76,26.19,0.803,19.0,falla_inversor
11.31,144,963.09,29.5,62.05,30.41,0.11,345.99,8.167,2823.49,normal
10.72,73,877.02,28.66,53.4,80.75,3.31,347.71,7.491,2609.26,normal
6.27,156,54.96,23.01,24.76,41.11,3.15,382.03,0.406,181.66,normal
7.74,77,364.85,26.95,39.08,51.79,8.49,30.8,1.255,38.77,falla_inversor
11.79,169,1000.0,27.88,59.57,56.83,3.75,2.42,28.746,69.49,falla_inversor
12.9,287,951.68,18.96,50.21,79.54,4.77,360.39,8.182,2936.09,normal
11.66,85,948.99,26.01,56.65,85.21,7.05,352.02,7.933,2792.96,normal
13.43,182,1000.0,12.03,41.8,85.08,3.37,366.05,2.54,923.09,falla_panel
14.33,315,869.42,27.9,53.54,20.56,1.03,349.49,7.08,2445.18,suciedad
6.14,297,31.43,28.96,30.41,84.53,6.12,16.72,0.034,0.0,falla_inversor
12.5,112,1000.0,29.49,62.22,23.81,4.13,346.0,0.953,333.69,falla_panel
19.49,230,116.21,22.63,26.48,38.6,1.66,375.92,1.007,378.75,normal
13.27,96,1000.0,26.85,55.74,56.05,3.72,351.44,6.778,2370.02,suciedad
15.49,168,920.32,33.54,60.73,53.59,6.07,342.68,8.055,2750.12,normal
10.37,156,913.42,33.48,63.06,62.33,11.15,345.21,6.699,2273.75,suciedad
16.84,105,646.97,24.82,44.52,53.56,9.13,361.82,2.79,979.78,sombreado_parcial
16.82,193,698.86,25.84,47.85,85.41,1.18,21.81,3.588,79.39,falla_inversor
13.3,330,917.59,31.67,61.94,36.84,1.64,32.39,2.174,71.46,falla_inversor
19.66,132,52.89,16.0,15.84,39.18,0.35,387.18,0.611,211.68,normal
7.76,355,381.42,23.06,34.36,84.45,0.85,371.35,3.338,1254.04,normal
6.24,138,81.78,33.01,34.78,25.37,6.42,372.92,0.704,259.33,normal
16.78,331,589.96,30.85,49.82,62.67,1.34,355.74,1.696,574.59,falla_panel
17.3,270,546.38,27.22,45.45,67.72,2.91,358.67,4.233,1512.52,suciedad
7.68,38,348.37,15.97,24.63,55.39,3.29,29.83,1.428,41.14,falla_inversor
9.72,45,669.93,24.7,45.63,68.6,4.57,360.63,4.157,1495.15,sombreado_parcial
6.25,163,20.53,21.46,23.41,32.09,0.61,385.53,0.195,76.59,normal
10.11,331,713.68,26.99,46.51,79.68,1.09,360.61,6.094,2230.89,normal
16.82,253,661.84,20.14,40.73,29.8,1.78,366.58,5.986,2189.51,normal
13.25,169,1000.0,18.85,48.27,48.06,1.36,358.62,4.953,1785.71,sombreado_parcial
10.87,285,842.43,12.61,37.97,25.27,12.21,368.79,1.606,567.65,falla_panel
11.2,274,927.3,32.33,57.55,58.16,5.4,350.29,7.83,2787.07,normal
6.02,20,0.0,22.6,24.69,66.88,1.96,381.65,0.0,0.0,falla_panel
10.2,239,817.71,25.94,50.96,85.89,6.34,353.1,7.273,2543.63,normal
15.05,270,894.2,24.99,51.72,71.75,1.28,352.9,7.794,2715.87,normal
19.64,310,51.84,18.6,20.71,57.88,4.62,385.4,0.311,97.71,sombreado_parcial
17.86,31,403.67,17.45,28.5,85.28,0.76,376.86,3.64,1359.09,normal
6.33,314,70.79,18.97,19.47,53.49,4.44,383.72,0.157,93.25,falla_panel
18.58,104,304.82,20.66,32.45,59.28,1.83,373.52,2.665,1015.27,normal
16.96,170,689.94,27.2,51.47,61.73,0.34,358.08,5.879,2088.33,normal
16.93,186,684.13,20.23,40.72,48.7,0.96,365.45,5.183,1917.53,suciedad
12.41,128,1000.0,35.48,68.33,78.69,1.54,12.71,8.034,102.23,falla_inversor
11.57,210,981.62,31.16,62.37,32.96,4.15,345.4,5.36,1856.81,sombreado_parcial
10.24,281,791.66,29.85,52.47,58.84,0.23,352.68,6.942,2440.81,normal
6.92,253,183.32,24.28,28.62,70.56,3.23,376.46,1.737,641.33,normal
9.2,19,596.77,34.09,55.06,83.28,3.78,347.26,5.23,1860.21,normal
9.45,200,750.84,23.69,45.02,81.87,3.18,359.1,6.648,2382.12,normal
12.78,220,1000.0,24.81,59.48,55.61,4.29,347.08,3.009,1056.28,falla_panel
16.46,136,768.32,26.02,49.17,65.02,0.59,354.65,6.622,2338.72,normal
12.63,223,1000.0,29.21,62.83,47.6,2.65,344.02,8.508,2957.47,normal
6.81,3,148.64,28.82,33.01,52.77,8.5,371.8,0.854,298.67,sombreado_parcial
19.41,236,162.9,22.15,28.44,83.44,2.83,379.38,0.49,199.3,falla_panel
19.2,342,124.49,21.8,27.78,85.15,2.84,381.4,1.134,439.94,normal
16.99,228,655.21,28.84,51.4,82.68,4.0,354.81,5.935,2076.97,normal
19.88,142,46.35,29.29,29.86,29.69,1.22,376.13,0.422,161.4,normal
13.62,9,906.72,22.64,49.69,79.51,3.62,358.97,8.015,2859.48,normal
19.48,190,108.27,15.48,18.74,86.39,7.44,385.94,1.01,390.22,normal
7.06,350,195.65,23.76,27.92,45.29,0.03,378.07,1.297,458.89,sombreado_parcial
11.12,165,982.85,28.74,59.81,56.31,6.12,344.14,8.567,2942.52,normal
9.16,139,717.61,35.83,57.03,74.54,0.74,350.61,6.121,2137.13,normal
8.74,276,549.05,17.81,36.59,59.35,1.83,371.54,4.891,1813.77,normal
7.97,291,412.99,22.44,34.49,89.54,5.74,31.52,1.041,33.27,falla_inversor
14.71,53,890.7,22.66,47.88,51.9,5.21,354.94,4.025,1413.07,sombreado_parcial
16.94,175,744.88,33.13,58.51,69.98,6.67,350.75,2.091,746.49,falla_panel
14.1,110,1000.0,24.79,56.32,75.48,8.46,349.62,8.468,2947.87,normal
8.06,203,467.3,19.56,34.2,54.59,1.78,369.7,3.776,1378.04,suciedad
17.36,136,575.89,28.35,47.99,79.99,3.2,358.35,5.012,1786.62,normal
14.9,4,816.75,22.57,49.4,58.23,1.49,355.72,7.181,2571.18,normal
11.43,155,1000.0,17.65,47.76,48.82,1.3,356.31,6.717,2385.18,suciedad
15.44,172,895.25,19.64,46.95,27.55,1.69,356.1,7.081,2503.03,suciedad
9.64,358,641.81,35.4,53.79,47.54,4.08,27.05,2.879,79.59,falla_inversor
10.83,47,842.43,27.31,51.43,71.38,2.09,358.22,5.791,2101.63,suciedad
18.84,94,251.8,25.65,34.38,84.49,5.05,370.59,2.259,821.35,normal
10.07,48,769.09,23.5,48.12,37.62,4.1,363.27,6.487,2368.15,normal
12.58,240,1000.0,26.75,59.14,44.87,0.06,350.22,8.705,3035.59,normal
18.46,347,318.25,26.68,38.55,30.78,2.98,367.03,2.943,1048.89,normal
15.91,213,872.6,26.75,55.18,68.35,1.72,355.87,5.473,1973.73,suciedad
6.87,340,194.43,25.69,33.06,87.21,1.83,368.25,1.065,420.83,sombreado_parcial
8.06,324,376.19,30.21,38.85,64.87,5.12,366.42,1.31,465.22,falla_panel
6.11,139,33.02,25.14,25.71,63.2,2.38,382.85,0.172,40.71,sombreado_parcial
14.83,205,979.85,19.13,51.2,58.74,6.5,354.43,5.558,1939.38,sombreado_parcial
12.27,73,946.54,21.33,49.15,26.19,3.74,359.4,8.261,2954.58,normal
7.88,4,361.62,13.13,24.56,71.07,2.41,378.45,3.425,1298.72,normal
19.41,76,112.76,37.16,41.46,62.14,4.21,363.04,0.788,284.48,suciedad
13.42,329,923.41,30.18,59.7,66.3,0.12,29.59,1.677,49.13,falla_inversor
9.39,77,695.58,20.02,42.31,82.92,0.08,364.88,6.349,2286.06,normal
13.01,304,911.43,23.31,52.69,74.88,0.26,354.11,5.915,2089.41,suciedad
15.51,256,839.92,21.18,47.7,74.66,1.73,357.61,4.164,1501.48,sombreado_parcial
7.07,102,238.39,34.26,39.51,84.9,0.81,12.26,0.607,7.31,falla_inversor
9.85,106,791.24,16.48,41.97,89.3,12.45,368.61,6.983,2602.95,normal
17.3,333,536.67,25.69,42.89,60.69,2.34,363.71,2.375,873.8,sombreado_parcial
12.44,39,941.45,24.35,51.59,27.62,3.26,356.95,8.201,2932.97,normal
13.65,314,913.68,29.96,60.58,52.14,0.98,348.17,3.777,1321.76,sombreado_parcial
12.06,275,951.72,24.38,54.92,75.13,1.16,350.63,8.363,2960.03,normal
6.61,88,103.9,14.45,15.63,21.94,1.23,389.0,0.927,383.67,normal
8.32,211,561.89,23.49,39.83,23.98,3.6,364.38,2.523,919.76,sombreado_parcial
12.24,77,971.37,19.17,48.68,24.7,1.93,359.05,8.535,3049.34,normal
8.93,77,638.83,25.48,44.59,71.17,2.19,361.07,5.094,1846.82,suciedad
6.7,28,148.09,33.61,38.67,55.08,2.69,370.27,1.087,401.18,suciedad
17.81,245,526.18,14.56,29.54,45.82,4.39,372.47,1.456,525.89,falla_panel
19.74,66,69.77,20.2,24.07,27.39,0.28,381.89,0.818,261.42,normal
17.1,266,572.79,21.68,41.15,71.26,4.5,369.75,4.898,1816.81,normal
17.95,205,468.14,22.71,38.27,42.47,2.49,365.93,4.153,1535.27,normal
9.39,58,660.2,29.44,50.14,38.57,3.32,356.44,5.776,2044.77,normal
19.45,201,116.66,23.96,29.01,65.66,1.19,375.49,0.719,253.96,sombreado_parcial
8.76,225,607.29,27.49,46.06,59.13,1.58,361.79,5.219,1911.74,normal
19.32,142,137.97,21.25,24.47,45.37,0.79,376.5,1.251,492.21,normal
19.93,84,16.5,26.38,28.68,64.9,11.63,374.1,0.094,60.79,normal
15.96,143,861.14,29.67,57.05,38.99,2.06,347.57,7.352,2567.85,normal
19.74,352,33.2,20.61,20.62,75.64,15.0,1.85,0.505,0.85,falla_inversor
13.97,33,944.39,29.69,58.57,36.05,2.02,5.43,5.651,30.57,falla_inversor
9.63,152,798.09,25.31,49.15,31.12,0.74,355.79,4.908,1743.26,sombreado_parcial
12.12,158,1000.0,31.27,65.56,74.77,2.12,342.29,8.171,2813.61,normal
14.31,141,1000.0,23.79,55.05,69.55,0.12,351.9,2.066,745.58,falla_panel
7.02,251,233.26,27.29,34.81,32.78,7.05,370.29,0.408,149.82,falla_panel
14.71,303,862.31,24.76,52.79,28.14,5.12,352.61,2.996,1057.16,falla_panel
19.74,112,77.85,24.42,25.03,78.69,3.88,378.16,0.417,148.4,sombreado_parcial
8.66,144,609.66,26.55,47.25,74.36,2.82,361.72,5.352,1910.92,normal
17.1,209,630.85,28.22,47.02,42.91,2.6,362.07,5.431,1986.86,normal
18.71,224,336.29,17.5,30.76,66.07,15.0,371.91,1.287,481.56,falla_panel
19.21,43,174.19,33.6,38.58,28.69,0.98,366.33,0.46,166.31,falla_panel
19.44,264,119.51,13.84,19.13,55.49,4.54,386.48,1.142,437.64,normal
13.3,244,1000.0,20.89,48.4,21.31,2.61,355.98,8.856,3151.23,normal
19.68,3,73.8,24.43,24.98,47.41,11.17,381.51,0.289,110.85,sombreado_parcial
16.6,125,710.42,27.47,49.23,25.24,5.28,357.41,4.82,1719.38,suciedad
8.26,268,484.9,34.46,46.56,53.26,15.0,361.18,3.486,1249.71,suciedad
12.68,84,995.23,13.85,45.85,49.52,2.66,364.83,5.602,2056.79,sombreado_parcial
16.06,16,714.97,21.95,44.77,51.11,0.69,357.89,6.553,2336.76,normal
9.46,334,620.27,12.24,30.14,23.17,2.1,378.05,5.642,2123.06,normal
14.97,59,859.94,25.19,52.04,45.31,3.73,353.27,5.632,1985.54,suciedad
15.33,177,985.58,26.63,58.64,72.95,4.47,349.45,7.444,2573.77,suciedad
8.28,63,499.68,34.54,47.01,45.82,0.0,360.22,4.439,1595.26,normal
13.91,49,863.45,25.72,50.8,70.06,2.11,358.32,7.616,2722.62,normal
16.8,307,635.02,31.26,50.61,45.86,0.8,355.89,3.159,1141.64,sombreado_parcial
12.98,246,1000.0,28.5,59.79,49.63,6.24,345.4,8.641,2966.54,normal
6.17,289,22.18,22.39,22.99,59.47,0.5,382.49,0.178,31.51,sombreado_parcial
6.13,286,7.13,16.55,18.1,86.55,3.29,390.02,0.087,31.03,sombreado_parcial
11.0,332,797.99,26.65,52.3,27.62,0.93,354.86,5.145,1862.42,suciedad
18.97,15,195.52,16.05,23.2,22.3,1.32,380.66,1.479,542.43,suciedad
9.2,338,572.23,32.77,48.57,62.56,8.47,357.4,5.097,1797.04,normal
14.88,255,896.88,24.03,52.27,86.44,0.83,354.69,5.466,1934.78,sombreado_parcial
9.11,92,634.8,32.17,51.55,89.28,0.3,355.11,5.593,1995.46,normal
10.5,279,829.86,22.12,50.24,53.89,0.22,356.07,6.644,2342.95,suciedad
17.87,206,498.43,26.61,42.45,52.77,2.11,365.48,4.047,1457.19,suciedad
16.2,94,781.55,26.26,49.68,65.15,3.08,360.71,7.024,2528.96,normal
7.34,225,311.67,24.73,35.75,58.89,1.19,371.79,2.888,1052.44,normal
12.0,301,888.89,22.4,51.03,64.39,3.52,356.62,7.829,2804.93,normal
6.41,318,93.93,27.35,29.06,81.18,0.19,378.31,0.555,185.69,sombreado_parcial
12.73,199,1000.0,19.44,50.17,72.24,5.84,357.48,8.795,3139.24,normal
15.27,271,872.81,17.74,44.52,54.78,5.09,361.84,3.439,1250.07,sombreado_parcial
7.66,234,357.57,32.46,45.47,52.33,12.7,359.49,2.027,726.54,sombreado_parcial
10.04,46,730.72,29.36,52.5,64.77,8.27,352.81,4.44,1552.32,sombreado_parcial
11.57,64,915.9,25.4,55.11,51.9,1.32,351.47,2.096,731.16,falla_panel
18.87,230,276.88,34.99,42.9,52.04,1.53,363.68,2.476,867.12,normal
19.91,249,25.2,23.39,24.68,21.14,4.11,382.68,0.132,27.4,falla_panel
6.63,246,144.97,32.94,39.42,32.18,0.43,366.19,1.252,479.96,normal
16.65,75,714.08,26.05,47.83,54.2,1.13,357.72,6.454,2292.32,normal
11.2,157,972.39,18.85,49.41,77.59,0.38,357.46,8.47,3009.54,normal
11.49,223,982.02,36.09,64.73,39.51,1.82,343.21,4.011,1365.9,sombreado_parcial
16.56,190,742.1,30.94,52.99,56.59,2.41,352.35,6.655,2361.78,normal
18.86,52,206.31,24.27,30.22,44.15,0.71,373.7,1.294,462.77,sombreado_parcial
19.31,88,141.27,29.36,32.19,27.34,0.08,374.56,1.32,489.37,normal
14.08,313,910.39,22.58,53.01,87.08,3.81,353.25,2.728,981.51,falla_panel
11.0,339,801.9,29.97,53.78,79.83,0.06,355.12,3.591,1268.97,sombreado_parcial
17.03,66,597.54,10.65,30.51,25.49,10.88,375.43,2.817,1036.32,sombreado_parcial
9.51,150,741.12,18.88,42.32,70.39,0.75,363.5,2.329,862.01,falla_panel
13.9,20,879.74,30.88,58.41,44.33,3.27,346.0,6.895,2400.13,suciedad
11.02,33,828.34,23.5,51.62,89.64,1.71,354.83,7.27,2566.68,normal
15.19,328,814.59,26.25,48.31,41.17,0.18,355.99,7.088,2516.89,normal
9.37,281,630.5,16.92,36.33,36.71,1.92,366.78,2.703,976.52,sombreado_parcial
8.68,46,525.84,36.09,50.9,59.75,2.18,358.52,4.702,1684.61,normal
18.86,73,272.73,32.14,37.72,78.46,5.79,367.04,2.679,937.37,normal
7.43,354,274.06,23.8,30.57,33.48,3.95,376.6,2.425,919.84,normal
13.08,313,881.14,22.57,50.13,69.66,0.25,354.01,6.141,2162.16,suciedad
9.09,343,602.21,31.18,48.91,24.3,0.7,355.97,5.244,1874.94,normal
6.55,133,146.34,36.89,42.81,84.33,1.12,361.58,1.268,483.94,normal
6.5,55,125.59,30.72,34.33,25.68,0.37,372.61,1.115,417.77,normal
8.45,61,471.41,38.03,52.28,84.0,1.83,355.08,2.31,825.2,sombreado_parcial
18.13,345,396.5,19.47,31.38,54.36,12.46,371.4,2.361,843.79,sombreado_parcial
9.95,8,686.66,20.08,41.39,51.37,2.17,361.7,2.929,1051.6,sombreado_parcial
19.31,272,142.3,17.87,21.69,88.13,4.06,384.21,1.21,479.48,normal
14.14,246,980.35,27.65,57.01,89.33,3.45,352.31,1.803,634.13,falla_panel
12.11,176,1000.0,26.05,58.79,65.51,5.69,350.52,8.488,2990.92,normal
14.12,116,1000.0,24.09,54.4,28.9,0.73,350.62,5.77,2027.3,sombreado_parcial
13.23,317,927.72,29.86,58.27,55.43,4.21,347.63,2.235,758.65,falla_panel
16.62,271,678.84,32.39,54.25,57.04,6.39,33.71,0.784,25.6,falla_inversor
9.95,193,845.76,15.85,42.75,56.01,0.56,364.33,3.966,1474.93,sombreado_parcial
10.94,150,959.99,21.42,50.08,59.86,1.28,356.68,1.151,424.61,falla_panel
18.52,131,387.98,29.92,43.18,21.31,10.53,362.0,1.512,562.41,sombreado_parcial
19.25,102,144.34,22.19,27.51,69.79,4.55,378.57,1.261,490.4,normal
18.5,310,315.25,20.21,30.33,69.87,1.0,375.27,2.899,1082.23,normal
11.87,270,963.22,31.11,60.56,28.08,2.49,346.62,5.623,1931.0,sombreado_parcial
16.93,292,628.67,17.26,36.3,59.92,1.55,371.05,3.548,1322.54,sombreado_parcial
12.67,210,1000.0,23.19,54.14,59.79,2.02,354.54,8.58,3053.09,normal
12.97,361,898.0,26.97,53.19,67.77,1.32,353.92,2.944,1027.18,falla_panel
8.87,338,552.45,21.56,38.76,25.98,0.98,367.52,4.941,1810.02,normal
14.28,67,973.31,29.7,61.45,63.86,3.37,345.06,8.248,2855.03,normal
8.61,10,499.15,21.59,38.5,39.65,4.52,367.44,4.401,1624.36,normal
10.64,49,798.0,33.45,57.82,55.49,6.21,2.67,7.356,19.71,falla_inversor
17.97,111,454.54,24.25,40.05,74.13,0.51,366.69,3.308,1192.6,suciedad
8.9,321,528.34,29.03,48.4,69.4,5.19,356.69,3.275,1160.4,sombreado_parcial
7.0,219,244.22,29.48,36.63,28.32,0.88,367.76,1.941,680.17,suciedad
6.97,57,228.09,21.23,29.4,61.38,1.67,374.57,1.553,571.35,suciedad
19.17,283,176.15,12.68,14.79,87.84,6.95,392.0,0.436,188.35,falla_panel
13.1,113,1000.0,27.16,56.53,30.97,1.82,346.73,8.505,2977.95,normal
11.73,133,1000.0,25.43,56.82,79.7,0.66,347.06,6.043,2108.24,sombreado_parcial
17.35,71,515.63,28.33,42.94,69.18,0.52,361.73,4.415,1626.69,normal
17.7,83,464.83,23.64,41.23,74.18,1.92,23.24,2.099,49.68,falla_inversor
10.65,57,827.33,22.42,49.17,39.74,4.31,14.07,7.083,99.66,falla_inversor
15.71,349,743.88,37.05,61.75,40.15,15.0,343.44,5.875,2040.1,suciedad
16.8,271,657.5,16.17,36.67,83.42,4.65,369.62,5.86,2151.49,normal
15.17,111,927.94,29.4,56.9,45.19,6.29,350.51,8.129,2858.25,normal
8.12,357,447.88,21.55,34.77,24.41,4.13,372.29,3.959,1458.91,normal
18.26,76,378.81,22.99,35.2,62.04,6.77,373.03,3.264,1235.29,normal
13.55,158,1000.0,23.1,53.39,28.74,0.24,355.49,4.463,1573.65,sombreado_parcial
9.95,20,724.59,20.18,43.83,75.76,7.97,363.22,6.499,2369.68,normal
11.95,131,1000.0,28.43,60.74,64.92,1.51,14.7,4.132,60.91,falla_inversor
6.53,329,103.64,33.34,36.59,81.23,7.64,369.85,0.914,349.77,normal
7.79,122,459.32,27.82,39.44,74.94,0.24,365.47,1.124,413.55,falla_panel
16.72,41,619.87,25.62,47.56,27.85,3.77,360.35,4.545,1627.3,suciedad
6.0,167,0.0,19.08,18.76,46.67,3.99,384.93,0.0,0.0,normal
11.83,130,1000.0,28.1,63.41,74.22,15.0,341.99,8.375,2826.17,normal
13.32,23,905.22,37.94,67.21,49.21,4.39,15.52,8.201,125.59,falla_inversor
6.76,279,150.14,22.72,27.09,88.07,1.45,375.13,1.131,433.49,suciedad
19.62,251,76.47,22.74,25.81,71.5,2.44,378.04,0.736,259.52,normal
9.17,9,619.48,21.63,37.96,21.08,1.37,368.89,5.43,2025.22,normal
10.26,13,739.31,22.06,46.71,81.6,0.65,359.21,3.25,1196.81,sombreado_parcial
10.26,307,733.09,8.53,35.29,27.06,0.86,369.97,6.593,2403.58,normal
9.23,320,576.7,27.43,42.32,29.84,0.75,361.45,5.039,1807.06,normal
6.02,52,48.55,19.93,21.01,71.41,2.39,381.85,0.451,169.37,suciedad
16.21,209,806.83,15.34,40.39,80.55,7.1,365.01,5.173,1874.53,sombreado_parcial
19.54,38,105.78,29.52,34.14,57.54,7.32,368.32,0.959,365.36,normal
9.14,100,654.19,18.51,42.11,40.23,0.17,363.73,0.635,228.96,falla_panel
15.28,193,959.2,22.97,53.52,44.59,0.25,355.18,3.914,1385.99,sombreado_parcial
16.39,191,822.4,33.8,62.71,44.0,0.84,346.27,1.866,671.1,falla_panel
17.88,51,423.4,16.54,30.03,42.87,0.88,376.29,3.796,1406.46,normal
11.92,141,1000.0,15.8,47.73,37.0,0.3,358.79,8.894,3199.2,normal
10.24,168,867.59,26.62,54.22,62.62,1.48,352.08,7.453,2644.49,normal
10.55,311,830.35,31.9,59.68,83.03,2.66,347.17,7.232,2481.23,normal
15.98,109,828.04,15.55,40.8,41.5,2.59,0.76,0.062,59.84,falla_inversor
17.43,207,580.53,27.45,46.82,33.07,2.35,3.26,23.184,75.72,falla_inversor
8.54,300,501.65,28.49,42.32,78.7,1.24,360.54,3.186,1171.37,suciedad
11.19,110,954.1,12.65,42.03,71.92,3.68,365.5,5.33,1938.18,sombreado_parcial
18.63,196,321.65,29.79,38.89,85.16,5.25,366.6,2.494,912.98,suciedad
17.29,152,575.65,30.26,48.38,31.59,1.28,361.4,3.124,1089.36,sombreado_parcial
19.79,243,47.16,23.13,24.13,30.1,0.27,379.76,0.523,172.87,normal
16.56,128,746.11,32.51,57.53,57.9,1.05,349.08,2.65,932.91,sombreado_parcial
11.5,105,993.4,31.82,61.54,63.01,0.44,346.56,5.377,1837.88,sombreado_parcial
14.27,10,859.65,25.62,49.89,53.61,1.89,357.12,7.789,2757.15,normal
15.25,356,771.94,22.29,44.38,61.93,0.51,361.44,6.534,2393.07,normal
7.1,148,266.3,19.16,28.98,32.63,1.86,379.42,2.401,899.66,normal
13.62,365,860.82,24.77,50.22,53.57,0.75,354.37,3.457,1203.21,sombreado_parcial
15.93,364,716.41,28.42,51.4,66.07,4.03,356.06,6.161,2200.74,normal
8.34,140,507.63,23.05,38.48,50.29,0.08,366.41,3.951,1470.13,suciedad
16.93,190,718.62,11.81,35.51,67.56,2.43,369.77,6.611,2388.58,normal
14.17,94,1000.0,32.61,63.52,51.58,0.56,343.87,8.467,2884.15,normal
19.33,229,139.17,26.14,34.64,43.35,0.0,370.62,0.962,351.22,suciedad
6.59,63,142.27,22.72,30.02,41.25,6.1,374.94,0.77,328.1,sombreado_parcial
9.71,340,670.58,30.14,50.63,48.76,3.34,352.89,5.74,2032.27,normal
14.42,25,852.3,34.15,60.1,21.62,0.31,348.26,0.848,260.47,falla_panel
10.15,268,754.57,8.19,36.47,66.8,3.27,366.33,6.797,2464.7,normal
16.0,281,763.42,27.61,49.84,79.16,2.84,358.97,1.118,405.23,falla_panel
16.63,11,607.23,16.44,35.33,44.82,1.92,369.99,3.583,1333.98,sombreado_parcial
7.44,320,311.96,27.99,37.78,23.22,1.63,369.53,2.81,1010.43,normal
13.19,201,1000.0,25.77,57.01,89.07,6.54,345.22,4.688,1621.76,sombreado_parcial
13.12,126,1000.0,28.81,57.46,38.46,0.84,349.1,8.526,2977.51,normal
11.17,306,890.39,22.0,50.57,28.86,1.52,355.68,7.988,2832.51,normal
19.06,190,240.53,13.76,19.82,45.88,1.2,383.33,2.269,857.52,normal
17.59,89,450.63,22.3,38.53,71.7,4.42,368.69,3.936,1470.3,normal
15.76,355,723.02,27.44,47.85,40.57,7.45,357.17,5.174,1836.02,suciedad
16.0,116,799.47,31.09,56.17,60.23,5.69,348.81,5.006,1762.44,suciedad
12.46,352,877.55,17.97,42.07,49.09,4.79,363.14,1.326,457.11,falla_panel
18.89,177,267.21,31.16,36.28,28.24,12.98,371.0,2.444,912.07,normal
15.72,14,751.69,21.11,43.34,43.12,3.58,363.06,3.553,1283.74,sombreado_parcial
16.21,257,764.56,27.17,50.02,70.74,4.17,356.93,6.59,2402.31,normal
18.06,209,476.04,21.94,39.02,62.84,12.19,368.05,2.902,1051.7,sombreado_parcial
9.84,281,747.49,26.09,49.39,28.38,0.02,356.44,0.779,259.22,falla_panel
17.3,328,529.7,30.35,48.84,31.43,3.02,359.21,4.629,1670.97,normal
8.73,325,529.0,17.64,33.6,64.85,4.03,3.02,9.06,27.53,falla_inversor
10.83,105,946.89,20.92,51.42,76.94,7.5,356.4,6.316,2275.1,suciedad
10.7,147,942.75,26.11,54.48,44.46,6.46,350.59,6.19,2169.03,suciedad
19.7,279,59.72,39.41,40.09,61.67,5.53,365.84,0.264,115.9,sombreado_parcial
17.99,9,356.55,19.82,28.23,31.95,8.74,378.64,2.556,968.09,suciedad
15.82,118,877.07,37.24,65.15,41.8,2.31,5.13,0.009,0.0,falla_inversor
16.18,94,772.7,37.03,61.57,21.42,0.02,347.15,4.848,1677.94,suciedad
13.87,144,1000.0,24.42,56.83,73.78,0.03,351.73,8.533,2975.03,normal
19.26,289,150.06,23.21,28.22,48.07,2.36,374.14,1.008,351.74,sombreado_parcial
12.95,14,911.01,20.85,52.36,77.13,1.71,353.48,7.932,2800.14,normal
11.33,257,950.1,24.59,54.55,69.59,1.8,4.13,29.653,122.34,falla_inversor
8.28,346,419.48,16.56,31.16,78.01,1.53,371.69,1.329,485.57,falla_panel
17.01,186,689.69,24.54,45.61,40.0,7.49,361.22,4.128,1463.54,sombreado_parcial
16.28,345,668.26,33.98,53.5,32.96,1.33,352.27,4.515,1586.9,suciedad
11.38,207,1000.0,21.33,53.66,88.03,5.82,352.21,1.642,560.95,falla_panel
6.35,346,94.68,23.56,26.38,70.21,6.99,378.82,0.996,334.13,normal
17.75,172,514.88,14.79,32.13,78.38,2.08,373.93,2.51,929.21,sombreado_parcial
6.16,270,40.9,27.24,29.05,20.92,1.78,377.61,0.359,143.25,normal
15.85,221,883.78,26.59,53.02,44.81,4.29,351.23,5.623,1981.25,suciedad
19.58,152,87.99,25.38,29.74,72.0,3.69,377.38,0.761,299.72,normal
12.13,111,1000.0,23.7,53.64,25.46,1.19,354.06,6.363,2238.17,suciedad
9.29,183,785.78,23.24,48.74,59.71,0.32,356.95,6.823,2427.81,normal
15.87,339,731.99,28.01,52.81,50.04,0.92,355.49,6.409,2283.29,normal
17.44,72,525.84,24.83,40.68,21.23,0.42,361.76,4.638,1648.58,normal
13.65,283,971.24,26.89,58.98,36.52,1.05,348.05,8.186,2854.84,normal
19.54,74,90.95,26.29,29.73,39.94,0.91,374.39,0.829,307.38,normal
6.72,355,114.15,31.74,36.59,27.83,3.05,366.9,0.383,153.38,sombreado_parcial
13.07,215,1000.0,29.06,59.06,64.21,9.27,344.68,4.259,1468.67,sombreado_parcial
16.06,328,681.66,26.16,47.78,36.97,3.47,359.62,5.878,2127.12,normal
18.08,23,432.53,34.11,45.51,39.43,7.84,361.53,2.145,775.99,sombreado_parcial
8.51,68,513.11,27.52,46.12,82.88,4.6,362.33,2.433,899.29,sombreado_parcial
17.2,362,572.26,32.83,47.69,52.7,3.9,359.77,4.94,1785.24,normal
13.74,93,980.84,28.64,58.76,47.45,1.6,347.34,8.345,2909.79,normal
11.55,321,888.06,13.95,40.3,70.67,1.18,370.89,5.881,2191.94,suciedad
7.84,324,377.03,32.83,45.62,83.67,5.62,362.44,3.143,1154.16,normal
18.11,63,415.58,25.81,41.68,21.75,7.07,361.85,3.706,1345.91,normal
8.2,224,522.77,24.69,42.01,51.38,1.8,25.09,2.15,57.01,falla_inversor
10.34,225,866.49,26.69,58.21,62.75,0.03,348.91,5.499,1905.8,suciedad
10.06,346,685.74,22.93,42.29,42.3,4.72,363.05,6.266,2268.59,normal
18.2,337,354.36,26.36,35.48,74.07,1.01,374.15,2.003,742.9,sombreado_parcial
15.42,103,893.88,21.45,48.04,88.0,0.03,357.53,5.819,2082.81,suciedad
17.15,215,630.25,32.65,52.52,86.04,4.9,353.08,5.154,1796.92,suciedad
9.51,192,780.04,24.32,47.15,38.62,2.19,360.44,6.691,2423.6,normal
14.75,160,1000.0,22.7,52.83,35.84,3.47,353.81,8.796,3141.28,normal
14.0,207,1000.0,19.45,51.63,87.02,7.38,354.26,3.853,1359.32,sombreado_parcial
17.66,269,503.67,26.61,40.49,52.1,2.34,369.61,4.442,1605.96,normal
18.69,194,312.31,26.12,34.18,34.58,2.1,374.35,0.924,318.04,falla_panel
6.17,152,27.79,27.33,27.6,69.49,1.03,374.71,0.301,94.88,normal
15.44,237,906.3,18.84,46.7,39.91,1.09,363.13,7.816,2796.36,normal
6.73,88,148.81,15.39,21.56,38.71,4.78,382.91,0.432,172.68,falla_panel
13.68,11,887.45,28.75,55.14,81.55,1.79,353.64,7.441,2638.93,normal
10.03,187,862.7,33.91,59.79,31.37,0.54,350.92,7.415,2606.13,normal
10.29,214,909.71,18.84,48.14,24.51,0.3,359.63,4.226,1564.16,sombreado_parcial
10.94,15,818.51,34.54,61.32,38.84,1.92,350.06,7.021,2431.85,normal
14.7,266,933.25,26.7,58.01,62.49,1.88,350.35,6.48,2269.76,suciedad
10.68,297,812.67,24.96,51.06,28.62,3.18,356.5,6.977,2497.92,normal
16.26,73,733.96,22.61,45.75,53.01,1.91,362.31,6.387,2317.21,normal
11.66,52,910.09,16.69,46.0,63.91,0.46,357.58,8.119,2919.68,normal
6.96,128,234.63,30.93,37.86,79.41,2.13,367.38,1.645,603.17,suciedad
16.97,28,573.33,20.35,37.85,36.09,7.12,365.65,5.056,1857.75,normal
10.0,65,788.75,20.32,42.31,77.21,0.52,363.2,6.704,2443.21,normal
12.06,17,883.87,30.95,59.91,36.44,3.51,347.73,5.571,1952.56,suciedad
15.6,351,717.49,13.7,36.44,67.37,2.7,368.84,1.267,466.38,falla_panel
10.65,138,992.18,15.86,48.03,50.15,4.14,357.83,7.62,2735.55,suciedad
6.79,319,155.67,24.89,25.53,28.03,0.49,376.78,1.504,541.01,normal
11.23,229,999.14,26.76,57.91,70.0,8.52,347.68,4.342,1500.18,sombreado_parcial
19.22,254,204.26,27.91,33.01,35.24,2.91,375.73,1.222,483.73,sombreado_parcial
14.98,210,992.3,23.19,56.45,32.36,5.63,349.01,2.602,897.54,falla_panel
15.4,294,810.11,40.18,66.42,45.08,0.85,339.96,2.695,910.47,falla_panel
14.85,231,967.83,23.63,54.23,65.73,4.03,352.7,3.209,1130.58,falla_panel
8.79,241,580.9,23.62,41.12,36.38,4.56,365.43,3.734,1367.2,suciedad
11.86,70,990.5,20.22,51.77,32.86,1.52,354.3,8.862,3119.02,normal
16.51,104,716.29,25.74,46.74,20.7,1.45,356.56,4.593,1657.53,suciedad
7.42,204,334.5,28.69,38.99,53.02,3.22,367.79,2.683,988.19,suciedad
9.89,53,733.83,32.22,54.29,50.01,0.29,356.02,1.599,598.95,falla_panel
9.87,330,690.92,16.06,41.06,36.37,3.99,368.42,1.649,597.78,falla_panel
12.05,54,921.85,23.52,54.54,23.76,0.13,350.51,4.977,1745.5,sombreado_parcial
19.73,276,88.1,27.68,32.03,50.05,0.63,374.13,0.497,204.13,sombreado_parcial
6.95,335,209.52,28.52,32.83,75.17,3.27,377.62,1.872,703.51,normal
13.26,31,930.15,25.04,55.4,70.07,0.31,351.11,4.431,1531.67,sombreado_parcial
8.51,135,569.5,28.25,46.33,80.26,10.71,360.24,4.98,1792.0,normal
19.59,58,109.88,20.15,25.42,20.67,6.08,1.35,13.401,18.17,falla_inversor
7.59,105,353.73,34.35,45.89,87.65,2.95,362.24,0.446,162.04,falla_panel
11.65,266,980.15,30.96,61.58,43.9,5.13,345.81,7.193,2482.18,suciedad
16.33,10,667.23,16.93,38.13,89.33,6.56,365.74,6.009,2210.53,normal
15.86,253,838.15,18.55,42.03,37.68,0.9,365.21,7.38,2654.53,normal
11.92,295,916.89,18.72,46.22,53.01,5.68,361.8,4.655,1710.32,sombreado_parcial
10.85,156,972.99,29.07,60.03,44.77,0.65,345.33,8.398,2944.04,normal
11.57,158,1000.0,17.29,50.25,44.9,1.6,352.69,8.821,3127.58,normal
9.7,37,732.2,23.01,45.07,78.96,2.45,361.21,1.064,419.6,falla_panel
8.87,119,669.86,27.73,48.6,72.25,3.75,358.96,5.991,2133.71,normal
12.76,67,993.96,24.6,53.26,89.45,0.09,353.68,8.94,3143.19,normal
9.76,242,784.66,26.55,53.26,62.95,1.03,355.47,4.358,1577.79,sombreado_parcial
10.02,299,728.95,18.61,43.06,52.43,2.81,359.42,2.381,875.46,falla_panel
15.19,213,953.4,28.57,59.34,26.31,1.33,345.35,6.928,2413.56,suciedad
19.56,308,73.46,21.32,24.23,89.76,4.48,10.4,0.518,5.4,falla_inversor
14.45,101,988.49,23.05,56.27,58.61,3.16,347.18,7.126,2465.98,suciedad
7.08,56,238.67,26.43,32.68,69.03,0.8,371.19,2.268,814.08,normal
7.06,332,174.12,25.62,29.69,48.47,0.47,374.49,0.66,239.06,falla_panel
19.32,324,139.54,25.14,31.1,58.34,2.98,376.24,1.247,475.62,normal
10.16,239,843.93,20.5,48.36,85.98,1.8,360.42,7.511,2714.1,normal
7.29,231,298.27,23.2,30.73,31.65,0.56,376.0,2.752,1032.94,normal
14.39,362,864.9,25.01,51.24,40.47,1.19,358.82,5.809,2081.36,suciedad
14.73,92,917.64,16.75,47.96,30.64,1.08,360.99,1.222,443.5,falla_panel
15.08,279,852.58,22.22,49.49,75.46,0.34,358.32,7.574,2712.17,normal
9.74,109,801.04,27.33,53.54,24.34,2.37,354.41,6.787,2405.91,normal
6.21,317,43.64,17.34,16.96,25.71,4.33,386.46,0.0,20.28,falla_panel
19.51,168,127.44,31.94,36.91,40.89,2.57,365.9,1.188,431.93,normal
9.51,300,655.5,32.62,50.97,55.99,5.25,353.9,4.976,1776.63,suciedad
15.46,218,910.34,17.53,43.01,48.44,0.41,364.58,8.091,2946.18,normal
15.89,222,801.71,33.15,59.29,23.14,1.72,346.8,7.111,2457.58,normal
14.54,161,1000.0,24.14,57.54,87.02,2.82,350.31,8.57,2981.54,normal
10.38,16,794.11,27.51,51.95,86.7,3.38,350.74,6.814,2390.55,normal
9.8,278,711.25,22.02,43.43,39.55,3.57,363.55,5.242,1917.41,suciedad
14.37,57,897.72,30.54,61.16,71.21,3.92,343.94,2.856,967.88,falla_panel
18.13,62,404.74,27.44,39.79,60.5,3.16,364.49,3.621,1318.54,normal
19.25,363,179.59,20.12,25.63,36.62,0.3,382.74,1.215,427.41,suciedad
7.48,327,297.31,18.01,29.84,38.35,3.57,379.7,2.226,872.1,suciedad
8.17,242,459.02,16.24,30.05,54.38,3.87,373.05,4.195,1575.87,normal
19.23,90,171.53,26.13,30.51,49.35,15.0,374.31,0.743,291.42,sombreado_parcial
16.31,72,705.67,28.43,51.71,40.39,3.55,354.38,2.751,942.12,sombreado_parcial
18.36,326,314.07,28.91,37.65,76.53,3.48,369.45,2.84,1040.99,normal
8.84,30,543.3,24.29,41.05,53.7,2.17,363.81,4.653,1726.81,normal
14.23,359,847.95,18.06,42.58,65.84,6.07,22.26,2.415,55.74,falla_inversor
15.82,288,757.06,20.91,44.84,33.25,15.0,361.73,2.827,1007.21,sombreado_parcial
15.52,86,854.33,31.91,58.71,57.35,4.53,348.13,7.264,2547.42,normal
11.71,234,1000.0,22.09,54.79,42.26,2.84,353.43,8.593,3037.07,normal
6.22,235,22.07,25.86,27.84,56.85,0.25,375.94,0.128,51.88,normal
14.16,313,900.37,18.55,47.51,74.66,3.89,358.21,7.886,2789.32,normal
9.54,365,636.26,27.02,47.49,73.82,3.7,360.18,5.662,2043.61,normal
12.3,265,997.97,22.25,53.33,44.8,4.48,352.96,8.44,2986.48,normal
19.41,287,143.04,31.28,36.66,68.6,0.4,365.56,1.306,466.99,normal
11.59,327,854.11,29.64,54.66,85.89,3.18,355.07,4.819,1691.28,sombreado_parcial
17.76,269,489.2,22.03,33.79,63.8,1.05,371.48,4.383,1625.93,normal
8.64,186,595.58,24.24,44.59,30.39,4.28,361.25,4.96,1833.29,normal
15.41,131,949.18,21.69,52.37,67.58,0.82,359.06,8.212,2933.95,normal
19.68,291,52.79,16.48,17.94,27.34,3.46,390.93,0.428,193.96,normal
7.43,277,313.95,19.86,31.28,81.05,1.05,375.94,2.712,1048.35,normal
6.12,320,20.2,26.19,25.72,56.17,0.03,377.14,0.057,30.88,sombreado_parcial
12.07,351,860.25,26.95,52.78,46.96,3.01,356.36,7.408,2637.78,normal
7.3,180,333.29,25.89,35.04,23.99,0.36,366.92,3.172,1137.0,normal
16.48,290,666.0,23.19,44.85,46.65,3.23,361.41,5.338,1965.92,suciedad
18.8,163,257.5,30.6,36.27,83.22,7.8,368.36,0.997,364.26,sombreado_parcial
12.08,271,906.69,25.38,52.56,21.47,10.45,352.41,7.941,2772.37,normal
9.62,96,728.44,29.22,52.42,53.23,0.81,354.42,6.25,2216.86,normal
12.08,262,1000.0,14.36,43.8,85.18,4.97,5.29,28.981,153.15,falla_inversor
16.13,365,713.79,5.0,26.32,47.64,1.31,36.05,1.061,37.03,falla_inversor
6.13,353,11.22,26.7,23.74,49.97,6.92,381.04,0.038,25.18,normal
14.25,288,912.45,16.45,45.87,60.5,4.65,359.75,7.816,2800.79,normal
14.59,83,932.87,23.73,51.85,52.41,0.23,356.2,8.067,2871.39,normal
14.93,225,935.85,23.19,50.78,31.8,1.57,357.26,7.967,2852.05,normal
9.39,223,713.52,34.52,54.88,21.3,1.23,351.89,6.235,2166.05,normal
16.0,118,849.51,27.4,53.32,62.69,4.61,351.36,4.255,1498.02,sombreado_parcial
7.28,192,319.8,26.0,33.62,84.46,1.58,368.43,3.062,1100.26,normal
8.79,79,590.38,30.02,51.38,27.45,3.46,356.25,5.223,1866.63,normal
18.28,78,347.51,27.21,34.49,34.77,2.77,372.93,2.007,750.97,sombreado_parcial
16.34,147,800.61,22.25,46.6,45.92,11.14,359.08,1.225,444.01,falla_panel
6.19,107,0.0,31.43,31.59,76.61,8.33,374.49,0.062,3.39,normal
9.48,271,710.09,18.34,39.37,38.85,1.67,368.99,5.321,1979.29,suciedad
9.0,244,648.49,26.94,47.52,81.74,3.86,362.63,5.643,2037.82,normal
9.79,73,715.84,15.71,36.89,23.85,5.31,367.92,6.349,2328.53,normal
9.47,357,663.94,26.22,49.27,85.87,6.87,356.77,0.833,290.17,falla_panel
6.88,354,139.73,26.16,28.85,59.25,0.21,377.25,1.377,480.94,normal
12.43,26,922.83,35.06,60.37,66.11,1.08,343.97,3.671,1266.35,sombreado_parcial
16.26,210,813.99,15.61,39.1,45.74,1.16,362.32,7.52,2674.95,normal
14.49,92,938.88,21.39,51.31,74.74,1.71,352.33,8.254,2888.44,normal
15.42,125,915.24,29.94,58.36,31.66,0.56,347.76,5.235,1845.57,sombreado_parcial
7.14,73,216.42,27.01,34.9,23.42,2.06,369.14,1.846,702.52,normal
19.32,123,105.12,26.08,30.12,47.69,3.26,373.51,0.998,353.4,normal
17.74,309,429.67,19.26,31.74,79.76,2.06,373.7,2.517,954.49,sombreado_parcial
17.27,184,618.54,21.46,40.05,72.84,3.29,365.67,5.658,2064.56,normal
17.52,187,591.63,32.47,50.38,56.2,0.21,354.38,5.305,1892.15,normal
19.06,198,229.97,24.69,34.7,60.05,6.26,367.55,1.492,556.89,suciedad
13.62,78,988.81,27.25,59.19,29.09,8.39,348.34,8.413,2934.96,normal
8.8,348,509.65,24.31,43.07,78.85,2.89,364.94,3.055,1096.86,sombreado_parcial
14.63,186,1000.0,17.9,50.41,75.09,6.4,354.62,1.255,449.11,falla_panel
16.4,344,632.88,30.6,50.29,65.95,0.42,355.21,5.669,1988.25,normal
16.33,253,720.87,28.02,49.02,52.63,4.79,358.81,6.168,2230.69,normal
13.3,13,894.65,38.83,67.09,87.51,0.38,342.11,4.083,1383.09,sombreado_parcial
6.96,299,202.36,18.91,25.14,81.53,1.57,378.95,1.919,723.28,normal
11.2,76,901.36,29.94,57.96,65.11,1.17,348.48,4.387,1550.35,sombreado_parcial
18.89,51,228.09,17.13,23.94,46.03,2.64,383.95,1.972,768.66,normal
14.18,275,958.31,25.94,52.81,63.26,1.08,355.33,8.4,2986.71,normal
13.54,149,1000.0,30.86,64.0,60.28,3.04,340.67,8.526,2883.43,normal
9.76,219,771.95,12.57,36.61,47.6,1.37,365.53,6.304,2306.71,suciedad
11.16,122,987.67,23.77,52.51,41.47,5.92,353.31,9.014,3148.2,normal
18.53,211,353.23,21.62,33.38,48.49,3.01,370.11,2.848,1060.03,suciedad
15.33,280,847.21,20.79,45.98,60.17,0.73,361.0,6.395,2306.94,suciedad
17.02,26,582.26,27.31,46.35,49.97,1.23,361.14,5.197,1853.16,normal
12.36,173,1000.0,31.72,64.3,38.45,5.64,343.18,8.588,2968.81,normal
14.82,156,1000.0,24.2,56.98,73.27,1.47,348.01,8.736,3019.19,normal
9.48,238,780.13,26.23,50.37,57.2,2.3,353.36,3.369,1201.78,sombreado_parcial
15.88,82,775.86,25.69,49.31,24.74,3.14,358.23,5.294,1900.58,suciedad
11.99,356,865.17,25.01,51.11,45.78,1.28,356.85,7.593,2704.97,normal
12.2,273,985.42,18.46,48.17,81.94,1.04,360.2,8.599,3112.06,normal
15.09,68,876.53,31.65,59.02,72.87,1.93,347.1,7.745,2642.04,normal
19.11,44,202.46,26.77,32.78,42.63,0.73,372.42,1.852,685.53,normal
6.9,61,196.71,27.37,32.28,85.67,1.0,374.71,1.234,459.67,sombreado_parcial
17.55,123,585.95,20.16,36.76,25.36,0.19,368.85,5.344,1981.93,normal
10.09,349,695.36,22.24,43.81,87.29,1.09,360.98,6.059,2211.46,normal
12.21,196,1000.0,23.94,54.54,37.2,1.16,350.26,4.682,1620.06,sombreado_parcial
6.31,330,85.9,15.8,16.77,20.64,9.8,389.26,0.751,297.76,normal
10.21,323,716.74,14.87,38.52,50.37,2.67,366.58,6.398,2339.39,normal
13.04,111,1000.0,21.4,55.3,45.13,4.64,350.12,8.33,2933.53,normal
6.79,258,176.07,28.14,35.08,57.74,0.14,371.32,1.081,386.13,sombreado_parcial
12.88,89,1000.0,21.08,51.25,75.77,0.34,353.64,8.522,3019.24,normal
18.98,198,209.56,18.89,25.36,78.97,5.05,378.5,1.814,717.9,normal
7.48,282,294.16,20.11,31.62,48.09,2.93,373.8,2.699,1014.15,normal
16.7,200,747.81,22.27,43.88,50.09,0.64,361.13,6.503,2334.39,normal
11.74,99,1000.0,22.88,55.3,30.37,1.56,354.04,8.653,3053.0,normal
15.17,27,809.42,37.99,61.12,23.33,2.32,346.76,7.127,2464.55,normal
9.64,89,757.07,31.33,57.51,64.89,5.57,349.37,6.631,2317.12,normal
8.23,146,542.83,31.15,47.47,24.51,0.19,361.47,4.734,1710.6,normal
8.25,182,533.6,32.01,52.03,71.37,2.72,354.48,4.717,1682.01,normal
6.99,257,207.28,19.01,28.08,57.74,3.79,379.24,0.975,347.71,sombreado_parcial
8.6,189,612.06,17.67,36.63,33.9,11.44,366.96,4.654,1708.83,suciedad
15.3,240,912.44,18.36,45.79,57.77,4.94,358.98,7.812,2813.76,normal
18.34,359,340.49,33.01,43.94,32.81,0.97,360.09,3.108,1086.82,normal
17.4,196,618.83,21.72,40.78,50.71,3.71,366.01,5.553,2009.97,normal
15.59,297,761.57,17.49,40.69,75.97,4.32,362.01,6.846,2476.38,normal
7.55,165,363.62,22.41,31.29,52.33,3.93,374.66,3.376,1271.27,normal
10.05,307,695.94,23.57,44.54,30.41,5.15,360.44,6.276,2267.93,normal
10.34,271,829.63,26.61,50.87,70.67,7.02,355.68,7.131,2553.47,normal
9.5,8,635.91,26.51,47.21,33.07,0.31,358.87,1.3,449.27,falla_panel
13.21,38,941.42,20.03,50.94,71.7,0.33,356.47,8.316,2931.7,normal
13.5,114,1000.0,29.11,61.47,53.55,4.77,349.82,2.9,1004.51,falla_panel
11.0,339,841.46,21.16,47.97,51.76,0.87,362.21,1.372,468.71,falla_panel
10.95,56,836.47,24.06,48.92,79.6,0.18,358.91,5.837,2079.36,suciedad
17.6,359,477.35,29.12,44.35,69.6,1.54,360.94,1.069,412.46,falla_panel
17.05,138,668.69,21.15,43.23,22.3,5.14,363.05,5.981,2144.88,normal
10.31,102,849.81,21.58,47.26,40.73,0.41,358.06,7.52,2696.43,normal
18.79,334,236.92,28.55,36.13,80.96,3.34,367.95,2.121,776.26,normal
19.34,177,149.63,19.85,24.31,21.28,0.01,376.75,1.308,509.78,normal
10.57,169,966.88,22.69,55.4,58.17,0.35,350.66,8.083,2865.11,normal
10.96,339,810.64,28.33,54.94,70.95,1.3,352.1,6.216,2199.74,suciedad
13.08,286,935.11,37.32,67.46,63.53,0.26,340.89,7.853,2672.18,normal
19.18,261,176.72,28.63,31.58,73.24,5.61,373.97,1.57,584.89,normal
18.27,223,405.24,27.84,40.76,70.8,5.99,363.64,2.341,836.96,sombreado_parcial
7.44,199,362.76,28.18,39.29,68.44,4.23,365.43,3.35,1218.87,normal
11.5,211,1000.0,18.56,49.57,77.51,0.83,358.51,8.728,3126.25,normal
13.75,287,934.86,25.69,52.56,65.2,2.22,350.4,8.246,2898.8,normal
13.04,180,1000.0,24.82,54.44,48.17,0.61,351.01,8.09,2804.12,suciedad
8.71,250,601.76,26.93,45.63,53.03,0.99,360.45,2.457,849.95,sombreado_parcial
18.02,231,423.91,25.7,40.62,70.17,2.18,364.34,2.219,803.75,sombreado_parcial
15.48,23,788.94,27.28,51.05,81.34,3.98,352.22,7.001,2490.25,normal
17.73,48,452.7,23.13,36.68,39.06,0.3,370.78,0.507,181.23,falla_panel
18.02,109,443.35,25.35,41.88,43.95,1.06,366.29,3.813,1419.92,normal
16.48,296,712.03,17.63,39.44,85.15,7.84,364.31,5.589,2061.45,suciedad
12.15,6,884.01,23.08,50.51,60.5,1.68,10.57,3.938,41.1,falla_inversor
14.55,38,893.18,33.35,61.08,32.53,8.38,349.72,5.063,1785.64,sombreado_parcial
8.25,169,545.38,26.91,41.94,66.46,14.27,363.08,2.951,1080.48,sombreado_parcial
15.43,356,745.83,24.87,49.04,89.35,2.24,355.22,6.618,2334.58,normal
8.51,283,478.49,36.38,50.35,77.64,1.02,355.69,4.35,1538.67,normal
15.72,203,906.52,16.83,45.12,72.2,4.69,361.53,2.525,900.32,falla_panel
9.21,325,580.58,18.34,37.15,34.56,0.52,367.2,5.404,1951.31,normal
7.65,313,300.1,35.28,47.57,81.33,0.87,358.82,0.796,295.05,falla_panel
8.31,273,507.84,25.28,39.17,56.81,4.61,366.3,2.702,983.54,sombreado_parcial
6.03,244,0.0,23.54,24.84,82.25,1.71,378.77,0.075,0.0,normal
16.06,327,688.33,17.8,40.62,43.09,0.68,361.9,2.851,1048.32,sombreado_parcial
16.25,47,744.5,27.69,49.99,24.34,3.16,358.92,6.468,2324.0,normal
13.21,249,988.71,28.27,60.06,53.32,3.96,347.82,8.398,2906.08,normal
8.26,79,459.54,18.43,35.26,38.89,0.4,368.72,4.035,1510.37,normal
7.17,110,263.11,24.16,31.23,70.07,0.97,374.89,2.366,882.72,normal
6.27,13,49.76,22.99,24.9,87.0,0.75,378.35,0.111,47.5,falla_panel
8.32,365,430.8,26.54,40.61,68.37,1.43,365.1,3.913,1445.36,normal
18.47,90,318.79,18.28,29.05,82.09,4.32,377.34,1.939,708.79,sombreado_parcial
9.38,342,650.86,32.51,54.0,51.71,3.75,353.37,5.682,1991.51,normal
10.96,348,813.02,30.49,56.15,74.01,3.26,349.59,5.964,2075.71,suciedad
7.47,280,327.01,22.82,33.81,79.01,0.02,373.26,1.68,613.8,sombreado_parcial
9.11,221,682.51,23.7,43.66,69.76,0.46,362.29,5.838,2122.36,normal
13.27,73,991.97,24.18,55.43,55.54,0.76,350.04,1.782,622.83,falla_panel
14.51,234,1000.0,20.33,50.87,63.81,0.95,358.78,1.925,705.37,falla_panel
9.43,260,679.78,22.34,41.74,69.04,0.47,361.85,4.245,1521.96,sombreado_parcial
6.81,113,195.38,23.38,28.72,37.72,1.58,377.27,0.418,174.89,falla_panel
11.47,46,903.86,34.68,63.33,76.67,0.23,346.42,4.506,1569.58,sombreado_parcial
9.28,274,688.86,30.68,52.86,86.52,4.16,350.13,5.42,1915.73,suciedad
9.07,43,637.46,30.61,48.63,52.57,4.65,360.83,5.594,2014.73,normal
19.44,208,137.3,27.22,30.1,69.07,2.56,378.53,1.177,450.25,normal
14.63,349,863.68,18.3,46.37,71.59,0.28,33.7,1.511,50.24,falla_inversor
13.8,103,968.63,24.75,55.78,66.36,6.62,351.34,8.248,2909.46,normal
11.82,124,1000.0,30.82,63.4,58.3,10.11,342.04,8.67,2978.42,normal
12.01,10,869.6,17.45,46.68,81.72,0.68,357.76,7.514,2680.44,normal
13.57,329,896.62,28.82,57.65,51.42,3.66,346.72,7.96,2762.1,normal
15.75,187,902.96,38.94,66.53,24.28,5.53,343.93,7.997,2701.73,normal
15.83,31,741.83,31.37,54.73,79.12,2.33,351.3,3.383,1176.93,sombreado_parcial
8.4,156,567.15,33.48,53.7,67.18,1.17,4.02,2.306,9.24,falla_inversor
13.0,60,998.0,26.31,61.64,79.45,1.95,347.27,8.569,2953.1,normal
11.77,249,976.46,30.81,62.02,29.7,2.15,346.18,6.703,2303.05,suciedad
18.19,270,368.8,20.69,33.02,22.15,1.54,373.13,3.284,1222.07,normal
14.84,217,1000.0,29.78,62.11,85.41,7.97,343.43,8.631,2911.64,normal
13.46,2,908.42,28.93,57.35,30.34,4.09,348.46,4.241,1457.62,sombreado_parcial
7.62,24,363.95,26.74,39.86,76.68,0.83,370.03,1.186,459.31,falla_panel
14.48,206,1000.0,32.9,65.66,77.62,2.64,342.15,8.408,2882.31,normal
7.64,320,303.38,21.77,31.78,69.61,3.5,372.5,2.618,1008.52,normal
10.72,199,962.4,23.88,53.48,29.19,0.45,354.44,8.472,3028.66,normal
8.0,356,370.81,25.57,34.88,66.72,1.33,372.3,0.633,180.08,falla_panel
15.69,114,869.04,18.82,47.08,82.24,7.08,362.65,7.41,2662.72,normal
8.89,280,584.14,26.36,44.94,49.79,2.51,361.19,5.171,1898.23,normal
11.49,155,1000.0,14.69,44.83,48.95,0.73,362.63,1.52,551.33,falla_panel
18.54,165,337.66,31.28,40.14,51.0,0.39,366.68,1.381,512.85,sombreado_parcial
8.86,222,681.25,25.28,47.56,25.76,2.19,357.14,1.789,591.46,falla_panel
13.11,91,1000.0,21.87,50.72,82.44,2.38,352.83,0.918,365.51,falla_panel
11.87,167,1000.0,19.99,51.69,80.84,1.22,355.88,8.798,3142.25,normal
6.25,207,97.81,23.59,27.91,89.85,2.99,378.62,0.439,178.12,sombreado_parcial
17.1,282,578.15,29.13,48.02,60.96,0.21,353.27,5.191,1846.4,normal
6.97,65,207.89,28.29,34.2,72.58,0.47,2.2,9.633,21.13,falla_inversor
12.64,4,920.29,20.77,47.65,34.19,2.37,358.32,8.343,2973.53,normal
13.85,157,1000.0,19.92,52.05,66.73,0.19,355.17,6.746,2405.26,suciedad
14.8,249,925.96,28.94,59.68,65.48,6.38,346.09,7.904,2736.89,normal
15.64,257,792.26,20.67,44.56,83.08,0.46,364.32,7.013,2572.4,normal
9.55,235,728.18,25.36,48.88,78.16,3.36,359.38,6.191,2240.7,normal
6.14,306,10.29,25.74,28.44,85.69,1.49,373.96,0.102,30.62,sombreado_parcial
16.13,74,758.87,26.87,51.1,80.82,1.53,353.25,6.554,2305.1,normal
13.5,187,1000.0,30.15,60.8,80.81,4.34,346.11,8.747,3059.39,normal
17.71,62,520.55,17.42,35.25,24.46,2.08,369.02,4.717,1754.28,normal
17.5,337,459.97,13.53,26.8,79.22,3.88,380.45,4.192,1600.81,normal
17.81,164,547.47,21.6,36.76,62.52,2.11,366.81,3.055,1127.49,sombreado_parcial
12.79,56,963.19,35.81,67.13,46.63,2.7,342.12,8.033,2752.94,normal
10.67,111,926.7,37.13,65.48,23.96,4.29,336.69,7.69,2631.33,normal
17.08,218,666.18,35.99,56.33,67.44,2.8,349.43,4.043,1393.84,sombreado_parcial
12.32,240,981.28,23.84,53.57,42.97,2.87,355.64,7.016,2496.49,suciedad
8.57,21,498.39,14.31,29.17,52.74,4.67,375.92,2.537,900.77,sombreado_parcial
17.97,141,472.94,10.94,27.83,67.72,8.93,22.33,1.938,42.57,falla_inversor
18.36,265,336.42,21.32,34.32,83.82,1.42,372.7,2.979,1103.15,normal
12.53,139,1000.0,23.81,57.75,77.78,2.58,349.94,6.672,2349.76,suciedad
7.06,70,265.88,32.8,42.75,51.54,0.27,362.92,1.383,512.3,sombreado_parcial
11.43,118,942.19,30.21,60.35,47.14,1.33,349.05,3.547,1224.09,sombreado_parcial
17.25,198,619.92,26.36,43.59,36.78,1.59,362.6,2.453,894.45,sombreado_parcial
18.62,205,304.18,19.66,28.89,46.07,5.41,377.39,2.607,997.08,normal
8.85,214,642.23,19.24,42.54,27.77,2.16,365.23,5.833,2095.87,normal
6.94,56,193.96,26.52,31.93,87.98,3.94,368.56,0.813,292.7,sombreado_parcial
18.28,287,348.35,29.18,42.34,60.17,0.06,362.09,3.137,1121.63,normal
11.45,293,906.91,27.35,55.77,28.95,1.87,349.58,5.553,1946.57,sombreado_parcial
13.58,175,1000.0,18.79,46.03,44.7,6.95,361.34,6.486,2321.56,suciedad
19.55,347,143.43,28.9,34.35,58.29,0.76,374.61,1.225,468.76,normal
6.93,128,208.07,27.56,35.96,57.3,0.1,365.86,1.908,676.26,normal
15.08,325,778.36,18.58,42.83,22.49,1.7,362.23,6.769,2460.25,normal
7.04,292,230.68,20.29,29.35,86.56,3.66,378.05,2.167,788.53,normal
11.26,288,917.36,29.13,55.3,39.28,1.82,347.74,8.327,2872.67,normal
17.25,226,628.3,23.59,41.15,21.13,1.85,365.43,5.615,2059.57,normal
12.07,64,983.76,34.53,65.58,25.35,3.32,342.36,8.677,2931.52,normal
19.96,48,3.88,28.01,28.84,60.61,0.88,377.42,0.053,17.38,normal
13.83,202,1000.0,22.08,55.37,29.64,4.18,348.9,8.695,3003.8,normal
10.5,337,767.45,24.94,49.88,22.92,0.5,11.63,3.742,44.19,falla_inversor
9.08,60,609.56,25.38,42.64,46.57,1.51,18.39,3.972,72.4,falla_inversor
10.91,257,913.44,20.63,49.49,63.59,3.2,358.95,7.853,2811.72,normal
11.22,65,916.77,19.52,49.07,27.83,5.29,355.0,8.167,2906.28,normal
6.96,239,243.59,29.21,34.01,41.93,4.7,371.52,2.28,829.31,normal
11.17,289,887.03,30.07,57.73,49.24,3.84,353.09,7.58,2653.24,normal
12.5,38,932.87,28.62,57.27,31.16,1.33,351.6,3.571,1246.0,sombreado_parcial
16.12,25,718.81,34.09,55.57,55.43,0.39,347.42,6.041,2092.01,normal
15.19,59,810.78,21.75,47.83,25.96,0.73,357.7,7.128,2544.92,normal
15.92,357,717.61,35.05,55.75,23.26,6.0,350.92,4.568,1593.79,suciedad
6.12,297,25.85,19.59,21.03,56.39,5.84,383.39,0.231,73.0,suciedad
9.05,158,697.56,18.92,41.56,37.35,9.08,18.03,1.449,25.44,falla_inversor
15.26,57,838.3,14.44,42.26,26.68,0.24,364.83,7.361,2674.55,normal
12.78,48,955.1,22.33,50.49,49.67,2.31,359.45,1.685,613.77,falla_panel
6.07,328,3.69,21.98,19.84,84.06,3.14,383.97,0.081,11.63,sombreado_parcial
17.26,56,575.76,28.16,46.57,70.69,3.72,361.0,3.472,1242.89,sombreado_parcial
16.82,65,647.42,26.46,46.27,77.09,3.1,359.43,2.065,735.38,falla_panel
13.68,268,982.12,17.84,52.89,81.03,4.41,356.64,2.08,745.73,falla_panel
6.93,69,189.43,22.64,29.25,88.08,1.34,376.74,1.313,475.99,suciedad
16.73,216,733.84,22.77,45.79,73.43,0.59,360.33,6.295,2304.87,normal
14.17,89,984.65,14.34,44.86,62.59,0.69,360.61,8.73,3149.17,normal
16.95,281,597.75,19.11,35.97,45.58,0.04,367.84,3.748,1385.91,sombreado_parcial
16.52,257,708.73,20.38,43.37,32.72,1.29,364.28,5.238,1916.76,suciedad
17.24,160,649.64,33.6,53.78,68.07,0.29,351.01,3.453,1216.57,sombreado_parcial
13.25,234,1000.0,26.15,57.28,89.65,1.16,345.6,8.715,3029.74,normal
7.96,131,469.27,28.97,43.78,52.72,2.97,360.24,4.222,1527.08,normal
15.4,49,817.05,16.01,41.87,70.66,6.75,364.28,7.275,2671.62,normal
14.69,147,1000.0,32.17,60.81,54.66,5.49,343.54,1.541,522.11,falla_panel
16.39,316,691.21,32.81,55.66,50.24,0.87,349.26,5.895,2042.6,normal
8.38,2,473.91,13.01,26.55,48.72,0.43,374.75,2.767,1017.07,sombreado_parcial
8.73,329,510.84,20.77,36.52,55.32,0.64,367.4,1.703,615.6,falla_panel
18.47,145,346.73,27.97,40.74,45.68,10.62,368.47,2.986,1110.49,normal
16.5,61,673.56,28.87,52.58,72.41,2.39,352.53,4.791,1708.37,suciedad
18.72,273,318.29,20.93,28.32,81.2,0.6,376.62,2.271,867.48,suciedad
16.62,49,658.15,23.17,43.78,81.8,5.51,366.64,5.635,2071.94,normal
14.36,332,907.54,21.42,50.19,35.94,1.51,356.74,7.694,2756.13,normal
15.16,131,950.73,25.66,53.11,82.71,6.88,353.88,5.407,1870.6,sombreado_parcial
18.45,43,315.84,32.18,43.26,43.91,0.91,360.75,2.838,1011.15,normal
14.1,57,930.64,20.37,49.63,41.65,1.5,357.05,4.716,1673.54,sombreado_parcial
14.85,50,867.73,31.0,58.41,70.87,2.11,351.72,3.153,1103.37,sombreado_parcial
8.19,178,503.44,20.31,34.67,41.33,6.69,368.4,4.537,1680.69,normal
12.63,293,923.71,19.91,49.4,23.71,6.09,356.45,7.959,2834.65,normal
16.03,46,744.74,29.91,54.44,46.15,2.56,349.68,6.429,2235.97,normal
9.79,170,848.35,30.53,57.23,70.5,0.75,352.61,7.148,2503.42,normal
8.83,271,633.75,30.11,49.14,42.89,1.55,354.71,3.047,1075.64,sombreado_parcial
10.39,336,745.59,17.11,39.75,64.07,11.14,364.58,3.214,1158.04,sombreado_parcial
9.38,139,739.39,22.2,45.64,66.21,2.81,358.07,6.621,2379.23,normal
9.01,247,626.08,29.94,49.58,71.36,4.56,353.89,4.37,1574.22,suciedad
11.95,148,1000.0,25.25,57.86,82.8,1.79,348.97,8.576,2969.95,normal
18.71,230,316.96,18.56,27.74,50.28,2.28,376.69,0.842,328.53,falla_panel
13.1,280,952.55,27.75,55.69,31.65,1.68,351.55,8.174,2883.91,normal
8.63,125,577.56,20.71,39.3,42.32,3.64,367.66,5.086,1885.92,normal
7.08,192,280.95,35.77,43.83,50.25,5.72,358.75,2.201,784.09,suciedad
15.75,80,823.72,34.27,61.19,69.97,2.12,346.23,4.508,1570.04,sombreado_parcial
11.36,94,970.41,28.62,58.96,20.92,1.97,345.91,8.573,2939.72,normal
17.51,226,544.52,33.17,51.16,42.1,1.25,355.43,4.872,1705.76,normal
15.23,65,817.1,25.39,49.4,74.59,0.58,357.49,7.066,2519.14,normal
17.15,88,588.0,29.59,48.18,66.96,8.4,357.46,5.05,1817.58,normal
9.81,88,778.25,33.87,57.14,71.22,1.14,352.1,6.77,2350.85,normal
15.69,201,936.85,26.47,53.92,76.83,4.84,349.66,5.705,1974.73,sombreado_parcial
9.7,214,783.73,23.47,46.67,74.83,3.77,357.16,2.073,752.25,falla_panel
19.15,204,251.85,14.77,21.83,67.75,4.7,383.5,1.967,746.21,suciedad
14.91,89,940.25,24.5,55.75,50.78,8.28,355.01,8.028,2845.04,normal
10.54,61,796.61,29.94,53.98,88.85,2.93,350.59,1.753,604.08,falla_panel
9.77,271,742.45,30.67,51.97,59.84,6.85,354.25,6.378,2256.77,normal
8.67,94,595.24,28.03,46.82,34.19,0.55,361.65,5.161,1866.02,normal
15.72,307,713.52,21.75,44.09,40.5,2.96,363.69,4.867,1716.7,suciedad
9.06,27,597.03,13.14,31.06,68.55,4.44,375.47,5.405,2018.17,normal
14.33,214,1000.0,22.03,53.04,84.73,0.95,351.93,8.997,3177.77,normal
9.7,74,739.22,23.17,47.74,32.51,4.05,358.35,6.621,2379.69,normal
15.27,61,844.02,23.12,50.5,25.76,4.52,355.83,7.602,2671.22,normal
17.41,186,598.88,28.71,48.3,81.71,5.34,359.95,5.11,1844.45,normal
16.89,31,589.6,36.91,53.56,84.07,1.13,352.6,4.602,1638.11,suciedad
16.65,219,705.54,25.74,52.12,39.35,3.43,356.95,6.255,2230.71,normal
8.63,12,491.18,23.7,40.63,46.41,1.09,365.05,4.401,1608.83,normal
7.24,302,248.55,23.44,31.99,66.21,4.03,373.64,2.408,872.36,normal
15.79,32,753.58,25.75,47.55,43.1,1.87,358.32,6.024,2128.61,suciedad
11.16,160,994.4,20.03,52.53,81.4,2.73,353.49,8.57,3033.24,normal
12.05,237,1000.0,25.72,56.22,27.53,1.61,350.2,8.514,2965.55,normal
6.44,227,118.5,27.7,31.12,22.66,0.53,374.26,0.933,350.28,suciedad
9.63,181,807.25,26.26,48.96,34.59,0.59,353.99,7.178,2553.85,normal
6.47,317,86.3,27.75,28.58,40.03,0.24,376.04,0.884,296.97,normal
18.31,46,360.16,27.6,39.52,27.9,2.89,369.59,2.073,728.39,sombreado_parcial
9.41,341,615.66,14.37,35.12,24.6,5.66,366.76,5.53,2020.01,normal
13.8,80,985.08,28.82,60.63,72.89,0.06,345.66,8.156,2828.24,normal
6.55,135,151.57,20.97,26.69,31.5,0.21,377.28,1.305,509.04,normal
15.34,260,857.39,18.42,45.12,83.97,1.83,361.54,7.353,2644.66,normal
10.52,308,766.01,18.37,41.7,45.76,4.02,17.67,5.682,99.12,falla_inversor
18.57,247,320.64,27.6,38.05,66.94,0.51,367.89,2.921,1069.78,normal
18.43,159,350.69,23.66,35.86,35.78,0.95,365.66,3.248,1165.46,normal
10.55,203,920.45,14.91,43.68,36.82,0.79,358.2,7.111,2548.8,suciedad
18.61,112,316.56,27.87,39.58,60.23,1.53,360.82,2.8,1018.16,normal
19.95,292,0.0,16.36,16.04,59.25,0.76,388.24,0.048,11.42,normal
17.56,310,493.96,25.84,39.8,73.81,1.3,362.65,2.802,1050.32,sombreado_parcial
17.83,119,493.76,26.43,41.85,73.05,3.91,359.3,2.662,962.8,sombreado_parcial
9.49,17,666.22,30.31,51.29,66.95,2.83,353.18,2.834,984.08,sombreado_parcial
14.07,331,885.66,35.69,63.24,51.44,0.25,342.3,7.627,2650.11,normal
6.94,227,236.47,16.81,26.12,82.34,3.05,378.77,1.907,744.27,suciedad
7.33,361,288.44,24.69,34.91,63.58,1.94,370.6,2.579,955.9,normal
19.98,117,1.05,23.34,21.23,89.31,8.18,383.7,0.0,8.92,normal
10.57,43,804.44,27.6,55.04,77.36,1.02,353.1,6.908,2445.37,normal
16.47,115,719.96,26.29,44.68,23.1,3.89,360.72,4.594,1691.46,suciedad
17.29,283,575.78,22.88,44.1,42.44,3.94,363.35,3.505,1259.62,sombreado_parcial
18.01,37,399.38,22.35,34.4,60.03,0.75,370.37,3.371,1225.91,suciedad
19.97,302,0.0,18.3,18.02,70.5,7.01,385.84,0.0,0.0,sombreado_parcial
9.38,113,739.77,30.93,53.96,58.52,2.03,351.35,6.417,2248.63,normal
6.56,35,73.99,27.76,30.65,75.03,3.41,374.56,0.666,250.86,normal
11.76,132,1000.0,30.51,61.76,39.79,0.47,346.4,4.503,1549.65,sombreado_parcial
7.82,336,377.65,23.14,34.74,32.87,0.89,372.03,3.448,1252.95,normal
6.31,336,54.93,21.06,24.74,23.77,2.65,381.47,0.495,208.24,normal
11.05,228,941.7,18.53,48.81,60.13,1.15,358.0,2.993,1046.62,falla_panel
16.97,147,677.45,27.15,46.89,68.2,2.08,356.9,4.467,1561.56,suciedad
13.93,122,1000.0,18.76,51.12,42.83,1.41,360.7,8.572,3120.82,normal
10.38,81,847.7,36.09,63.37,62.95,3.07,340.88,5.936,2004.23,suciedad
15.16,173,970.71,17.15,46.67,23.65,2.0,359.66,5.328,1929.42,sombreado_parcial
9.25,154,724.3,26.64,50.46,26.95,0.01,361.8,6.277,2257.01,normal
6.2,150,44.01,34.4,35.54,69.12,3.15,371.75,0.37,149.74,normal
16.7,58,649.86,28.59,48.57,45.76,1.65,356.21,5.757,2058.29,normal
14.73,63,911.76,26.05,54.17,66.99,1.25,354.72,7.789,2772.08,normal
16.67,156,743.81,19.19,38.79,78.22,0.3,367.29,6.399,2365.56,normal
6.55,356,82.6,16.71,18.5,79.68,0.75,384.54,0.325,108.07,falla_panel
17.72,322,459.34,29.62,45.04,32.05,0.76,361.39,4.027,1444.1,normal
14.67,168,1000.0,34.04,65.25,54.04,8.22,341.03,6.084,2063.75,suciedad
13.89,166,1000.0,22.37,51.69,71.37,1.7,354.22,8.489,3011.09,normal
14.74,85,953.79,18.17,49.42,74.18,0.13,356.89,8.114,2898.25,normal
18.1,137,448.08,10.25,23.81,74.93,0.45,382.53,1.14,426.19,falla_panel
14.22,189,1000.0,19.12,48.53,35.97,0.25,359.45,8.682,3132.73,normal
14.13,2,901.7,24.32,55.81,33.48,2.67,349.28,1.842,649.43,falla_panel
19.87,106,42.19,34.59,34.33,61.3,0.62,371.85,0.41,132.86,normal
16.59,364,608.91,29.04,49.39,71.88,2.07,356.3,0.757,260.26,falla_panel
12.19,72,967.49,26.83,55.91,42.34,1.39,352.17,8.417,2941.5,normal
15.9,126,876.5,22.6,50.19,27.33,4.89,354.02,7.689,2764.35,normal
11.45,170,1000.0,21.5,51.4,70.17,1.16,354.88,4.416,1538.7,sombreado_parcial
9.2,205,705.88,33.43,53.63,40.98,1.84,349.14,4.705,1624.28,suciedad
14.36,313,874.33,26.2,54.31,31.65,3.83,353.56,7.429,2607.74,normal
18.99,337,184.96,12.38,18.77,30.34,1.7,36.45,0.0,0.0,falla_inversor
19.01,195,258.5,20.96,30.75,42.04,4.73,377.63,0.947,365.6,sombreado_parcial
10.79,158,972.35,19.85,50.19,61.49,3.25,357.75,8.677,3109.61,normal
13.39,141,1000.0,21.72,56.3,45.09,1.59,351.41,8.597,3015.91,normal
8.96,275,615.9,28.38,48.03,21.45,2.1,362.26,5.303,1886.56,normal
19.94,7,9.25,24.36,25.49,26.78,10.25,378.42,0.137,45.62,normal
19.74,54,38.92,24.54,23.72,40.34,3.25,380.71,0.377,118.84,normal
15.09,104,913.25,32.88,60.5,66.18,7.06,349.1,6.317,2178.6,suciedad
17.26,342,528.76,20.82,38.12,26.9,0.59,367.25,2.165,780.14,sombreado_parcial
16.01,338,723.84,36.19,58.68,59.25,1.98,346.15,6.37,2198.69,normal
14.3,61,916.98,20.97,49.91,28.39,7.18,353.3,8.129,2847.72,normal
6.75,87,179.71,25.54,29.93,34.81,1.17,5.52,2.925,16.55,falla_inversor
12.37,258,1000.0,23.31,54.75,32.05,10.29,355.26,8.641,3056.27,normal
15.45,178,912.54,25.74,54.44,24.71,0.31,351.83,7.792,2712.15,normal
15.49,242,884.89,27.67,53.55,66.99,6.99,351.36,4.966,1739.99,sombreado_parcial
11.22,203,1000.0,27.6,59.82,52.44,1.77,346.75,7.186,2479.38,suciedad
19.18,31,166.65,20.48,23.14,78.17,0.23,19.72,0.057,0.0,falla_inversor
8.34,289,504.53,18.26,34.31,26.92,6.35,11.72,3.577,42.09,falla_inversor
13.01,80,1000.0,40.02,73.92,30.13,0.87,331.75,3.362,1063.22,falla_panel
15.67,11,755.81,22.1,46.74,41.45,0.07,356.38,6.693,2404.39,normal
15.76,254,821.47,29.2,55.88,73.61,0.44,353.59,6.979,2498.82,normal
15.08,287,875.93,15.35,41.38,41.4,3.23,364.2,4.698,1696.06,sombreado_parcial
9.85,176,853.68,23.32,52.65,48.59,11.42,353.38,7.33,2599.18,normal
8.19,126,454.44,24.24,40.5,41.11,0.35,364.91,4.015,1459.8,normal
14.9,47,861.16,27.84,53.48,25.62,1.86,350.7,7.605,2660.67,normal
14.39,206,1000.0,8.67,39.2,85.76,0.6,367.54,9.168,3359.66,normal
8.51,107,565.99,26.0,45.57,58.4,4.1,364.13,4.872,1796.32,normal
15.87,275,778.48,18.1,45.12,75.15,0.38,359.65,6.757,2441.87,normal
12.37,337,893.47,26.95,52.97,66.08,0.82,355.2,7.937,2797.28,normal
15.35,123,905.33,18.78,45.57,56.0,0.66,360.24,7.122,2573.62,suciedad
17.72,134,542.86,19.87,36.62,26.28,2.41,367.44,2.739,1007.14,sombreado_parcial
8.38,107,564.19,23.36,37.73,64.99,6.2,369.71,0.517,200.47,falla_panel
6.27,305,39.14,18.69,19.94,30.88,2.15,381.57,0.411,146.16,normal
16.91,329,553.41,22.15,41.22,49.01,0.18,361.75,4.848,1760.41,normal
14.54,50,895.13,17.84,43.65,64.04,2.49,365.81,7.733,2798.15,normal
15.79,337,731.48,14.0,37.05,74.76,4.79,367.75,3.359,1248.72,sombreado_parcial
17.73,95,522.67,31.11,46.57,67.95,0.43,361.89,3.639,1341.97,suciedad
17.24,268,550.55,17.22,36.89,67.01,0.23,368.47,4.976,1854.82,normal
19.45,23,101.53,23.93,26.25,30.43,0.62,373.74,0.272,79.28,falla_panel
13.5,54,907.68,29.52,60.16,44.23,4.11,347.96,3.221,1141.08,sombreado_parcial
12.84,254,1000.0,21.31,51.66,23.0,2.69,355.4,8.771,3140.74,normal
11.63,235,1000.0,20.05,52.46,70.36,2.33,352.42,5.429,1899.18,sombreado_parcial
8.15,59,438.6,26.36,40.44,86.68,0.86,367.52,2.664,945.21,sombreado_parcial
14.02,164,1000.0,31.71,62.75,38.49,1.21,346.01,8.55,2920.53,normal
9.88,259,744.49,17.98,40.06,26.14,10.13,364.18,6.571,2394.59,normal
18.9,314,234.03,24.1,31.9,53.29,0.83,375.61,1.575,648.75,suciedad
14.16,216,1000.0,14.61,45.19,79.97,6.96,361.26,3.948,1428.71,sombreado_parcial
14.3,183,1000.0,22.64,52.86,58.64,2.61,353.67,8.598,3018.34,normal
10.97,57,904.15,25.21,55.67,23.27,0.39,349.39,2.685,955.61,falla_panel
6.73,145,170.28,19.87,26.01,88.2,1.89,377.2,1.475,565.97,normal
6.44,90,82.04,22.26,25.79,78.01,8.9,382.09,0.764,284.89,normal
11.93,311,906.79,16.55,44.3,29.21,1.63,362.43,8.208,2952.25,normal
7.18,45,223.16,25.46,32.16,84.53,5.97,375.09,0.417,173.45,falla_panel
14.5,257,987.52,31.33,61.82,51.55,0.89,344.06,3.603,1220.1,sombreado_parcial
18.33,21,362.31,18.42,30.25,46.03,2.54,376.02,1.659,609.34,sombreado_parcial
18.36,21,325.75,21.26,32.41,52.27,5.57,24.43,0.541,13.46,falla_inversor
15.23,52,819.11,28.02,53.57,78.42,7.6,354.19,6.515,2292.89,suciedad
8.96,338,548.1,32.27,48.21,66.16,2.0,355.14,4.993,1754.11,normal
18.08,171,453.05,16.04,31.34,24.15,3.06,371.21,3.436,1243.61,suciedad
18.41,67,350.16,23.99,34.98,87.03,0.01,368.31,2.389,850.88,suciedad
8.75,113,631.2,26.7,44.26,30.34,0.88,361.68,5.357,1957.05,normal
16.32,300,669.56,24.39,42.11,72.19,0.98,359.31,6.122,2189.96,normal
10.01,160,880.5,10.14,38.1,64.53,0.29,368.47,7.107,2618.39,suciedad
17.24,266,589.91,28.01,45.2,33.13,0.98,362.04,5.046,1819.21,normal
19.96,320,0.0,34.12,34.76,31.95,1.16,367.23,0.005,0.0,normal
6.42,232,77.18,25.7,26.95,80.92,10.4,377.34,0.536,198.06,suciedad
18.56,325,291.32,18.81,28.12,49.38,3.31,380.75,0.438,165.72,falla_panel
14.72,68,886.5,21.92,49.06,65.82,1.67,356.27,7.553,2700.84,normal
19.63,28,97.48,35.62,41.29,55.28,13.28,362.51,0.827,294.25,normal
12.51,116,1000.0,30.46,63.14,70.91,0.5,343.02,4.711,1599.18,sombreado_parcial
17.86,51,450.16,28.84,44.93,53.55,1.94,363.41,2.65,965.28,sombreado_parcial
6.87,181,212.35,27.14,33.81,40.12,3.12,0.0,0.0,4.2,falla_inversor
10.69,260,861.59,21.03,49.19,45.44,0.17,358.12,4.671,1667.92,sombreado_parcial
6.94,79,206.57,23.8,30.39,80.14,3.79,375.73,0.787,287.53,sombreado_parcial
19.65,273,97.59,24.53,29.79,52.76,0.32,19.86,0.0,0.0,falla_inversor
17.44,108,545.19,28.3,45.23,34.94,0.45,360.03,4.74,1712.79,normal
17.94,74,434.0,34.05,45.52,85.42,0.52,362.36,3.78,1388.97,normal
19.13,175,197.95,31.71,34.9,75.76,7.93,368.32,1.075,388.83,sombreado_parcial
7.19,184,289.2,16.48,28.02,23.9,3.45,377.93,2.553,969.97,normal
11.4,23,844.61,26.34,53.46,89.93,3.2,349.87,7.538,2612.14,normal
6.99,274,181.6,29.42,35.91,68.64,2.43,371.56,1.679,613.04,normal
8.95,129,639.7,28.71,50.94,31.22,1.04,356.87,2.752,968.73,sombreado_parcial
9.21,291,661.48,21.22,39.42,36.6,2.91,365.47,2.311,840.6,falla_panel
12.57,320,917.03,42.48,70.6,68.47,1.58,336.21,7.814,2611.26,normal
9.76,186,823.68,17.34,42.72,74.58,0.47,364.12,4.122,1529.19,sombreado_parcial
7.41,59,295.25,18.5,28.84,36.73,3.51,373.64,2.71,1011.76,normal
8.34,1,452.1,26.4,39.49,37.99,0.42,365.64,2.413,886.8,sombreado_parcial
8.06,131,472.09,37.7,50.65,41.5,0.63,355.63,2.116,731.02,sombreado_parcial
19.62,67,93.14,19.98,21.08,61.86,5.11,380.31,0.158,83.15,falla_panel
16.63,293,653.79,23.41,45.56,32.03,3.24,362.26,5.665,2047.1,normal
19.55,285,73.86,31.46,32.66,27.3,2.99,376.89,0.758,260.08,normal
12.16,89,1000.0,24.89,55.31,67.52,1.62,356.01,8.671,3087.56,normal
9.9,100,743.96,22.99,47.19,74.54,1.51,355.01,2.825,1003.58,sombreado_parcial
17.18,189,656.86,28.39,47.87,55.07,3.52,360.59,1.535,547.17,falla_panel
10.57,346,741.79,26.64,47.26,45.47,4.04,357.59,1.345,483.37,falla_panel
10.19,241,835.18,31.18,54.91,50.24,2.14,351.36,7.443,2606.79,normal
9.26,270,634.71,32.75,52.5,47.19,10.45,351.91,4.434,1539.58,suciedad
7.82,219,423.25,26.84,40.81,87.2,9.35,366.19,3.811,1388.19,normal
9.59,176,804.77,26.75,51.6,73.77,1.6,349.73,6.994,2445.21,normal
10.97,341,840.83,26.28,53.21,34.57,5.15,350.8,2.126,730.79,falla_panel
15.44,233,865.0,27.93,52.55,46.89,2.35,349.31,7.66,2647.83,normal
6.88,151,233.15,25.33,30.3,58.08,2.15,373.81,2.083,789.49,normal
8.95,277,601.62,25.0,47.18,62.91,0.17,358.3,5.393,1896.94,normal
17.33,229,586.39,32.18,52.35,52.77,2.56,350.87,5.144,1813.79,normal
8.06,171,505.09,34.1,51.03,76.71,6.93,356.31,4.505,1597.15,normal
10.8,223,930.91,15.95,44.06,73.73,4.54,362.76,7.025,2541.28,suciedad
18.11,213,457.89,25.06,39.01,55.36,4.63,368.42,4.131,1513.42,normal
8.17,282,432.47,20.87,34.38,79.81,0.52,373.9,3.927,1497.53,normal
7.16,41,228.36,23.13,32.24,72.58,1.33,372.59,2.054,787.08,normal
12.78,122,1000.0,27.42,59.27,74.5,0.8,347.89,4.903,1711.35,sombreado_parcial
10.23,227,889.84,29.02,57.61,86.95,1.14,346.97,6.334,2207.99,suciedad
13.89,294,928.94,24.33,53.11,38.65,2.6,353.43,3.206,1122.85,falla_panel
17.25,88,530.26,13.52,31.28,38.74,1.36,18.12,3.466,61.67,falla_inversor
7.92,267,410.44,19.21,32.49,82.23,2.47,375.94,3.633,1403.03,normal
14.13,29,894.2,30.38,58.39,74.06,1.73,34.98,0.492,19.11,falla_inversor
13.08,247,1000.0,8.56,38.69,84.86,1.01,368.1,8.941,3300.0,normal
8.02,316,409.25,32.12,44.74,24.42,0.3,360.64,3.561,1303.49,normal
14.74,244,944.51,28.13,56.02,63.94,6.67,343.99,6.165,2125.56,suciedad
9.83,61,750.06,32.9,56.28,30.12,0.03,350.34,6.541,2305.56,normal
12.83,147,1000.0,23.81,55.19,55.27,0.0,350.36,8.696,3037.46,normal
7.15,174,305.87,12.63,18.58,30.9,5.26,383.87,0.818,261.01,falla_panel
12.43,278,996.8,27.58,58.39,28.97,15.0,349.76,6.896,2426.17,suciedad
10.29,334,725.14,32.65,53.54,20.85,3.9,354.86,6.248,2194.03,normal
17.51,142,557.6,30.55,48.72,64.12,0.05,355.45,3.693,1264.96,suciedad
6.8,44,175.92,21.02,27.48,45.13,0.77,377.72,1.249,483.58,suciedad
11.86,144,1000.0,25.52,56.13,27.36,10.71,350.21,1.377,443.43,falla_panel
12.42,353,882.49,21.8,50.2,42.6,4.96,358.33,4.088,1479.64,sombreado_parcial
16.15,333,711.2,20.08,43.2,31.83,2.51,363.59,5.682,2042.62,suciedad
14.04,55,947.05,30.73,59.98,85.92,0.81,348.19,5.973,2092.78,suciedad
15.34,307,844.79,17.81,46.52,42.4,0.04,358.82,3.1,1144.8,sombreado_parcial
16.88,358,583.67,19.64,36.79,43.38,0.06,369.63,3.647,1328.05,sombreado_parcial
18.07,161,448.59,18.38,34.6,78.79,2.84,372.62,2.604,959.7,sombreado_parcial
10.39,285,803.39,16.06,40.83,65.34,0.07,369.6,6.749,2495.35,normal
13.53,325,902.49,25.88,52.82,69.71,15.0,25.64,0.298,9.72,falla_inversor
17.76,198,521.86,31.97,47.75,64.52,0.61,357.66,4.739,1670.74,normal
19.85,159,35.9,23.89,23.36,86.23,3.72,380.08,0.385,125.2,normal
18.45,80,321.52,15.97,27.19,34.49,0.51,377.03,2.424,947.53,suciedad
11.2,31,856.53,30.04,54.4,89.23,2.33,354.83,7.45,2639.04,normal
8.73,112,577.38,35.11,55.24,78.17,0.25,349.61,3.559,1234.23,sombreado_parcial
12.85,46,929.9,21.12,48.78,61.23,4.37,358.19,8.13,2931.89,normal
16.38,353,650.51,22.13,43.71,66.37,2.64,364.22,2.461,877.42,sombreado_parcial
12.9,205,1000.0,28.09,59.38,65.42,0.27,349.74,1.84,599.42,falla_panel
12.76,52,967.69,34.73,65.38,24.09,5.66,344.55,6.93,2368.77,suciedad
17.74,138,486.46,21.88,36.2,35.26,2.38,370.3,4.384,1590.34,normal
11.06,74,910.74,17.01,46.0,87.3,7.64,6.33,0.668,3.93,falla_inversor
18.04,41,373.98,28.79,40.68,57.41,7.45,363.97,3.193,1182.33,normal
11.7,77,944.4,29.79,57.12,46.48,7.6,345.55,8.434,2899.24,normal
10.6,187,950.94,25.04,53.31,73.34,0.24,351.91,8.242,2923.17,normal
12.36,52,987.66,21.65,51.7,56.72,0.39,18.38,0.413,8.05,falla_inversor
16.67,87,689.41,30.97,51.38,20.92,13.2,356.97,6.063,2168.43,normal
7.76,109,364.4,28.17,41.43,71.54,2.01,367.39,1.906,706.74,sombreado_parcial
8.75,225,632.53,20.39,40.17,71.26,0.82,365.6,5.67,2087.25,normal
19.32,248,151.06,25.29,28.85,31.56,4.4,378.59,1.385,528.96,normal
8.46,69,515.35,16.89,32.26,86.97,0.92,373.44,1.786,669.29,falla_panel
13.95,120,1000.0,29.12,59.61,35.67,3.9,347.54,6.275,2158.23,sombreado_parcial
14.11,67,903.1,23.43,51.22,52.04,5.45,354.5,6.394,2259.01,suciedad
12.85,61,967.49,22.39,51.01,28.03,4.6,354.34,8.357,2943.73,normal
15.03,327,809.71,24.8,48.89,62.23,0.96,356.15,5.444,1943.15,suciedad
9.22,191,747.65,25.24,49.76,46.28,1.54,355.38,5.476,1928.84,suciedad
13.74,189,1000.0,30.37,61.9,44.72,1.6,343.6,8.197,2849.7,normal
11.21,151,974.41,28.55,58.77,77.89,2.03,349.62,5.099,1804.95,sombreado_parcial
15.26,286,864.63,24.06,51.09,20.67,0.55,30.38,0.115,1.97,falla_inversor
7.98,96,449.92,29.58,43.57,75.86,1.81,360.84,3.036,1106.09,suciedad
13.99,312,870.96,27.4,54.31,60.0,2.14,350.37,7.475,2617.13,normal
8.59,309,511.39,22.44,39.2,89.03,2.28,366.14,3.018,1147.89,sombreado_parcial
9.9,263,787.82,24.25,49.54,61.26,5.14,354.95,5.166,1840.55,suciedad
9.06,97,628.31,24.11,41.39,23.88,2.19,362.4,5.645,2068.42,normal
8.56,113,600.12,28.03,46.59,23.55,0.79,358.79,2.319,844.33,sombreado_parcial
17.56,125,526.75,22.8,37.0,81.82,3.26,19.82,2.894,57.25,falla_inversor
10.0,132,827.0,22.66,49.45,78.88,4.79,357.23,1.44,512.62,falla_panel
18.98,121,222.82,36.81,44.93,44.21,1.15,360.44,1.526,554.5,suciedad
19.58,197,130.4,30.64,33.8,63.26,3.11,370.59,1.259,449.85,normal
14.0,294,914.91,20.44,48.85,54.27,0.48,13.96,2.363,33.31,falla_inversor
8.0,122,439.77,28.43,39.0,87.7,1.26,367.48,1.843,682.06,sombreado_parcial
11.24,282,901.82,25.71,55.35,86.5,7.2,351.51,7.841,2777.18,normal
17.17,260,609.31,27.35,47.45,88.87,7.27,357.54,3.541,1244.31,sombreado_parcial
11.14,39,868.5,25.82,54.69,80.65,2.57,354.46,2.984,1072.16,falla_panel
7.22,54,252.87,32.14,42.27,83.67,3.64,360.97,2.178,811.81,normal
13.79,161,1000.0,27.07,56.49,35.21,5.77,348.97,2.387,854.08,falla_panel
17.83,289,433.99,24.63,39.52,78.17,9.55,364.23,0.862,310.41,falla_panel
17.14,200,684.22,31.25,54.85,69.62,2.02,351.64,6.05,2129.21,normal
8.45,276,533.67,26.4,40.84,87.4,2.47,363.62,1.367,501.31,falla_panel
15.42,16,801.57,25.73,50.52,59.99,1.61,355.94,1.187,404.73,falla_panel
9.09,173,718.36,26.88,48.79,25.96,0.22,358.45,6.338,2289.47,normal
9.05,248,659.11,24.44,46.32,61.82,1.65,362.28,5.67,2045.02,normal
18.24,218,387.21,25.06,33.56,68.06,4.69,372.29,3.443,1279.88,normal
9.5,87,727.53,21.48,46.94,35.42,4.9,359.56,6.34,2272.16,normal
9.69,82,740.73,20.49,43.47,47.59,6.69,363.31,5.166,1874.89,suciedad
6.01,62,27.26,19.01,21.23,61.9,0.16,379.01,0.242,105.81,normal
18.19,287,395.19,16.65,28.91,46.19,2.25,14.29,0.0,0.0,falla_inversor
17.1,42,580.55,19.72,38.6,46.25,0.34,11.26,1.714,18.84,falla_inversor
14.78,12,802.54,23.95,45.55,29.32,0.67,359.18,6.857,2463.13,normal
16.5,321,645.02,25.62,45.2,85.85,6.91,360.57,2.595,933.64,sombreado_parcial
8.13,234,470.22,23.37,39.34,72.53,2.06,368.28,1.926,709.87,sombreado_parcial
12.42,329,906.21,10.87,39.62,20.09,4.26,362.58,5.164,1899.05,sombreado_parcial
10.92,131,953.12,34.45,61.78,73.59,0.2,345.54,8.167,2818.15,normal
7.31,115,301.3,31.52,41.03,71.79,1.62,364.98,2.684,979.15,normal
12.81,218,1000.0,27.67,57.7,20.68,3.36,349.8,8.654,3028.41,normal
18.89,137,258.28,36.44,43.16,45.87,0.43,367.22,2.332,824.78,normal
6.56,106,133.38,19.14,21.02,62.47,1.18,386.89,0.117,42.92,falla_panel
10.08,179,841.16,36.33,63.54,51.69,0.2,343.97,7.384,2542.02,normal
8.91,16,536.01,19.21,37.63,74.46,3.16,369.12,4.88,1804.19,normal
9.33,242,716.92,26.43,52.02,49.78,10.61,354.26,2.734,987.45,sombreado_parcial
18.72,334,232.36,17.36,22.41,30.77,5.26,383.98,2.167,829.49,normal
12.55,226,1000.0,25.09,57.49,88.35,11.02,349.21,8.474,2954.6,normal
12.53,242,1000.0,27.32,59.82,36.94,5.6,347.78,3.626,1272.72,sombreado_parcial
16.65,141,737.13,24.07,46.24,70.24,5.8,358.5,3.255,1153.68,sombreado_parcial
8.16,199,567.92,29.28,45.65,30.02,2.58,360.84,5.035,1807.93,normal
12.82,112,1000.0,25.59,55.22,43.03,2.19,354.02,8.584,3040.78,normal
12.02,127,1000.0,21.87,52.32,50.94,1.56,355.18,8.745,3091.23,normal
14.36,21,887.86,21.6,49.65,33.46,5.11,356.82,4.228,1515.37,sombreado_parcial
19.99,147,2.83,29.87,31.99,51.5,0.6,367.55,0.106,24.21,suciedad
16.77,89,657.3,21.08,43.28,31.0,0.17,363.4,5.652,2063.02,normal
11.57,303,866.64,30.49,55.15,59.13,8.86,351.18,7.792,2708.55,normal
17.59,203,579.59,32.34,49.27,66.46,0.01,354.8,4.27,1525.44,suciedad
8.39,85,503.39,14.99,32.67,24.37,11.29,372.58,1.071,402.09,falla_panel
6.43,167,103.05,31.8,33.92,80.98,3.92,371.4,0.177,81.8,falla_panel
8.86,72,572.39,37.36,55.16,32.96,1.19,351.36,5.024,1755.56,normal
10.77,298,811.65,26.51,49.32,35.78,3.59,358.39,4.353,1580.37,sombreado_parcial
13.15,9,902.98,28.59,58.54,66.29,5.11,347.71,3.584,1248.17,sombreado_parcial
14.61,281,913.78,31.22,56.91,52.81,0.84,349.2,1.8,652.56,falla_panel
18.75,258,227.54,23.35,27.99,54.96,4.42,376.45,1.574,582.39,suciedad
13.14,275,978.52,26.09,58.25,28.97,4.89,348.9,8.638,3003.5,normal
13.02,238,1000.0,17.11,51.24,76.4,0.86,356.15,8.65,3078.31,normal
6.7,20,171.74,25.83,30.76,63.19,0.13,377.1,1.508,578.48,normal
6.49,233,173.64,27.99,33.34,29.48,0.68,373.13,1.604,585.56,normal
13.72,221,1000.0,28.1,60.71,46.18,0.67,2.84,17.206,49.08,falla_inversor
12.13,326,859.62,31.39,58.69,76.73,0.2,349.69,7.34,2579.67,normal
17.75,17,443.56,20.35,33.65,59.78,3.88,372.09,3.947,1455.82,normal
8.25,89,486.98,21.8,36.29,27.61,1.43,367.82,0.534,186.27,falla_panel
6.35,196,124.93,36.37,37.93,46.09,6.47,368.53,1.14,410.15,normal
12.29,350,922.03,24.1,53.26,36.99,0.87,356.27,7.923,2781.95,normal
9.32,84,700.73,26.2,47.96,56.22,1.81,360.36,6.064,2182.16,normal
6.69,87,145.37,24.6,28.48,79.04,3.06,379.25,0.818,317.62,sombreado_parcial
16.14,307,722.01,20.07,41.13,50.54,6.3,360.99,6.297,2275.82,normal
7.56,338,315.65,34.74,43.25,50.33,2.23,358.73,2.649,987.92,normal
14.52,154,1000.0,21.83,54.01,83.37,1.4,351.47,8.959,3142.2,normal
9.93,228,784.68,18.24,44.08,60.33,6.05,362.82,4.712,1684.14,sombreado_parcial
8.43,264,538.36,22.3,38.63,59.63,1.11,366.3,4.81,1768.14,normal
11.32,223,990.09,12.99,43.28,38.33,0.25,362.23,6.934,2488.08,suciedad
17.22,121,619.97,21.09,39.19,62.54,1.77,363.56,5.581,2046.85,normal
11.49,173,1000.0,19.19,51.85,60.31,4.61,353.28,8.52,3023.86,normal
16.51,4,621.4,28.7,48.17,47.78,0.09,356.21,3.761,1353.5,sombreado_parcial
7.76,342,352.81,20.96,32.54,89.35,2.64,371.13,3.179,1206.8,normal
16.82,128,667.92,30.33,51.74,81.73,2.71,353.13,6.022,2100.72,normal
9.32,110,726.74,33.39,55.64,72.47,7.92,348.7,4.887,1694.96,suciedad
15.48,355,742.76,29.69,51.15,57.61,1.01,350.36,6.342,2211.08,normal
13.92,37,871.54,23.71,49.45,52.34,0.98,359.6,5.39,1951.19,sombreado_parcial
19.01,71,253.8,25.85,35.47,32.94,1.74,369.82,2.311,839.91,normal
11.42,289,879.52,15.85,42.25,41.4,1.32,362.24,6.121,2226.55,suciedad
6.93,31,176.51,24.2,29.1,74.18,4.0,27.19,0.0,0.0,falla_inversor
6.27,268,82.26,19.84,20.71,51.76,3.08,384.74,0.821,295.12,normal
17.58,11,506.6,29.17,43.17,81.76,4.27,362.96,3.178,1168.8,sombreado_parcial
13.35,344,868.02,40.44,66.41,30.35,5.15,339.19,7.333,2504.34,normal
16.85,328,571.13,28.0,48.38,55.58,7.69,359.78,0.58,228.76,falla_panel
9.28,32,604.63,13.05,32.93,65.29,1.69,371.27,5.316,1976.25,normal
10.83,57,868.5,22.83,49.18,56.18,12.54,356.56,3.538,1224.63,sombreado_parcial
6.42,166,136.62,25.73,31.63,82.25,0.73,377.15,0.863,330.35,sombreado_parcial
19.46,188,110.65,25.52,28.75,89.27,3.76,380.55,0.917,373.72,normal
15.35,342,807.78,20.62,47.89,28.11,2.29,360.55,6.962,2521.3,normal
19.06,19,176.06,26.47,35.29,29.1,5.09,368.89,1.555,582.24,normal
9.72,116,790.42,17.54,43.79,29.12,1.94,361.3,5.262,1900.26,suciedad
14.56,184,1000.0,19.33,50.72,67.68,4.6,354.01,8.898,3143.48,normal
15.5,270,833.5,28.87,55.97,46.09,7.99,350.1,4.767,1705.44,sombreado_parcial
10.45,33,777.16,18.91,43.21,71.33,3.95,363.76,6.716,2465.15,normal
17.87,10,410.08,28.23,38.29,48.38,4.49,363.61,3.662,1355.11,normal
19.26,80,172.94,16.78,21.21,63.93,0.21,381.54,0.959,346.52,sombreado_parcial
18.39,192,366.92,35.59,45.63,73.89,0.69,360.62,1.023,387.28,falla_panel
16.35,320,652.19,20.35,39.72,58.38,10.98,365.82,3.526,1284.86,sombreado_parcial
9.88,190,846.76,23.66,52.81,57.77,3.54,352.68,5.516,1937.1,suciedad
9.94,68,784.71,26.98,53.19,26.18,2.47,350.43,3.921,1382.81,sombreado_parcial
19.49,348,102.97,21.61,25.49,48.75,1.37,378.35,0.481,228.04,sombreado_parcial
6.14,125,44.64,25.86,28.47,58.2,0.14,375.73,0.492,162.95,normal
16.02,336,719.29,28.45,48.09,52.34,1.38,355.4,1.829,626.88,falla_panel
15.89,59,785.74,30.76,56.41,83.05,2.07,348.49,4.961,1729.05,sombreado_parcial
14.72,97,934.29,29.75,60.36,83.46,0.71,346.02,3.527,1232.24,sombreado_parcial
19.86,275,14.87,23.97,21.07,77.53,0.57,384.67,0.162,27.64,sombreado_parcial
10.37,149,893.61,24.12,53.19,46.27,2.13,355.05,7.754,2765.82,normal
10.76,278,891.73,39.09,64.83,70.21,2.64,340.07,7.606,2573.09,normal
7.11,265,254.57,30.7,35.7,47.67,0.82,369.14,2.251,858.37,normal
12.2,9,900.69,19.47,49.61,36.28,2.66,356.13,6.258,2220.64,suciedad
9.65,283,713.27,25.6,46.38,44.0,6.92,359.29,6.263,2273.47,normal
10.81,273,839.12,22.99,48.14,24.97,1.92,357.49,7.402,2639.26,normal
17.68,301,504.83,24.19,41.45,43.22,5.84,362.03,0.851,308.11,falla_panel
19.1,8,191.85,17.62,23.16,52.25,7.86,382.7,1.047,407.52,sombreado_parcial
8.6,208,609.84,22.53,41.32,86.88,0.29,363.87,5.461,1994.41,normal
11.22,125,949.96,35.87,65.25,41.94,0.3,341.83,6.259,2120.99,suciedad
19.0,123,252.93,28.47,36.9,83.17,1.94,368.85,2.279,842.37,normal
6.87,33,171.87,10.05,15.08,36.02,2.66,388.21,0.727,274.63,sombreado_parcial
7.29,1,231.67,32.3,39.71,33.37,1.66,367.55,1.5,499.06,sombreado_parcial
8.28,204,511.71,31.54,46.77,56.33,1.19,358.41,4.352,1582.16,normal
14.33,6,838.92,22.84,49.59,67.08,3.07,356.98,7.246,2600.38,normal
8.11,297,404.2,29.3,42.41,23.1,0.01,363.66,3.465,1289.92,normal
19.55,5,91.71,19.84,25.56,35.47,10.33,379.99,0.763,322.04,normal
12.25,80,978.29,22.18,52.18,51.9,0.79,356.33,8.539,3008.66,normal
13.02,274,987.0,33.99,64.56,43.17,7.47,19.48,7.303,142.63,falla_inversor
9.45,177,802.79,23.37,48.81,69.88,0.35,357.35,6.9,2512.83,normal
12.59,338,897.3,13.78,43.27,55.78,0.82,362.56,2.149,784.43,falla_panel
15.27,321,754.67,24.62,46.57,31.23,0.8,358.93,3.637,1314.38,sombreado_parcial
16.52,339,631.46,24.53,44.42,82.61,15.0,362.53,3.941,1447.91,sombreado_parcial
16.55,136,779.71,32.19,52.79,40.5,0.01,351.27,6.899,2431.11,normal
14.09,25,889.75,25.09,52.48,71.18,3.06,356.69,7.725,2752.61,normal
18.66,325,300.5,22.47,33.47,74.59,6.11,374.84,1.456,553.38,sombreado_parcial
17.44,183,604.91,31.27,49.08,87.42,3.35,355.86,1.001,341.07,falla_panel
16.6,168,723.53,25.72,48.6,54.9,1.35,357.38,6.357,2273.13,normal
6.78,338,159.25,20.5,24.68,63.11,9.53,376.72,1.002,377.35,sombreado_parcial
6.1,178,29.69,31.93,31.57,43.44,6.72,372.45,0.249,96.43,normal
8.97,95,656.38,26.16,48.13,67.47,1.71,362.65,5.659,2074.42,normal
15.29,33,844.29,25.02,49.83,52.44,2.56,357.61,4.522,1638.33,sombreado_parcial
11.76,111,1000.0,26.07,57.76,50.64,10.28,350.25,6.787,2374.88,suciedad
11.63,146,1000.0,18.58,50.29,79.88,12.15,354.99,8.891,3169.61,normal
18.38,231,386.52,21.83,32.64,23.51,1.79,372.54,3.52,1300.03,normal
18.54,272,313.64,25.02,35.06,81.74,5.64,370.33,2.856,1063.85,normal
18.73,336,225.38,23.83,29.47,79.64,1.08,7.29,0.557,4.35,falla_inversor
10.39,38,779.53,32.63,57.78,55.45,1.39,349.1,6.571,2289.46,normal
15.67,135,899.49,26.3,52.44,54.31,0.54,355.43,7.88,2800.32,normal
9.8,334,658.38,30.13,50.19,45.33,0.7,359.6,5.74,2093.91,normal
8.67,235,615.9,25.06,43.92,89.59,3.21,362.5,5.277,1945.81,normal
8.58,319,522.88,31.34,49.35,27.78,2.14,356.6,3.929,1391.01,suciedad
10.79,345,765.09,27.39,51.5,61.32,0.79,354.56,6.753,2407.63,normal
12.02,160,1000.0,25.08,57.76,67.72,1.55,349.61,6.882,2403.23,suciedad
17.63,38,466.8,24.92,40.34,85.4,1.4,366.97,3.987,1459.0,normal
7.68,150,386.58,19.27,32.18,74.61,13.11,375.32,2.455,898.66,sombreado_parcial
16.29,308,709.18,28.04,49.71,65.07,5.76,352.28,6.471,2250.64,normal
13.44,29,917.53,24.76,54.96,28.18,1.47,353.67,1.809,660.09,falla_panel
10.03,144,894.29,21.99,49.4,46.16,7.36,354.42,7.673,2722.06,normal
12.9,76,975.81,31.64,59.54,29.72,1.26,345.22,5.726,1979.0,sombreado_parcial
10.2,145,847.05,17.5,43.65,81.68,3.31,361.87,6.507,2327.33,suciedad
14.35,229,1000.0,22.47,54.4,72.47,10.2,353.08,3.445,1241.78,sombreado_parcial
12.07,64,967.65,31.17,59.0,73.03,1.48,345.08,8.299,2839.17,normal
8.3,347,426.24,26.89,38.89,65.66,3.42,21.92,2.874,62.37,falla_inversor
7.63,345,296.11,24.71,32.12,55.49,1.05,373.81,2.597,981.21,normal
13.65,269,982.79,26.51,58.4,30.5,0.93,349.24,1.633,554.91,falla_panel
18.63,328,245.26,26.08,36.25,43.08,2.56,370.23,2.21,825.31,normal
10.82,184,974.47,15.9,46.04,29.58,11.63,361.9,8.248,3014.17,normal
16.26,261,738.95,22.9,46.79,70.74,1.81,361.58,6.392,2309.02,normal
15.22,268,879.91,34.7,62.95,31.22,8.32,344.16,7.446,2567.31,normal
19.04,169,207.02,21.04,29.84,69.15,7.37,375.26,1.818,691.35,normal
17.49,259,562.4,23.09,39.69,68.46,0.88,364.46,5.027,1846.63,normal
13.93,227,1000.0,21.75,52.67,52.15,1.54,9.76,8.853,86.14,falla_inversor
15.2,33,832.3,24.48,49.98,29.47,3.09,353.55,5.621,1987.42,suciedad
18.58,214,356.29,21.5,32.75,42.04,2.19,375.42,3.121,1180.52,normal
11.59,50,880.5,27.92,59.19,42.41,0.3,347.38,7.444,2596.41,normal
10.58,210,940.44,26.18,55.62,69.03,15.0,352.4,3.392,1203.52,sombreado_parcial
6.15,29,2.84,29.64,28.45,27.96,4.19,382.08,0.0,8.94,normal
17.57,39,457.31,18.69,31.25,78.03,1.73,378.51,2.925,1114.98,suciedad
17.21,347,566.44,22.96,42.54,73.27,2.89,365.56,2.83,1021.25,sombreado_parcial
7.46,100,355.41,23.65,33.46,33.04,0.27,371.21,2.084,780.47,sombreado_parcial
14.08,173,1000.0,27.73,59.98,70.34,2.05,348.37,4.487,1560.64,sombreado_parcial
12.5,17,898.36,20.24,47.29,66.8,8.01,358.81,4.02,1449.45,sombreado_parcial
7.66,56,351.77,30.49,39.59,72.37,6.81,364.26,3.155,1181.54,normal
19.73,226,75.14,32.12,35.37,33.22,1.23,368.32,0.682,247.07,normal
9.01,46,589.75,19.07,36.55,31.03,2.27,370.73,5.326,1987.92,normal
6.94,67,190.08,22.05,28.63,36.55,3.59,378.02,1.0,365.48,sombreado_parcial
14.33,197,1000.0,21.81,53.81,45.61,1.25,355.07,8.878,3123.0,normal
16.34,142,799.74,40.79,66.61,75.56,0.2,340.0,6.001,2051.61,suciedad
6.45,323,71.63,22.42,24.26,71.65,2.11,379.82,0.719,255.87,normal
15.22,23,783.35,35.07,60.57,84.78,2.76,344.03,6.751,2329.54,normal
13.45,94,1000.0,17.4,47.27,24.1,0.02,355.53,8.564,3050.34,normal
7.45,242,327.87,19.06,25.63,20.81,0.3,377.71,1.74,650.14,sombreado_parcial
8.42,237,556.52,20.88,39.33,68.94,0.7,365.08,3.81,1426.94,suciedad
13.95,54,926.49,19.93,49.13,39.55,1.28,354.8,6.159,2215.92,suciedad
10.15,138,858.05,23.39,49.29,43.39,2.34,355.9,1.04,368.96,falla_panel
19.14,333,183.01,20.75,24.26,58.28,1.04,13.06,1.026,15.11,falla_inversor
17.46,272,514.15,20.08,33.1,27.17,0.97,370.93,3.847,1407.01,suciedad
19.77,41,35.23,31.95,33.13,64.99,6.11,368.58,0.398,121.94,normal
9.64,98,738.1,32.34,57.88,42.76,0.47,349.07,6.301,2193.13,normal
19.58,183,100.08,30.7,33.62,64.29,2.05,373.1,0.89,334.38,normal
12.04,128,1000.0,28.14,58.85,78.38,9.16,24.01,3.558,84.09,falla_inversor
10.87,229,908.29,25.56,53.9,31.98,2.94,354.06,7.953,2823.93,normal
6.7,317,170.73,22.02,30.62,85.16,3.79,378.27,1.524,583.79,normal
6.74,86,181.47,19.28,26.08,57.15,1.69,378.51,0.628,240.36,falla_panel
15.69,256,864.05,27.18,52.78,84.6,0.06,355.1,7.457,2662.73,normal
12.41,209,1000.0,17.96,49.25,34.54,3.12,358.81,5.908,2096.77,sombreado_parcial
9.17,215,729.35,19.04,42.33,62.32,3.0,364.36,4.891,1759.3,suciedad
14.6,100,986.71,31.92,61.17,48.27,0.35,347.46,6.563,2296.67,suciedad
9.54,49,650.89,36.4,57.88,74.2,1.86,349.83,4.026,1421.68,suciedad
14.09,201,1000.0,27.36,57.38,62.41,7.41,347.34,6.563,2285.66,suciedad
11.03,258,917.96,31.64,58.06,54.62,0.69,344.12,4.379,1486.09,sombreado_parcial
17.53,178,544.69,23.52,40.66,83.91,1.85,365.5,4.833,1773.06,normal
17.49,245,562.13,16.97,34.42,46.4,1.85,370.59,2.943,1087.6,sombreado_parcial
12.68,123,1000.0,28.67,59.92,35.4,4.99,343.57,6.731,2330.79,suciedad
10.91,342,827.82,28.42,53.14,62.57,5.22,352.84,7.42,2591.04,normal
11.08,171,992.61,25.43,55.51,63.68,4.27,350.74,8.326,2940.91,normal
17.28,333,522.0,23.55,41.55,50.74,1.36,364.87,4.503,1650.49,normal
10.59,136,913.32,30.77,59.98,54.06,0.22,349.0,4.469,1589.5,sombreado_parcial
8.93,59,551.0,19.09,34.87,87.17,1.29,369.01,4.98,1814.82,normal
7.19,193,312.09,20.36,27.18,71.29,3.42,373.8,2.358,881.91,suciedad
12.53,268,1000.0,18.95,48.83,27.74,3.64,356.56,8.739,3084.37,normal
12.75,260,995.69,25.51,56.86,34.85,10.06,351.36,8.554,3022.73,normal
17.77,95,504.73,18.47,33.3,88.29,1.81,374.79,4.66,1726.75,normal
9.1,125,677.39,20.89,41.0,70.85,3.0,363.6,4.332,1567.92,sombreado_parcial
11.33,41,878.78,20.77,47.34,84.05,2.32,359.94,7.698,2784.95,normal
17.32,254,589.66,23.44,41.75,41.27,0.49,361.88,5.26,1915.3,normal
17.53,7,487.24,16.08,32.48,71.93,1.86,372.91,0.78,280.82,falla_panel
11.38,216,1000.0,25.52,56.77,69.98,2.36,344.12,7.106,2445.87,suciedad
12.43,69,983.48,32.48,63.31,40.63,9.03,342.95,2.875,997.77,falla_panel
10.25,69,800.26,25.81,50.48,58.56,1.37,356.43,4.096,1428.85,sombreado_parcial
19.06,81,195.44,34.25,39.61,63.92,11.75,365.21,0.65,236.56,falla_panel
7.66,30,326.98,33.0,44.56,53.68,2.34,358.61,2.42,874.66,suciedad
19.07,73,220.35,29.67,37.67,77.9,0.83,29.93,0.508,16.81,falla_inversor
15.57,262,808.44,25.45,53.78,78.3,0.64,356.29,6.826,2441.43,normal
13.44,89,1000.0,25.14,57.3,79.54,0.46,347.65,8.677,3053.7,normal
6.46,208,105.06,29.58,32.12,76.24,1.81,371.81,0.932,346.57,normal
12.66,213,1000.0,22.65,52.54,54.17,0.07,353.35,2.229,774.76,falla_panel
11.71,322,854.45,13.7,41.84,46.7,1.77,367.33,3.528,1269.43,sombreado_parcial
8.26,266,495.67,27.95,42.22,78.2,13.37,360.98,4.501,1632.42,normal
15.19,293,837.2,18.21,45.59,54.31,3.33,358.9,3.795,1353.6,sombreado_parcial
19.6,207,129.67,19.23,22.14,37.25,4.28,384.07,0.943,368.94,suciedad
13.87,333,863.81,25.0,52.52,55.51,0.38,351.39,0.87,337.15,falla_panel
16.01,77,765.32,24.43,46.76,29.93,1.92,357.62,4.856,1772.99,suciedad
6.96,288,202.48,16.53,24.02,68.41,1.01,384.48,1.348,520.49,suciedad
11.85,47,899.69,25.99,52.26,43.51,6.74,357.6,7.787,2820.94,normal
7.63,110,375.24,30.8,42.93,38.25,0.6,364.14,3.27,1195.58,normal
14.58,200,1000.0,18.23,49.18,86.96,1.84,357.68,2.5,901.79,falla_panel
19.14,210,216.84,32.63,39.56,74.38,2.66,364.99,1.598,615.35,suciedad
15.26,154,987.26,15.64,45.9,75.09,2.16,360.16,4.706,1743.67,sombreado_parcial
7.08,10,190.57,37.7,43.03,63.66,5.32,361.35,1.695,625.85,normal
10.97,353,814.57,22.53,48.22,78.74,0.79,360.98,7.418,2651.07,normal
13.71,157,1000.0,25.87,55.62,73.14,1.42,351.2,8.586,3011.22,normal
11.64,261,965.19,13.65,42.3,61.91,4.71,363.26,3.785,1388.38,sombreado_parcial
17.67,77,505.2,24.63,39.88,87.28,2.25,365.98,2.392,890.29,sombreado_parcial
17.41,257,535.35,26.37,42.5,33.41,1.54,362.1,0.572,201.25,falla_panel
14.57,131,993.14,24.48,54.01,86.04,0.09,353.47,5.956,2103.88,sombreado_parcial
11.23,67,911.79,21.62,51.5,48.1,4.2,354.38,7.827,2762.12,normal
9.57,228,759.56,19.32,42.56,56.99,10.75,369.14,6.744,2457.41,normal
7.48,163,354.45,31.78,42.52,28.59,2.91,362.48,2.404,851.64,suciedad
10.97,15,830.27,25.18,49.14,57.81,5.83,358.74,7.303,2600.93,normal
11.78,232,1000.0,34.24,68.6,62.78,2.18,342.27,3.554,1218.99,sombreado_parcial
15.46,195,918.81,21.84,54.19,89.84,0.79,346.69,5.134,1819.4,sombreado_parcial
15.21,349,774.42,22.39,45.42,88.26,0.04,359.74,6.902,2521.78,normal
6.98,30,176.67,29.89,37.25,87.65,3.18,371.42,1.573,575.87,normal
11.53,359,852.77,15.26,41.77,44.39,2.04,359.57,7.381,2664.94,normal
8.54,338,459.99,17.72,34.5,89.39,4.57,373.36,4.221,1546.24,normal
8.2,331,431.23,31.58,45.57,51.88,3.56,361.12,2.353,824.16,sombreado_parcial
17.58,316,499.55,17.97,33.73,79.63,13.26,374.79,2.055,768.56,sombreado_parcial
6.59,296,117.07,14.09,14.0,35.14,2.14,23.83,1.207,29.39,falla_inversor
11.87,330,868.4,36.21,62.03,55.41,1.67,345.35,1.155,415.33,falla_panel
8.35,220,577.81,16.64,34.72,87.62,1.01,368.42,5.174,1877.2,normal
18.31,147,434.1,26.1,39.97,86.29,1.94,365.32,2.192,798.51,sombreado_parcial
13.8,259,974.62,25.41,54.05,67.86,6.19,350.85,3.676,1302.8,sombreado_parcial
9.24,292,635.02,8.14,26.89,75.85,0.13,377.04,5.841,2204.77,normal
13.03,299,947.77,23.4,53.84,32.35,11.44,27.95,1.515,42.72,falla_inversor
16.24,143,817.13,27.69,51.15,70.52,15.0,353.59,4.772,1656.22,sombreado_parcial
19.41,235,173.47,27.13,32.75,63.26,2.73,368.18,0.419,151.27,falla_panel
9.09,115,676.43,30.42,53.42,26.41,1.21,13.4,4.013,53.76,falla_inversor
18.41,365,320.4,22.68,33.27,27.92,0.76,372.58,1.242,488.31,sombreado_parcial
19.08,90,222.21,29.28,36.72,27.59,0.97,370.35,1.937,708.92,normal
18.83,208,304.3,20.86,27.34,70.7,0.15,377.76,1.76,664.16,sombreado_parcial
14.9,164,1000.0,16.54,46.55,29.92,1.93,357.36,4.345,1543.34,sombreado_parcial
14.82,84,935.06,17.21,49.52,52.74,0.18,359.76,6.423,2309.76,suciedad
11.64,77,918.03,16.23,44.02,44.99,3.8,361.26,8.134,2944.74,normal
16.53,161,761.08,31.06,56.74,58.54,1.4,347.91,6.443,2240.84,normal
13.44,5,915.91,15.91,43.62,69.45,0.67,365.22,2.686,995.01,falla_panel
15.48,78,850.7,26.64,52.81,67.93,2.36,5.94,23.962,142.36,falla_inversor
12.0,91,1000.0,23.4,55.43,56.09,10.92,345.56,8.952,3071.29,normal
16.24,87,793.72,24.38,49.34,52.5,3.56,355.02,2.714,947.86,falla_panel
17.54,270,493.63,33.18,49.18,47.85,2.03,356.66,4.465,1597.6,normal
8.05,104,484.57,22.37,36.28,80.33,4.5,369.84,3.267,1212.03,suciedad
17.66,339,445.99,28.67,40.9,43.16,4.01,366.2,3.858,1401.94,normal
13.56,175,1000.0,25.23,55.15,38.16,6.67,26.29,2.811,73.41,falla_inversor
17.83,54,447.74,24.09,37.28,72.03,0.69,366.14,2.354,862.09,sombreado_parcial
12.04,211,1000.0,38.8,69.71,45.18,5.87,337.84,8.266,2801.92,normal
11.31,95,954.98,16.35,47.75,79.29,1.07,355.44,8.274,2956.73,normal
18.81,223,267.46,32.73,41.22,42.95,8.49,365.04,2.256,840.1,normal
9.52,9,651.4,28.94,50.02,69.14,0.99,359.55,3.511,1265.31,sombreado_parcial
17.82,53,455.52,22.12,36.57,23.16,7.85,363.42,0.558,196.66,falla_panel
12.78,77,1000.0,34.78,64.35,46.99,9.96,339.74,7.249,2492.14,suciedad
13.2,206,1000.0,13.91,45.19,44.03,0.47,362.39,8.074,2912.52,suciedad
10.32,316,808.23,21.87,47.32,77.17,11.01,360.41,6.108,2220.69,suciedad
14.02,302,910.33,17.75,47.34,87.69,0.27,7.53,2.599,19.81,falla_inversor
10.55,310,788.76,27.47,50.52,52.26,0.74,357.39,5.031,1802.53,suciedad
6.55,330,99.69,18.32,18.38,77.74,1.76,388.9,0.972,370.38,normal
9.81,112,795.44,27.6,52.72,68.98,15.0,354.77,6.409,2246.85,suciedad
6.09,351,22.66,23.88,25.12,87.72,2.01,382.81,0.194,83.25,normal
19.7,165,80.33,22.12,24.37,76.78,2.4,30.24,0.94,26.8,falla_inversor
19.52,279,105.73,27.33,30.68,25.42,3.56,374.08,0.903,345.41,normal
11.53,27,859.2,23.39,51.56,69.93,10.35,355.34,7.667,2700.66,normal
16.2,70,722.95,18.47,40.37,57.48,4.59,367.08,6.411,2354.58,normal
10.84,218,938.8,41.81,70.73,21.15,0.76,333.33,5.525,1866.28,sombreado_parcial
15.4,365,797.53,22.08,47.12,37.59,1.08,359.53,6.981,2522.5,normal
17.28,189,655.77,11.69,30.36,84.52,0.31,13.17,2.638,34.73,falla_inversor
19.25,333,149.35,19.95,24.39,84.82,3.1,379.52,1.376,526.02,normal
11.6,306,867.67,17.4,44.42,75.92,0.6,359.29,7.798,2819.84,normal
16.97,124,671.03,29.96,53.38,88.72,0.89,349.28,5.767,2037.19,normal
9.72,19,719.09,26.93,48.95,76.46,6.57,356.21,6.258,2214.76,normal
19.86,257,50.63,27.39,29.27,20.71,1.19,374.75,0.302,156.47,normal
6.36,296,87.47,22.78,26.89,40.15,2.51,380.09,0.818,301.5,normal
14.45,22,887.17,23.32,49.79,22.14,1.52,358.71,7.821,2825.17,normal
15.23,40,852.13,22.77,51.47,26.59,0.23,353.15,7.561,2636.64,normal
15.63,38,752.51,24.51,50.67,35.32,1.35,353.88,6.494,2333.99,normal
7.69,48,342.09,30.01,40.66,55.25,1.57,364.0,2.444,927.73,suciedad
19.14,183,200.14,27.02,32.46,79.33,6.78,375.15,1.761,668.71,normal
8.54,75,546.07,28.0,47.51,80.34,1.18,357.28,4.877,1724.22,normal
14.72,209,1000.0,28.0,60.44,63.13,1.43,350.26,8.575,2965.48,normal
9.12,183,722.08,30.31,52.99,84.97,4.58,353.66,4.429,1549.06,sombreado_parcial
10.3,107,848.85,26.73,55.4,55.0,4.27,352.01,7.662,2694.59,normal
13.65,188,1000.0,27.15,60.38,82.23,4.8,345.44,4.616,1611.27,sombreado_parcial
11.84,264,962.47,32.13,61.71,51.78,9.22,26.39,4.833,128.52,falla_inversor
8.24,86,501.24,21.01,37.05,39.41,4.76,369.42,4.4,1637.64,normal
8.39,324,490.89,19.87,36.07,84.15,1.57,368.52,4.362,1615.1,normal
11.85,331,900.03,17.88,46.05,47.16,5.17,357.36,7.827,2801.73,normal
16.6,137,755.37,26.1,47.62,55.24,2.13,359.89,6.408,2302.61,normal
18.57,346,300.25,13.88,21.85,43.02,0.98,381.71,2.791,1076.31,normal
7.18,336,271.15,27.77,34.21,66.4,1.08,370.9,2.439,901.5,normal
11.5,95,978.52,24.34,55.66,89.65,0.76,349.0,2.287,791.6,falla_panel
7.4,326,267.65,31.81,38.4,21.79,0.47,365.43,2.381,890.08,normal
6.23,245,65.31,20.97,23.3,82.99,0.61,380.4,0.557,235.75,normal
15.26,90,887.91,23.78,54.28,20.27,0.2,352.06,6.955,2429.15,suciedad
14.43,59,868.14,31.73,61.0,45.5,6.58,343.42,7.436,2551.58,normal
8.28,28,461.05,33.3,44.95,31.8,8.02,360.54,4.001,1445.31,normal
9.27,72,663.38,20.92,39.73,73.01,2.65,364.57,3.741,1390.0,sombreado_parcial
6.33,270,96.58,26.09,27.94,23.54,5.51,376.96,0.928,335.26,normal
17.69,24,439.89,26.77,38.76,58.74,0.61,368.76,2.889,1065.22,suciedad
19.65,112,53.47,27.24,26.43,40.64,6.96,379.06,0.566,186.08,normal
7.9,300,391.37,23.42,35.64,29.36,2.12,368.68,2.171,796.78,sombreado_parcial
9.24,56,645.69,32.69,53.92,74.03,0.21,352.43,4.293,1517.55,suciedad
18.16,223,428.86,13.66,28.49,35.22,0.46,377.87,3.879,1477.55,normal
18.97,120,243.94,22.47,29.38,35.66,1.11,377.24,2.314,843.04,normal
11.87,179,1000.0,27.69,58.53,39.26,0.13,348.56,8.615,2985.75,normal
6.71,288,148.86,27.74,32.93,61.07,1.11,376.06,0.342,124.38,falla_panel
6.55,281,112.6,33.12,36.47,66.18,0.19,367.33,0.973,339.98,suciedad
14.04,189,1000.0,32.19,64.66,21.23,0.81,343.38,8.311,2847.99,normal
11.5,66,928.98,23.29,52.96,36.93,0.93,353.3,6.562,2350.5,suciedad
6.4,298,79.18,32.8,34.71,50.17,15.0,372.81,0.59,202.49,suciedad
14.17,249,1000.0,20.72,49.18,43.24,0.81,19.76,2.801,54.65,falla_inversor
6.16,76,29.88,30.59,33.77,81.89,0.82,375.84,0.232,107.79,normal
17.02,137,682.05,35.86,56.15,75.14,3.48,350.59,1.561,536.94,falla_panel
10.29,164,898.83,32.29,60.91,63.81,5.88,347.35,7.543,2634.55,normal
6.56,233,164.89,25.63,27.91,43.66,1.47,376.83,0.311,125.41,falla_panel
14.24,255,975.84,23.01,53.49,69.05,6.25,353.62,8.456,2987.67,normal
11.57,294,902.15,15.83,44.17,79.05,1.25,360.56,8.18,2947.55,normal
19.63,170,87.64,26.86,29.82,61.64,0.66,376.27,0.712,269.32,suciedad
13.62,317,914.43,18.31,51.41,74.91,1.2,350.99,5.792,2061.38,suciedad
9.85,174,860.89,20.24,46.2,72.44,2.82,358.79,7.82,2805.02,normal
15.93,345,729.92,17.86,41.9,60.02,1.37,362.57,4.307,1531.39,sombreado_parcial
9.8,18,687.79,22.24,44.52,41.85,3.35,365.27,6.11,2226.89,normal
18.66,70,325.26,24.83,33.98,72.2,0.81,370.02,2.97,1102.33,normal
11.25,338,852.02,26.64,54.48,34.48,3.62,351.03,7.215,2520.48,normal
13.7,116,1000.0,21.4,52.4,74.56,1.28,352.45,8.934,3146.13,normal
6.71,80,130.61,31.42,36.81,76.32,1.83,369.6,0.429,166.33,sombreado_parcial
11.97,15,877.34,23.75,54.11,77.55,2.45,351.68,7.778,2719.25,normal
17.65,176,561.0,20.27,38.03,53.1,3.48,366.71,4.964,1815.51,normal
17.28,269,578.88,26.36,44.03,33.47,0.82,366.2,1.982,718.24,falla_panel
9.14,119,715.3,36.78,60.71,26.98,5.42,346.38,6.078,2108.69,normal
9.17,299,591.81,27.01,47.6,72.04,3.84,359.89,2.973,1071.76,sombreado_parcial
17.44,188,586.23,22.82,39.82,82.04,0.8,366.74,1.767,633.44,falla_panel
19.03,57,185.0,15.84,20.94,65.56,11.06,382.18,1.593,618.49,normal
7.34,199,294.56,23.68,33.9,30.09,3.28,370.39,2.668,945.11,normal
12.3,17,887.84,26.41,53.96,85.44,1.81,350.25,3.681,1299.62,sombreado_parcial
10.72,288,842.68,22.67,47.58,89.24,0.51,356.1,3.331,1197.04,sombreado_parcial
18.19,55,394.1,15.01,28.13,50.34,2.29,377.09,1.574,573.87,sombreado_parcial
7.17,269,237.54,19.9,28.33,61.64,0.54,377.04,1.324,499.7,sombreado_parcial
8.96,303,559.98,33.73,50.73,74.41,1.68,355.3,1.73,604.14,falla_panel
16.53,87,674.44,33.6,54.77,71.55,1.58,352.47,6.076,2114.97,normal
6.72,318,151.63,19.68,23.55,87.75,3.82,381.04,1.103,412.44,suciedad
12.9,29,908.16,29.04,55.77,28.04,0.64,353.24,7.849,2766.8,normal
12.19,22,934.09,17.93,46.37,60.65,5.18,358.7,8.237,2964.32,normal
10.68,321,802.55,33.43,58.62,68.44,1.18,350.02,6.791,2391.89,normal
11.52,285,906.5,26.47,52.59,82.31,1.76,355.3,7.893,2831.63,normal
13.42,48,930.65,30.7,59.14,81.19,4.44,342.44,6.322,2176.99,suciedad
8.26,5,408.96,14.71,27.62,88.46,2.95,374.49,3.752,1414.16,normal
14.01,250,967.98,29.07,61.11,55.85,1.1,342.25,8.302,2854.06,normal
17.28,163,618.26,24.95,43.81,78.15,1.46,362.74,5.326,1936.72,normal
16.64,202,729.25,30.11,51.03,49.91,1.09,353.1,6.381,2261.35,normal
8.15,101,461.33,30.49,44.59,49.56,2.71,363.48,3.465,1244.24,suciedad
8.09,71,452.46,25.39,38.68,37.73,1.21,364.81,3.052,1137.13,suciedad
9.75,163,830.47,21.4,48.18,77.28,3.88,358.34,6.249,2221.45,suciedad
11.06,173,987.67,29.68,60.04,89.01,2.6,344.69,5.609,1921.51,sombreado_parcial
11.72,141,1000.0,24.64,51.82,37.94,0.47,355.66,5.812,2083.47,sombreado_parcial
15.52,138,880.92,19.76,52.83,23.93,1.11,352.92,7.559,2690.25,normal
6.79,66,174.06,19.48,25.13,77.09,0.75,378.97,0.684,248.62,sombreado_parcial
6.49,198,114.08,16.14,19.84,63.42,1.48,383.53,1.088,406.72,normal
11.49,328,846.71,21.94,46.09,87.18,2.18,27.21,4.742,130.11,falla_inversor
15.76,228,845.83,31.62,55.85,37.66,2.12,29.91,0.861,27.74,falla_inversor
8.71,281,552.96,26.07,43.21,24.97,4.21,361.34,1.108,407.73,falla_panel
14.98,172,988.57,21.82,53.22,54.47,0.63,357.98,8.192,2990.05,normal
9.64,316,662.75,29.83,51.59,25.98,8.78,357.92,5.653,2013.59,normal
18.41,40,302.05,20.01,29.8,38.33,1.26,374.9,1.018,393.5,falla_panel
18.54,7,258.89,25.57,31.88,28.82,1.07,372.64,1.788,662.47,suciedad
10.16,174,878.52,23.92,47.62,35.69,3.47,358.12,6.849,2420.67,suciedad
9.22,151,715.41,29.67,51.88,27.43,4.91,357.46,6.122,2195.39,normal
11.76,211,1000.0,15.54,45.99,86.77,1.43,364.27,6.692,2425.35,suciedad
9.37,302,640.47,19.9,38.02,39.5,4.12,363.7,4.072,1485.76,sombreado_parcial
15.41,86,855.29,15.17,43.14,51.07,6.46,365.44,7.615,2791.01,normal
17.56,253,523.86,23.44,37.45,82.9,4.37,367.59,1.578,551.97,falla_panel
15.42,21,765.96,32.27,57.13,67.41,0.1,347.83,6.676,2331.81,normal
17.54,257,559.67,21.97,37.34,63.26,5.27,370.51,2.582,946.44,sombreado_parcial
11.56,33,863.49,21.94,49.12,69.39,4.47,357.25,7.681,2738.49,normal
8.19,260,466.19,30.23,46.2,78.02,3.32,362.6,1.971,706.94,sombreado_parcial
16.33,234,753.44,31.41,54.45,81.44,4.28,353.93,6.55,2307.11,normal
11.05,3,802.81,24.47,52.09,64.98,11.65,354.93,7.14,2525.07,normal
15.4,347,773.9,29.11,56.17,82.3,1.69,353.63,3.196,1140.03,sombreado_parcial
9.79,308,696.38,18.54,40.66,57.48,0.21,364.82,6.319,2313.34,normal
7.14,227,257.72,33.27,42.13,39.41,1.85,361.53,1.871,671.29,suciedad
19.9,284,16.79,37.89,40.01,81.61,0.14,369.58,0.035,47.25,normal
8.19,70,448.79,28.13,42.97,57.9,1.05,362.46,0.468,163.12,falla_panel
19.84,313,41.62,12.49,14.45,83.43,2.65,390.37,0.322,136.88,normal
19.68,364,105.4,21.65,24.16,22.81,1.11,379.67,0.703,247.25,sombreado_parcial
17.11,254,594.69,28.68,44.73,47.83,3.47,361.46,5.176,1906.52,normal
15.23,144,963.3,22.47,50.49,86.35,5.18,356.42,8.406,2987.93,normal
14.09,24,891.47,32.63,64.07,37.48,1.64,340.66,6.099,2073.04,suciedad
18.13,234,440.97,28.53,42.79,85.91,6.91,360.92,3.897,1403.57,normal
10.05,333,729.08,20.76,43.18,86.77,0.25,0.71,0.066,59.84,falla_inversor
12.55,175,1000.0,25.19,58.34,81.75,5.5,348.07,8.566,2981.25,normal
14.67,332,843.08,19.64,44.86,59.46,5.29,362.0,2.905,1047.01,falla_panel
11.76,325,868.04,23.9,51.91,65.29,1.17,357.03,3.368,1224.2,sombreado_parcial
11.98,357,861.6,21.67,48.71,80.87,1.06,362.37,4.881,1766.47,sombreado_parcial
10.62,159,943.47,32.05,62.22,74.31,1.09,345.0,7.888,2725.84,normal
13.9,348,856.53,37.7,63.96,64.11,5.0,342.09,7.294,2499.9,normal
17.91,348,395.49,16.41,27.32,88.76,5.35,373.03,3.574,1363.11,normal
8.82,286,590.51,13.46,30.68,68.0,1.2,375.12,3.561,1303.37,sombreado_parcial
19.08,18,188.59,23.53,28.25,88.28,2.69,376.58,1.044,411.19,sombreado_parcial
15.65,44,798.41,15.89,40.84,24.02,0.45,364.24,5.314,1940.76,suciedad
17.53,155,607.17,25.28,41.92,29.73,1.9,362.61,0.996,388.25,falla_panel
13.79,355,882.5,29.49,55.2,51.6,15.0,350.06,7.81,2759.3,normal
16.91,231,675.7,33.96,55.28,46.94,0.52,351.89,5.817,2072.24,normal
6.23,316,40.79,26.21,27.29,74.79,8.84,379.11,0.467,147.77,normal
17.46,225,556.36,23.84,41.51,31.24,5.22,364.26,3.753,1396.44,suciedad
6.56,217,115.58,13.13,16.67,88.33,10.75,389.48,1.037,415.18,normal
18.46,56,342.25,25.16,39.63,42.05,0.59,368.67,1.612,601.54,sombreado_parcial
19.89,31,27.53,25.43,26.48,50.02,0.72,378.41,0.212,94.36,normal
10.12,357,755.19,28.83,51.86,39.23,0.05,356.92,6.338,2277.88,normal
8.94,59,611.43,20.75,40.01,60.56,3.87,363.84,2.413,885.63,sombreado_parcial
16.72,353,590.33,22.39,42.37,24.1,3.1,364.08,5.148,1896.94,normal
9.54,235,763.15,16.13,39.91,30.48,0.59,365.07,6.563,2379.05,normal
18.12,107,422.18,11.25,25.47,72.21,4.7,380.53,2.178,799.12,sombreado_parcial
7.44,191,371.77,18.35,30.56,33.06,1.07,370.41,3.546,1290.28,normal
7.76,18,341.97,15.58,25.83,36.49,0.44,381.57,3.024,1190.68,normal
19.71,226,48.25,27.02,28.69,75.51,1.65,376.39,0.077,66.42,sombreado_parcial
15.43,167,923.85,21.89,53.16,26.53,0.29,354.12,3.884,1403.28,sombreado_parcial
17.86,71,440.65,21.77,35.91,50.62,0.92,368.07,4.05,1480.8,normal
10.54,362,750.44,19.09,41.07,21.61,1.39,368.08,3.042,1129.19,sombreado_parcial
15.47,54,801.95,5.6,30.19,44.28,5.73,375.76,3.328,1205.4,sombreado_parcial
14.32,245,1000.0,34.05,62.13,68.93,4.72,343.97,8.514,2928.19,normal
14.44,350,889.27,19.0,46.99,26.31,1.75,354.91,6.704,2360.35,suciedad
15.56,76,807.65,22.53,49.73,82.18,3.87,355.81,4.674,1643.79,sombreado_parcial
14.06,35,929.38,16.27,43.3,83.66,2.52,357.97,8.469,3049.49,normal
12.01,267,958.17,30.83,61.0,27.35,1.25,346.06,5.281,1842.2,sombreado_parcial
9.86,317,707.77,25.86,49.46,89.35,3.88,357.95,3.059,1067.15,sombreado_parcial
16.76,300,591.58,20.04,40.17,40.83,3.45,367.01,1.644,634.64,falla_panel
9.17,121,705.29,22.65,46.61,25.89,2.9,357.76,5.103,1828.4,suciedad
15.69,324,711.06,35.07,54.49,20.35,2.89,350.72,6.176,2153.67,normal
9.27,25,621.11,24.56,44.73,48.6,3.45,361.07,5.649,2030.93,normal
14.75,160,1000.0,23.91,52.9,64.09,1.46,352.4,2.799,993.21,falla_panel
16.46,84,722.3,19.35,40.43,43.25,6.1,362.03,5.462,1985.41,suciedad
9.06,114,654.65,13.63,35.32,78.57,0.53,368.95,5.586,2084.38,normal
6.84,223,209.97,24.04,30.84,70.16,6.46,375.25,1.872,719.91,normal
7.83,166,447.61,26.95,42.03,44.51,1.26,362.9,3.656,1297.15,suciedad
14.48,191,1000.0,31.6,61.45,71.4,0.4,344.9,6.729,2317.14,suciedad
17.89,175,514.44,11.51,29.8,85.83,2.75,374.4,4.614,1738.93,normal
6.63,1,125.2,18.25,23.19,26.52,1.41,386.4,0.546,198.9,sombreado_parcial
16.28,229,792.42,21.52,47.61,41.43,5.07,358.77,6.792,2444.94,normal
10.78,86,884.83,24.98,51.01,52.43,1.69,355.74,7.685,2753.17,normal
12.7,62,971.64,24.13,56.25,54.86,3.31,349.17,8.091,2835.13,normal
19.0,320,214.61,24.27,30.5,57.95,1.11,375.72,1.32,522.4,sombreado_parcial
10.65,206,927.31,27.45,55.51,41.04,0.71,351.21,7.265,2523.63,suciedad
12.51,105,1000.0,19.58,51.77,66.71,1.47,351.09,8.71,3046.88,normal
6.19,318,44.98,30.6,32.89,65.16,2.8,375.5,0.338,115.25,normal
7.14,291,265.39,27.6,34.62,60.45,3.21,370.64,0.457,179.38,falla_panel
9.62,250,747.42,23.08,49.52,27.96,2.59,357.78,6.236,2232.22,normal
6.39,13,85.76,34.61,40.01,53.39,13.28,364.47,0.503,192.54,suciedad
14.84,163,1000.0,34.34,66.5,44.94,3.52,341.47,6.874,2371.58,suciedad
11.97,43,930.28,30.6,60.31,54.37,8.04,347.78,8.091,2798.14,normal
13.67,111,1000.0,6.89,38.63,84.53,0.38,364.12,9.265,3359.18,normal
8.45,205,556.07,34.47,49.53,53.64,0.19,357.74,1.698,600.35,falla_panel
10.14,256,832.49,29.77,55.95,20.98,1.12,350.38,4.356,1525.75,sombreado_parcial
15.29,307,799.5,37.04,62.17,50.72,0.44,342.63,6.989,2409.86,normal
19.51,144,136.28,32.42,35.82,77.45,2.24,373.07,0.339,120.38,falla_panel
6.71,146,194.15,34.47,40.07,74.6,2.2,363.81,1.666,623.72,normal
18.47,301,328.17,30.27,36.96,55.94,2.57,369.11,2.939,1100.28,normal
14.08,164,1000.0,33.09,62.7,37.48,4.1,341.71,5.982,2060.44,sombreado_parcial
13.89,169,1000.0,36.96,69.6,52.56,10.66,335.43,3.46,1171.44,sombreado_parcial
13.0,298,938.58,26.3,58.23,59.46,6.32,350.55,7.924,2791.11,normal
6.97,233,216.88,15.57,20.93,89.99,0.38,383.17,2.012,757.09,normal
7.26,271,277.41,23.16,32.1,65.09,1.24,376.14,1.063,418.81,sombreado_parcial
14.41,60,933.48,27.34,58.16,68.6,0.89,347.67,3.856,1340.91,sombreado_parcial
10.77,296,820.72,25.45,50.32,54.4,0.58,355.04,1.591,554.21,falla_panel
18.84,235,265.28,17.52,26.83,44.81,2.36,376.74,2.563,942.68,normal
11.69,165,1000.0,15.21,46.41,76.91,2.42,358.67,6.021,2152.82,sombreado_parcial
8.01,194,498.58,20.55,37.92,54.65,0.77,368.96,4.35,1640.21,normal
16.01,234,812.64,29.85,53.32,89.63,3.73,353.27,0.979,350.08,falla_panel
10.11,183,849.91,34.48,59.38,52.0,3.96,346.72,7.262,2505.5,normal
13.36,333,871.94,30.5,58.17,24.76,0.06,349.87,3.182,1130.38,sombreado_parcial
15.77,232,861.01,31.34,58.4,67.78,1.51,349.38,2.933,1001.45,falla_panel
18.6,361,262.43,24.52,32.63,23.26,6.63,372.19,1.844,662.13,suciedad
17.09,107,648.06,14.55,35.66,37.54,2.2,372.92,3.451,1277.45,sombreado_parcial
15.47,223,877.24,22.27,48.29,44.76,1.28,354.79,6.026,2121.01,suciedad
15.51,80,834.17,23.45,47.46,71.76,0.88,359.47,0.908,304.72,falla_panel
19.24,234,150.42,22.02,25.97,54.6,0.84,378.83,1.043,394.08,suciedad
10.14,184,888.13,25.33,52.5,22.01,0.32,354.88,4.868,1711.89,sombreado_parcial
6.02,185,16.81,27.65,27.75,63.18,5.1,377.6,0.034,34.69,sombreado_parcial
9.81,134,821.37,30.12,57.69,48.8,0.27,349.47,6.924,2407.11,normal
9.05,220,652.83,23.33,44.89,84.53,1.04,357.53,5.822,2074.49,normal
15.27,288,821.48,13.58,40.05,54.97,0.14,366.16,7.455,2684.2,normal
14.87,364,827.86,22.1,48.31,69.63,4.56,359.94,7.09,2558.85,normal
14.31,202,1000.0,25.26,55.86,35.32,0.12,349.47,6.121,2116.79,sombreado_parcial
6.23,146,50.81,32.34,32.64,73.27,1.11,374.73,0.532,181.39,normal
16.2,324,717.37,21.59,42.22,70.47,2.56,362.94,6.34,2303.06,normal
10.53,127,908.15,28.08,55.41,83.29,1.58,349.92,7.784,2755.56,normal
15.31,135,909.26,26.74,55.09,22.37,0.99,350.27,7.825,2747.95,normal
13.79,114,1000.0,25.26,54.78,51.33,0.97,349.67,8.98,3141.88,normal
10.8,264,865.52,30.58,57.88,67.54,4.8,348.9,2.951,1013.06,falla_panel
7.88,64,441.95,21.03,34.55,26.66,10.95,369.68,3.604,1327.06,suciedad
7.32,135,349.33,21.55,31.87,48.74,1.28,372.38,3.209,1194.51,normal
17.64,41,488.14,24.93,41.93,85.95,0.12,362.55,4.376,1571.66,normal
18.86,296,232.88,21.16,24.75,50.52,0.11,380.9,1.474,546.75,sombreado_parcial
15.1,3,828.86,28.05,53.37,88.98,4.27,350.51,3.936,1362.55,sombreado_parcial
7.45,194,326.1,20.72,27.38,23.98,2.41,378.92,2.978,1144.43,normal
11.63,110,1000.0,26.36,57.97,70.25,4.59,349.69,8.775,3051.7,normal
16.21,221,820.16,24.4,51.17,60.67,3.59,356.15,7.125,2514.51,normal
16.92,4,573.23,26.29,42.18,55.04,7.14,361.72,5.29,1865.04,normal
7.66,244,397.06,22.24,32.82,87.96,6.51,373.05,3.658,1355.45,normal
6.0,166,0.0,22.97,20.42,29.08,4.66,386.96,0.07,6.09,suciedad
15.97,26,697.73,25.58,47.48,82.72,1.93,356.23,1.624,570.28,falla_panel
10.99,17,840.2,26.21,51.96,68.39,1.11,354.75,7.439,2627.61,normal
9.56,216,766.74,24.97,48.52,38.13,2.12,355.43,5.127,1803.05,suciedad
6.18,92,53.37,35.23,36.35,83.12,2.09,10.35,0.189,2.79,falla_inversor
13.56,31,954.31,19.06,47.42,50.05,2.83,358.64,7.041,2519.82,suciedad
17.92,205,474.0,24.61,41.13,77.0,0.62,363.41,3.728,1348.95,suciedad
19.41,207,140.68,15.56,20.36,47.22,3.2,382.9,0.41,168.76,falla_panel
13.92,107,1000.0,27.23,56.71,79.57,1.83,350.39,8.552,3023.48,normal
13.2,146,1000.0,18.31,48.51,64.56,2.9,355.65,9.046,3225.54,normal
7.19,101,259.39,23.33,30.13,29.87,0.82,33.7,0.258,8.16,falla_inversor
13.68,318,888.44,22.77,52.64,65.48,1.71,357.22,7.705,2756.09,normal
11.32,241,952.82,26.69,57.53,33.39,0.71,346.54,7.338,2538.14,suciedad
14.5,247,954.01,21.68,51.31,48.83,6.25,352.33,6.357,2256.36,suciedad
11.44,163,1000.0,21.43,55.24,31.92,2.01,348.24,8.677,3019.12,normal
9.36,173,755.29,33.62,59.4,21.54,0.76,346.37,3.568,1229.97,sombreado_parcial
7.33,35,278.96,26.71,35.08,34.83,0.13,372.14,1.62,626.17,sombreado_parcial
10.41,284,788.62,21.63,45.66,57.55,3.38,362.27,6.973,2550.72,normal
7.35,359,267.78,23.49,31.32,53.71,0.72,374.84,2.441,900.12,normal
8.48,358,433.84,34.87,47.0,55.1,13.69,359.5,1.894,678.62,sombreado_parcial
19.82,21,39.29,23.59,27.42,37.34,2.29,380.25,0.341,148.93,normal
12.22,308,938.66,20.86,48.69,67.96,1.02,356.52,8.296,2965.21,normal
13.45,163,1000.0,20.89,53.44,69.3,3.22,354.1,8.611,3040.65,normal
18.23,97,407.51,21.71,35.48,45.06,0.97,374.02,2.819,1071.63,suciedad
19.94,307,0.73,21.43,21.0,81.68,5.15,386.27,0.087,3.95,falla_panel
14.16,339,888.93,17.32,47.82,65.08,1.11,356.08,3.198,1128.85,sombreado_parcial
17.37,55,535.63,18.25,32.65,69.91,13.33,371.57,4.788,1763.53,normal
10.58,333,783.73,20.02,44.4,39.41,2.79,18.67,0.326,5.93,falla_inversor
10.28,127,880.09,28.55,55.32,20.04,5.58,350.05,7.879,2747.46,normal
11.64,193,1000.0,22.71,55.4,80.58,0.23,354.31,8.97,3140.87,normal
15.42,243,891.87,23.76,52.16,77.57,1.28,353.34,7.841,2778.31,normal
15.55,349,742.73,32.62,53.24,28.62,4.01,352.77,6.537,2313.0,normal
10.41,88,849.67,32.77,61.18,46.19,3.19,343.79,7.309,2476.58,normal
7.86,336,360.25,23.31,35.29,66.29,0.65,368.73,3.379,1222.12,normal
14.85,215,984.72,21.21,50.43,65.65,1.32,355.45,8.639,3073.62,normal
7.8,92,391.97,19.81,31.54,80.22,0.92,374.16,2.186,832.62,sombreado_parcial
14.1,303,893.95,29.16,55.14,29.82,2.85,350.56,7.493,2633.92,normal
15.71,235,862.4,23.77,50.47,50.1,1.27,357.21,4.248,1481.05,sombreado_parcial
15.81,184,887.85,22.68,50.65,26.81,1.11,354.83,3.176,1125.18,sombreado_parcial
16.55,38,674.36,20.12,40.69,47.27,0.7,360.97,5.962,2132.98,normal
18.22,139,413.64,20.38,32.63,21.06,1.58,372.33,2.985,1106.93,suciedad
13.0,195,1000.0,26.92,55.75,82.88,0.65,349.84,8.742,3052.53,normal
16.22,15,674.88,17.11,38.7,56.89,9.86,369.96,5.962,2194.86,normal
14.67,257,907.0,30.97,56.43,79.49,0.5,351.94,7.793,2744.69,normal
8.61,135,606.54,21.8,40.8,24.19,7.34,366.98,4.317,1588.93,suciedad
6.36,1,39.26,24.1,22.63,35.92,1.68,383.66,0.41,126.94,suciedad
9.98,49,720.11,16.98,39.56,38.16,1.42,367.05,3.159,1163.32,sombreado_parcial
12.2,96,1000.0,24.93,56.17,47.07,0.79,351.26,8.608,3014.46,normal
14.64,201,1000.0,23.03,54.89,76.2,3.03,353.46,8.595,3019.06,normal
17.9,26,396.26,24.7,38.38,47.06,3.47,368.45,1.986,721.37,sombreado_parcial
8.75,343,521.62,33.83,51.7,34.33,1.89,353.58,0.531,174.23,falla_panel
7.76,235,413.4,26.07,36.57,24.55,0.17,366.18,2.494,943.17,sombreado_parcial
19.49,349,132.75,20.23,24.29,25.56,7.52,376.9,1.202,448.5,normal
7.51,244,358.93,20.73,34.97,73.2,11.79,368.83,3.256,1177.12,normal
12.7,358,920.09,28.57,57.5,51.14,1.69,347.65,7.988,2737.66,normal
14.2,327,895.01,32.79,59.51,70.83,2.85,347.02,4.691,1607.5,sombreado_parcial
13.58,351,868.34,26.69,53.71,67.76,1.8,352.48,7.742,2724.38,normal
7.2,51,261.41,29.13,36.73,29.48,1.17,372.34,2.318,851.95,normal
6.8,81,195.48,28.66,33.0,30.0,0.24,373.52,0.789,280.94,sombreado_parcial
7.48,36,283.87,33.51,43.69,72.87,1.83,360.75,2.469,927.51,normal
14.2,67,931.08,13.3,43.28,70.49,5.12,365.38,5.115,1890.13,sombreado_parcial
13.62,129,1000.0,29.0,58.25,46.46,0.05,347.95,5.773,2006.22,sombreado_parcial
9.27,155,749.94,30.9,54.2,25.42,2.62,353.39,6.485,2293.31,normal
14.93,245,933.33,16.97,45.28,20.85,6.38,361.67,2.69,979.56,falla_panel
17.48,111,556.48,19.69,34.67,40.17,0.74,370.89,2.7,994.11,sombreado_parcial
6.58,168,117.62,19.9,21.45,20.65,0.61,386.2,1.075,405.58,normal
12.97,142,1000.0,20.63,49.98,36.11,4.44,355.1,7.685,2756.12,suciedad
15.65,356,734.18,22.11,44.97,49.37,0.88,361.29,4.796,1757.42,suciedad
9.53,197,781.43,26.46,50.19,28.5,0.64,354.27,5.455,1940.04,suciedad
10.31,109,839.67,30.19,54.99,27.3,1.42,352.21,4.665,1633.16,sombreado_parcial
14.59,79,938.89,31.49,60.24,82.75,1.5,347.34,7.905,2749.21,normal
18.57,161,337.43,19.97,31.64,60.98,6.22,373.86,3.056,1152.47,normal
17.34,19,488.52,19.93,35.73,85.41,2.89,369.94,2.295,822.75,sombreado_parcial
14.16,127,1000.0,32.89,65.65,44.21,1.56,341.03,8.336,2831.6,normal
16.22,205,788.78,28.88,53.19,67.4,2.29,353.98,4.969,1762.12,suciedad
11.11,29,836.94,25.5,54.06,34.33,9.24,353.63,7.476,2611.86,normal
14.97,207,979.73,27.84,58.98,63.28,0.36,345.3,6.023,2077.89,sombreado_parcial
12.53,280,970.25,24.82,54.41,29.07,0.7,351.51,8.411,2939.59,normal
8.66,151,620.88,28.15,47.69,20.15,9.85,357.72,2.43,886.47,sombreado_parcial
15.82,240,821.06,22.98,46.77,85.21,9.46,360.64,5.112,1868.68,suciedad
13.79,266,999.55,26.61,57.39,58.84,0.59,351.65,4.114,1460.68,sombreado_parcial
11.02,182,982.89,15.94,47.3,84.89,0.47,359.67,8.62,3090.85,normal
18.76,105,295.42,20.87,31.02,43.37,1.64,374.56,2.641,991.56,normal
6.29,236,65.33,20.94,22.36,42.95,0.15,380.97,0.562,217.34,suciedad
10.42,173,928.33,22.75,55.86,48.05,3.19,354.4,2.659,938.19,falla_panel
6.8,158,190.78,19.44,25.14,69.42,0.24,378.02,1.723,648.31,normal
16.73,172,744.27,21.8,42.54,59.61,0.18,360.83,6.688,2391.2,normal
15.83,311,745.28,15.91,41.02,84.77,1.99,366.22,6.549,2408.48,normal
10.64,157,962.88,28.29,59.29,21.78,9.5,346.4,1.111,409.49,falla_panel
15.46,258,841.77,24.5,51.16,69.57,1.67,356.68,7.553,2664.98,normal
11.54,164,1000.0,14.77,45.32,43.12,1.32,363.56,8.623,3143.52,normal
16.59,147,736.97,19.99,43.61,32.62,15.0,361.78,6.589,2362.11,normal
12.36,154,1000.0,27.02,60.7,55.73,2.28,347.0,6.467,2236.89,suciedad
11.77,38,895.51,21.74,50.03,55.35,1.41,355.33,3.126,1084.83,falla_panel
19.09,131,221.13,20.82,25.52,29.59,1.46,379.65,2.0,771.18,normal
9.51,358,617.27,24.55,38.66,34.13,0.65,366.77,5.537,2014.82,normal
7.69,255,375.5,27.06,39.37,48.57,2.15,368.27,2.185,809.7,sombreado_parcial
14.18,208,1000.0,16.38,46.15,48.62,1.73,358.81,8.688,3129.24,normal
19.57,95,81.17,28.3,30.69,42.23,0.95,373.25,0.817,273.62,normal
11.29,348,826.93,20.2,44.83,30.4,0.52,360.77,2.302,843.88,falla_panel
6.87,327,185.22,24.89,29.36,20.31,1.12,377.18,0.406,168.07,falla_panel
10.75,171,973.81,24.79,54.07,87.92,2.13,16.54,7.583,126.38,falla_inversor
13.08,250,1000.0,21.84,52.08,86.04,0.18,351.91,8.913,3144.6,normal
8.27,190,501.47,18.86,35.69,53.86,0.5,372.19,4.569,1697.46,normal
15.21,199,957.1,23.29,54.06,89.65,8.85,347.95,7.368,2566.52,suciedad
19.97,221,3.6,34.75,33.05,67.16,2.35,369.75,0.084,24.0,normal
12.32,24,876.68,16.83,42.62,24.82,0.2,367.59,7.589,2818.66,normal
10.97,244,926.08,35.15,64.66,28.24,3.54,338.82,7.75,2626.52,normal
11.61,324,863.77,23.44,52.01,84.13,0.19,5.62,6.722,38.19,falla_inversor
7.61,128,390.16,25.21,38.96,64.1,4.03,365.44,2.731,1006.23,suciedad
18.37,93,368.12,18.48,28.48,79.02,4.16,372.11,3.283,1225.87,normal
11.81,300,895.4,20.37,49.84,82.88,3.16,354.4,7.761,2751.09,normal
11.42,133,1000.0,21.98,50.57,51.36,3.95,356.24,7.665,2724.24,suciedad
15.24,55,795.77,18.73,43.29,23.4,0.28,364.13,6.212,2284.94,suciedad
12.19,158,1000.0,23.75,55.73,33.18,3.89,353.02,3.532,1254.88,sombreado_parcial
15.08,29,789.5,22.56,44.11,24.66,0.44,361.1,6.946,2467.09,normal
6.86,211,188.46,36.1,45.13,33.21,1.24,357.17,1.581,565.99,normal
17.39,154,615.69,18.0,39.23,48.74,8.58,366.58,3.734,1372.44,sombreado_parcial
19.17,293,151.03,25.62,31.31,28.27,2.1,376.76,0.266,136.57,falla_panel
15.08,222,921.61,26.49,53.84,31.67,10.27,355.65,8.235,2925.93,normal
19.36,115,197.95,18.58,24.66,51.21,0.28,382.29,1.171,478.13,sombreado_parcial
8.12,158,475.42,29.12,45.16,43.81,1.95,358.12,4.171,1538.29,normal
12.68,259,1000.0,22.61,52.18,52.74,0.19,353.79,8.518,3005.72,normal
14.43,251,964.51,10.05,39.92,50.04,2.98,366.29,8.472,3095.1,normal
14.14,122,1000.0,28.96,61.57,65.11,0.25,346.04,7.765,2714.82,suciedad
11.62,299,907.82,18.3,44.43,85.6,0.58,357.99,7.919,2860.18,normal
10.73,263,899.37,18.71,47.32,27.55,0.9,362.91,7.64,2786.93,normal
7.78,49,345.31,29.13,37.29,26.95,4.14,370.97,3.153,1133.61,normal
11.48,329,846.67,22.92,47.96,79.7,0.54,358.18,1.646,584.53,falla_panel
8.28,297,478.63,30.51,44.71,55.45,5.62,361.53,3.773,1353.61,suciedad
16.28,362,673.38,32.26,54.07,73.65,0.42,351.38,5.904,2053.11,normal
8.92,77,628.89,21.13,39.73,35.08,0.11,368.48,5.714,2077.43,normal
6.82,127,206.49,29.76,36.4,78.02,1.51,366.85,1.18,430.24,sombreado_parcial
13.73,197,1000.0,20.47,50.69,84.67,11.65,355.83,8.744,3103.05,normal
14.33,221,1000.0,38.4,68.85,64.48,0.35,336.67,8.534,2872.92,normal
18.21,91,403.43,20.84,35.33,27.41,0.32,370.16,3.244,1237.36,suciedad
14.08,8,885.52,31.16,57.1,82.67,4.17,351.84,7.738,2717.57,normal
10.84,32,816.58,30.06,56.72,75.47,1.12,18.05,4.829,87.66,falla_inversor
17.24,320,548.57,26.9,44.04,72.56,3.79,362.28,4.647,1736.48,normal
13.56,269,985.67,20.98,50.92,22.57,0.67,355.12,8.468,3020.95,normal
7.11,191,285.5,24.09,31.19,75.93,1.85,372.65,2.497,939.87,normal
13.92,349,900.03,12.08,38.48,29.66,0.92,365.95,3.803,1374.99,sombreado_parcial
18.71,163,321.74,26.35,35.29,35.57,1.8,369.01,2.834,1048.57,normal
11.55,61,927.01,27.1,55.84,60.4,4.4,347.09,5.983,2089.51,suciedad
10.15,264,779.9,25.8,51.08,38.55,4.31,354.91,6.577,2357.85,normal
8.01,285,408.16,7.16,19.46,66.29,2.18,385.41,3.608,1394.99,normal
8.12,95,486.6,17.41,32.26,62.56,7.91,370.07,1.167,429.39,falla_panel
12.06,41,945.43,20.51,49.93,27.57,0.92,355.41,1.164,403.98,falla_panel
14.34,149,1000.0,26.75,58.72,65.92,0.82,347.52,5.571,1921.85,sombreado_parcial
7.13,204,260.38,26.74,35.84,84.68,2.85,371.32,1.763,681.12,suciedad
19.15,267,187.72,23.98,27.76,31.28,2.91,380.82,1.678,634.29,normal
16.57,2,610.27,28.81,47.46,61.79,0.14,359.45,5.396,1942.88,normal
14.21,178,1000.0,18.84,51.93,43.93,2.81,351.66,8.616,3034.43,normal
17.6,194,570.2,28.66,44.51,52.17,1.41,7.72,10.701,82.49,falla_inversor
7.12,336,257.11,27.85,35.99,40.09,4.13,369.7,1.485,517.59,sombreado_parcial
12.68,196,1000.0,27.27,58.26,44.79,4.95,347.5,8.46,2945.22,normal
14.82,343,824.03,23.91,48.81,22.02,2.41,357.3,7.176,2562.34,normal
17.6,249,533.75,35.98,55.05,88.71,0.01,353.11,4.591,1638.88,normal
16.97,212,692.64,27.96,49.66,63.74,3.03,356.23,5.988,2152.81,normal
9.88,153,843.71,19.19,47.82,55.05,4.15,363.21,7.238,2649.86,normal
19.17,158,237.88,26.49,33.93,46.86,0.86,368.36,2.097,802.05,normal
7.74,362,343.67,29.51,40.94,57.76,1.87,365.93,3.072,1136.59,normal
18.25,139,441.02,21.47,34.39,46.61,10.12,367.75,4.112,1479.86,normal
19.59,221,84.21,31.54,33.32,45.19,1.06,370.39,0.414,168.16,sombreado_parcial
8.48,273,519.92,27.29,44.15,52.48,0.76,363.49,2.965,1084.12,sombreado_parcial
16.11,154,815.39,10.95,37.07,39.32,0.71,364.41,7.262,2672.24,normal
6.56,249,147.15,26.8,32.29,32.6,2.45,373.67,1.087,410.47,suciedad
11.68,279,926.98,22.56,52.1,58.96,8.97,351.77,8.272,2929.19,normal
13.23,304,940.42,28.22,55.61,78.99,2.81,350.78,8.015,2817.51,normal
14.13,276,939.51,30.67,58.82,30.7,1.08,346.62,6.17,2144.72,suciedad
19.1,2,192.16,26.17,33.45,22.29,3.05,372.0,1.715,640.15,normal
15.41,88,876.84,34.99,59.45,37.28,2.94,348.06,7.486,2586.34,normal
12.74,287,937.51,23.93,53.66,88.58,2.73,354.89,1.14,372.85,falla_panel
17.34,130,586.88,28.75,46.92,78.01,0.52,359.45,5.277,1864.98,normal
19.31,78,153.69,29.83,35.91,61.71,3.02,370.87,1.366,504.47,normal
6.31,260,82.76,24.42,27.63,85.05,1.69,377.37,0.105,36.37,falla_panel
19.76,241,94.13,29.67,31.62,51.17,0.06,371.03,0.872,321.65,normal
7.21,141,296.55,21.43,29.64,88.83,2.33,373.32,1.706,622.42,sombreado_parcial
17.4,228,601.6,22.46,40.48,40.74,13.6,368.28,5.225,1936.97,normal
9.92,163,815.27,17.13,43.47,36.82,1.29,360.01,6.992,2535.44,normal
7.85,236,461.45,26.45,37.42,64.66,10.11,368.59,1.883,730.89,sombreado_parcial
12.16,128,1000.0,26.95,58.44,46.47,0.3,348.58,8.589,2978.45,normal
15.02,200,977.63,32.08,61.3,63.85,3.96,345.75,6.671,2302.47,suciedad
11.33,31,858.05,29.75,56.85,41.35,0.36,351.79,1.347,488.21,falla_panel
6.76,138,162.78,23.29,28.89,63.25,0.96,375.01,1.553,552.27,normal
14.39,21,854.29,17.93,42.13,39.3,2.54,363.3,6.722,2454.11,suciedad
18.63,234,354.26,27.6,38.33,23.57,2.7,366.66,3.22,1152.84,normal
11.37,202,994.24,31.66,62.97,83.85,4.48,339.4,8.624,2941.71,normal
9.03,279,590.73,29.53,48.12,81.82,2.87,28.17,2.663,74.77,falla_inversor
12.2,131,1000.0,31.51,62.57,87.96,2.7,346.44,8.488,2932.91,normal
6.68,148,141.33,23.73,26.31,70.16,7.3,382.8,1.263,493.61,normal
17.49,29,493.71,22.2,36.03,67.79,1.81,371.43,2.185,835.58,sombreado_parcial
17.57,361,489.19,20.58,33.8,59.13,0.77,372.42,4.336,1614.07,normal
14.23,308,881.94,24.66,53.06,28.82,0.53,350.6,7.745,2728.97,normal
10.94,162,956.33,24.53,54.24,33.25,1.53,352.59,5.361,1918.07,sombreado_parcial
17.2,357,535.43,26.24,42.89,40.26,3.74,363.2,0.809,326.69,falla_panel
13.77,340,888.38,24.22,49.43,82.31,0.13,361.48,7.413,2676.13,normal
17.56,61,523.35,24.2,40.5,32.11,0.41,361.78,4.557,1690.13,normal
14.84,125,970.9,20.34,51.63,84.6,0.34,352.2,8.536,3011.6,normal
16.98,71,611.83,30.65,47.01,56.6,2.64,361.52,5.335,1915.07,normal
14.38,326,864.87,25.46,51.68,70.09,0.83,357.74,2.194,812.12,falla_panel
11.8,364,870.73,23.95,48.81,27.72,0.55,358.04,2.799,1026.21,falla_panel
19.41,243,128.22,20.52,23.89,38.83,2.7,380.32,0.862,321.84,suciedad
13.58,249,1000.0,17.01,46.91,87.1,4.3,360.33,5.725,2110.83,sombreado_parcial
14.47,221,970.96,32.85,63.76,38.63,1.21,347.53,5.843,2032.01,suciedad
9.09,21,573.03,28.33,46.49,40.76,2.59,358.29,5.049,1817.98,normal
14.76,82,940.58,15.26,46.59,33.83,0.31,360.42,8.454,3020.96,normal
14.0,344,895.7,29.58,57.49,29.04,8.21,348.73,7.661,2643.74,normal
8.59,10,487.95,30.53,46.29,36.33,1.23,360.51,3.235,1160.31,suciedad
6.83,12,194.96,25.75,31.0,64.96,15.0,375.86,1.789,685.7,normal
14.46,263,945.35,34.59,62.48,51.88,11.53,343.22,3.318,1137.55,sombreado_parcial
16.69,145,710.11,26.3,49.74,58.76,4.53,358.46,6.282,2236.09,normal
13.33,192,1000.0,16.5,49.61,28.57,0.06,355.63,4.68,1652.14,sombreado_parcial
9.17,250,691.99,27.19,49.87,76.15,2.35,357.51,1.297,506.03,falla_panel
15.33,114,906.65,26.47,55.0,74.89,0.27,347.62,7.749,2719.21,normal
7.12,26,204.78,21.38,26.32,21.51,6.77,380.27,1.08,396.55,sombreado_parcial
12.19,271,923.83,28.44,59.02,46.85,4.68,345.9,7.754,2704.44,normal
8.29,33,447.55,14.99,29.85,24.81,10.76,374.39,3.524,1313.13,suciedad
8.58,62,539.0,30.94,50.82,75.45,2.81,350.95,4.674,1625.95,normal
8.83,229,612.01,19.73,37.13,71.61,2.22,368.03,5.269,1928.13,normal
11.41,303,856.08,19.09,47.14,83.14,2.2,361.63,7.564,2726.69,normal
6.72,95,153.1,24.32,29.93,36.55,1.47,372.19,1.382,523.75,normal
11.57,35,907.38,27.6,55.44,51.94,1.9,351.47,1.461,537.74,falla_panel
13.16,193,1000.0,25.98,59.28,32.91,3.03,2.88,27.996,80.3,falla_inversor
12.77,76,978.92,20.54,51.74,45.99,8.11,354.3,8.378,3002.66,normal
11.36,249,978.66,21.96,51.14,56.56,2.72,356.88,8.343,2975.52,normal
17.75,83,496.48,18.2,33.54,23.73,5.84,371.67,2.71,1017.78,sombreado_parcial
8.03,25,408.67,23.65,35.0,70.04,5.96,372.06,3.801,1389.58,normal
13.08,57,948.31,31.45,60.38,58.03,2.19,345.38,8.251,2849.39,normal
6.87,32,180.04,24.97,31.66,78.03,1.28,378.84,1.507,587.52,normal
7.0,319,192.61,30.16,37.66,39.02,3.06,370.18,0.276,111.07,falla_panel
14.03,12,866.38,33.73,61.14,83.23,1.77,346.09,6.554,2253.18,suciedad
13.92,319,876.1,21.47,47.73,89.91,0.25,361.84,6.519,2339.75,suciedad
18.29,333,354.52,23.88,35.53,84.35,1.42,372.78,3.155,1164.06,normal
13.81,92,1000.0,38.03,70.36,74.45,15.0,335.83,7.63,2560.56,suciedad
19.44,1,119.96,33.67,34.46,76.87,0.15,372.02,0.493,201.69,sombreado_parcial
6.68,326,141.88,14.97,19.57,60.16,3.58,384.56,1.284,507.79,normal
7.37,136,336.77,27.32,37.56,33.31,5.52,369.9,2.248,823.11,suciedad
6.62,196,145.47,25.0,30.98,67.39,3.14,16.61,1.829,29.55,falla_inversor
8.59,133,583.6,29.96,48.77,69.89,2.53,354.45,1.81,667.82,falla_panel
13.58,86,985.52,20.53,52.05,88.98,3.69,354.54,6.686,2400.76,suciedad
15.04,295,821.34,19.96,44.91,57.89,1.68,364.01,5.687,2074.2,suciedad
6.64,279,116.28,20.94,24.58,39.0,0.29,381.92,0.679,254.96,sombreado_parcial
19.24,324,146.89,21.57,27.57,67.86,9.84,378.41,0.154,55.33,falla_panel
17.79,180,490.76,29.89,45.13,88.56,1.7,363.03,4.248,1532.44,normal
10.15,4,697.55,17.91,39.97,32.4,3.28,363.1,6.208,2264.0,normal
7.08,126,278.05,21.26,27.65,42.82,2.27,378.62,2.155,792.74,suciedad
8.38,175,563.99,14.27,31.79,57.93,0.17,376.02,1.304,461.81,falla_panel
7.78,251,386.92,31.04,40.12,31.92,9.16,366.78,3.416,1243.14,normal
7.73,21,391.03,32.63,44.07,21.56,4.72,359.44,2.874,1042.5,suciedad
13.26,105,1000.0,23.04,54.38,43.59,0.48,351.33,8.784,3135.14,normal
9.44,66,700.68,23.21,46.26,80.58,11.99,359.83,0.697,263.08,falla_panel
11.01,263,899.32,27.72,54.32,23.04,4.01,350.5,4.904,1716.76,sombreado_parcial
19.85,49,46.99,33.85,35.88,50.03,1.92,367.87,0.304,100.42,sombreado_parcial
15.58,16,764.51,27.45,53.55,73.35,2.84,353.86,5.912,2098.29,suciedad
19.29,145,136.51,20.81,24.12,86.72,0.34,384.13,1.051,405.86,suciedad
8.0,340,392.85,15.29,25.24,88.98,2.47,376.0,1.137,395.75,falla_panel
11.35,250,958.85,18.31,48.71,49.54,0.23,356.51,2.791,1014.76,falla_panel
13.77,343,844.57,25.44,50.04,86.53,2.36,354.76,7.164,2571.09,normal
7.07,354,253.81,21.07,27.77,22.48,2.41,380.37,2.199,882.18,normal
6.06,75,19.27,26.17,28.16,72.21,6.22,378.45,0.184,51.82,suciedad
15.39,290,834.28,21.68,50.57,64.99,3.87,358.49,1.654,616.98,falla_panel
14.99,282,849.34,18.65,43.69,37.47,0.86,364.01,7.255,2647.4,normal
11.75,66,951.86,17.94,46.58,55.51,6.58,361.86,8.138,2930.13,normal
12.86,125,1000.0,34.37,64.96,29.07,2.55,342.61,8.328,2826.74,normal
11.82,319,890.26,30.33,57.33,81.01,2.8,350.24,7.677,2687.97,normal
6.34,87,76.06,35.38,40.66,45.05,0.56,366.17,0.498,200.81,suciedad
10.7,41,797.27,28.24,52.36,63.82,5.85,354.08,6.748,2383.47,normal
8.48,186,574.85,22.42,39.8,31.11,8.02,365.95,5.006,1851.46,normal
7.38,354,263.63,32.94,43.6,34.43,4.47,363.28,0.984,359.03,falla_panel
19.39,335,134.13,24.8,29.86,89.44,8.48,376.28,1.129,451.29,normal
14.39,266,928.95,26.33,56.83,72.72,1.08,350.18,7.09,2497.51,suciedad
16.2,271,753.21,24.74,46.92,87.34,5.92,359.54,6.706,2370.58,normal
10.42,42,768.76,7.32,30.55,40.71,2.01,376.15,4.553,1692.46,sombreado_parcial
11.5,93,959.89,34.63,63.07,31.52,0.54,343.58,8.245,2844.61,normal
9.32,185,755.65,27.95,52.76,55.21,3.32,351.18,6.467,2278.81,normal
7.36,215,307.74,26.98,38.43,54.63,3.46,367.65,2.771,1005.5,normal
8.51,17,499.12,24.63,39.33,32.25,1.01,364.59,0.859,320.99,falla_panel
17.17,265,602.59,25.98,44.27,71.33,0.08,363.78,2.53,898.35,sombreado_parcial
15.49,114,889.89,21.42,48.74,45.32,0.67,356.27,8.032,2889.66,normal
13.66,292,964.29,28.7,56.51,33.05,1.53,349.06,6.699,2339.62,suciedad
12.65,292,950.02,17.16,45.83,43.24,0.55,361.04,8.249,2992.86,normal
18.91,48,250.69,26.12,35.11,59.46,0.65,370.37,0.809,294.76,falla_panel
7.02,307,246.69,28.37,34.77,70.85,1.49,373.09,2.276,847.1,normal
9.93,97,789.15,23.81,48.61,53.73,9.79,357.15,7.008,2502.61,normal
10.9,95,926.57,27.23,54.22,56.79,4.33,351.65,7.915,2775.89,normal
16.95,326,562.7,19.05,36.42,29.73,1.16,367.62,2.634,963.51,sombreado_parcial
19.9,74,2.62,19.21,18.44,84.03,9.09,383.86,0.0,17.51,normal
9.37,336,616.74,26.42,43.86,85.01,3.11,361.03,5.309,1918.66,normal
18.24,68,349.55,29.07,41.18,67.84,1.82,365.45,3.054,1117.96,normal
17.63,246,502.82,13.75,30.73,21.23,1.9,377.12,1.525,575.92,falla_panel
9.15,77,657.11,28.13,47.21,57.6,1.59,360.6,4.976,1754.58,suciedad
11.59,208,1000.0,21.74,52.67,64.05,0.8,352.58,5.347,1884.73,sombreado_parcial
11.74,254,988.21,23.84,54.79,89.63,1.47,352.02,5.758,1998.0,sombreado_parcial
19.7,221,78.84,16.96,16.7,89.72,2.25,387.94,0.202,116.42,sombreado_parcial
8.53,262,575.68,19.89,35.78,80.03,2.25,372.07,5.1,1908.58,normal
17.19,331,545.88,30.8,49.79,24.47,4.3,359.09,1.764,637.97,falla_panel
10.68,344,804.14,25.2,48.73,86.73,1.33,353.56,6.976,2439.12,normal
16.23,259,760.84,22.7,48.37,62.89,3.78,360.59,3.757,1394.24,sombreado_parcial
11.88,308,906.48,24.3,50.61,76.06,2.59,352.53,4.117,1434.35,sombreado_parcial
14.1,74,983.15,27.94,59.65,48.5,9.8,347.63,3.636,1254.56,sombreado_parcial
17.66,125,550.45,27.64,44.38,42.38,1.46,357.41,1.168,407.94,falla_panel
17.26,188,636.68,24.55,44.19,52.43,6.94,363.8,5.561,2026.82,normal
18.13,254,417.49,31.56,47.39,30.28,5.16,358.05,3.376,1205.85,suciedad
6.83,321,181.23,30.82,34.6,44.99,3.05,372.23,0.945,352.66,sombreado_parcial
15.69,308,751.91,27.48,51.87,80.03,3.19,353.9,6.738,2396.58,normal
7.96,235,430.88,25.33,39.62,22.66,0.27,368.05,3.79,1378.44,normal
11.82,250,1000.0,28.94,65.23,30.56,9.0,338.45,6.638,2245.2,suciedad
13.68,332,933.67,26.89,54.45,28.76,0.34,353.25,8.152,2893.62,normal
11.64,345,840.81,31.36,56.7,48.22,2.49,350.72,7.331,2563.88,normal
13.27,72,971.02,30.4,61.97,89.79,1.2,345.63,8.153,2821.58,normal
19.95,235,34.26,18.89,19.66,32.14,1.69,386.1,0.214,91.12,sombreado_parcial
7.89,324,386.88,18.48,29.88,30.18,2.83,377.63,0.685,290.68,falla_panel
15.46,156,947.69,20.79,51.84,84.05,7.19,356.47,8.105,2898.43,normal
11.54,115,1000.0,30.86,61.71,81.74,1.84,342.31,5.815,2000.32,sombreado_parcial
7.86,313,369.99,15.54,25.77,22.26,13.2,379.5,3.36,1269.2,normal
8.22,228,511.64,27.37,44.45,72.62,2.7,362.24,4.42,1608.0,normal
19.29,322,150.18,27.18,32.43,65.88,0.53,372.81,0.387,94.39,falla_panel
18.31,346,315.52,31.98,41.37,73.74,0.63,364.76,2.638,990.32,normal
18.7,245,302.75,26.08,35.0,54.62,3.78,371.45,2.709,1029.55,normal
19.88,306,49.54,16.94,17.12,89.4,0.16,389.0,0.362,151.16,suciedad
8.92,14,546.82,19.24,37.42,23.07,1.96,369.34,4.923,1811.6,normal
10.98,16,821.53,17.91,43.04,36.41,0.48,364.59,6.471,2365.19,suciedad
15.37,42,813.67,21.77,46.04,47.76,1.7,363.95,5.353,1959.29,suciedad
12.77,110,1000.0,23.9,53.22,51.48,4.16,352.77,8.791,3122.29,normal
11.86,278,955.35,18.01,48.45,84.5,1.84,357.45,8.55,3048.72,normal
11.01,324,809.66,33.82,58.36,59.2,0.54,349.71,7.072,2425.35,normal
14.31,19,900.56,17.05,42.17,23.16,0.87,363.68,7.958,2913.27,normal
14.06,66,961.26,33.08,61.31,48.55,1.37,344.83,8.46,2907.36,normal
8.26,167,515.47,32.11,47.87,49.15,0.22,357.36,1.277,428.24,falla_panel
12.6,73,1000.0,30.39,61.33,87.58,2.63,346.74,7.322,2536.4,suciedad
13.75,310,917.36,20.84,49.14,61.94,2.81,357.97,8.105,2895.28,normal
13.98,112,1000.0,27.05,57.73,64.5,0.19,352.64,1.832,647.46,falla_panel
8.94,274,623.2,17.34,34.6,69.93,1.54,368.83,5.783,2100.08,normal
16.39,85,740.18,30.47,52.28,73.9,1.6,352.08,4.424,1543.71,sombreado_parcial
6.35,139,50.36,24.56,27.91,64.45,1.22,377.37,0.492,164.29,normal
10.97,39,829.05,22.54,50.01,36.6,2.45,354.68,7.331,2602.48,normal
16.92,105,669.06,17.66,39.43,81.18,1.27,362.73,4.938,1778.95,suciedad
13.89,324,851.31,10.13,37.47,71.25,1.62,367.31,7.416,2725.28,normal
9.66,281,710.26,18.77,42.32,71.93,4.79,367.87,4.139,1508.53,sombreado_parcial
15.73,123,876.58,31.68,57.39,89.76,0.53,354.2,7.307,2595.53,normal
13.94,218,1000.0,22.58,53.88,76.18,2.9,353.65,8.977,3153.87,normal
17.15,61,583.52,23.98,40.54,78.04,2.11,363.01,4.428,1597.54,suciedad
16.29,100,764.69,28.93,51.18,86.6,1.09,353.57,5.272,1872.01,suciedad
14.54,307,851.72,35.83,63.0,30.58,3.9,344.08,7.337,2509.41,normal
12.83,354,917.77,32.95,63.05,54.84,2.4,342.84,7.757,2664.7,normal
7.86,204,457.4,19.17,33.17,60.64,1.95,372.57,1.914,736.09,sombreado_parcial
9.66,258,731.7,13.34,38.68,43.05,3.3,367.09,4.121,1517.99,sombreado_parcial
11.87,5,870.88,39.16,66.69,78.76,4.86,337.95,3.908,1325.14,sombreado_parcial
14.39,197,1000.0,38.61,68.7,73.37,10.8,338.39,5.065,1733.37,sombreado_parcial
13.19,180,1000.0,26.13,55.75,70.46,2.98,4.26,17.865,76.02,falla_inversor
10.03,342,670.97,17.38,39.87,89.8,6.22,365.12,5.947,2163.76,normal
6.09,133,31.65,30.78,31.96,38.16,0.0,375.28,0.142,53.54,sombreado_parcial
12.95,324,896.5,24.35,53.38,71.48,2.27,353.15,4.991,1748.23,sombreado_parcial
10.0,253,786.59,24.32,44.92,58.6,0.72,360.82,3.488,1265.25,sombreado_parcial
16.28,265,766.43,30.37,54.68,41.91,0.3,351.92,6.749,2401.37,normal
6.34,93,74.15,27.01,28.56,31.24,2.28,375.54,0.279,116.99,sombreado_parcial
14.19,150,1000.0,17.89,47.04,82.71,4.12,359.87,3.899,1417.94,sombreado_parcial
19.18,138,208.39,23.05,29.47,61.68,1.59,374.04,0.941,358.85,sombreado_parcial
8.44,208,573.03,28.97,48.51,77.75,3.33,362.44,4.994,1808.19,normal
12.6,125,1000.0,28.06,62.71,58.17,2.02,348.23,5.626,1923.8,sombreado_parcial
7.28,234,295.42,26.57,36.17,35.4,1.72,369.24,0.543,228.74,falla_panel
14.76,61,894.13,30.6,57.48,43.63,1.03,350.28,1.028,344.51,falla_panel
13.71,307,924.41,22.83,50.56,46.71,1.45,356.92,6.647,2390.38,suciedad
11.7,266,957.97,26.07,57.45,88.11,1.29,350.36,4.53,1579.22,sombreado_parcial
13.3,134,1000.0,5.0,34.75,20.39,3.12,372.1,8.815,3291.96,normal
18.55,318,269.65,22.3,31.66,89.0,0.37,375.18,2.526,943.52,normal
8.75,113,629.04,29.58,49.68,88.63,0.29,357.94,5.457,1924.18,normal
6.32,191,101.17,22.66,26.09,89.73,3.24,377.39,0.763,315.78,suciedad
18.06,187,471.46,22.2,34.58,53.36,2.37,371.79,4.194,1553.49,normal
14.08,319,877.57,18.75,45.64,87.47,1.69,358.9,6.296,2253.39,suciedad
18.47,89,375.28,31.02,40.56,47.69,0.5,366.26,2.985,1074.67,suciedad
14.36,187,1000.0,28.29,58.66,21.84,1.59,349.9,2.914,1018.2,falla_panel
17.34,307,509.06,29.95,47.24,35.7,4.68,359.63,3.471,1186.38,suciedad
12.02,132,1000.0,14.64,47.74,86.17,6.61,359.89,5.201,1850.47,sombreado_parcial
16.5,360,629.68,24.04,44.04,20.96,3.64,362.36,2.83,1014.1,sombreado_parcial
18.78,123,319.93,23.32,32.46,58.22,0.19,376.61,2.851,1066.78,normal
14.01,48,893.2,23.32,53.61,25.29,3.33,353.64,7.866,2771.18,normal
8.53,288,492.8,21.3,35.83,40.05,0.83,367.88,4.408,1619.08,normal
9.76,179,811.07,22.92,46.57,26.17,1.14,358.54,7.027,2516.72,normal
8.78,180,650.45,30.1,51.47,80.17,0.65,355.72,1.396,523.46,falla_panel
9.46,99,718.14,13.52,36.65,61.37,4.49,371.56,6.253,2312.48,normal
10.29,330,735.58,35.66,57.84,83.15,3.14,349.61,5.07,1762.3,suciedad
13.77,34,943.34,27.9,57.53,68.18,2.84,349.55,8.158,2845.44,normal
14.23,70,975.82,24.75,55.9,87.97,3.31,18.38,5.217,95.55,falla_inversor
11.97,171,1000.0,30.44,62.0,55.69,0.81,348.65,8.414,2920.08,normal
14.62,272,885.56,16.29,44.65,64.71,1.76,358.68,7.696,2752.23,normal
7.14,59,201.36,21.01,26.55,60.34,3.01,375.44,1.866,699.03,normal
7.23,181,303.95,24.27,34.56,53.9,3.04,369.98,2.319,851.78,suciedad
8.41,19,482.51,33.19,48.3,79.22,4.71,359.05,4.182,1479.57,normal
13.25,226,1000.0,24.72,55.26,65.12,1.02,350.45,7.999,2777.69,suciedad
9.0,95,637.26,27.7,47.25,76.09,4.41,357.63,3.79,1372.85,sombreado_parcial
9.97,297,717.48,21.46,43.74,75.05,1.74,360.56,6.305,2280.4,normal
11.6,81,966.1,27.92,55.94,33.37,3.33,354.14,8.417,2963.88,normal
17.37,175,646.4,35.06,54.31,65.51,1.82,352.83,4.68,1641.34,suciedad
6.19,222,1.99,30.97,31.13,33.98,8.9,375.97,0.0,0.0,normal
15.09,103,924.74,24.51,51.38,60.83,0.59,359.05,1.428,511.69,falla_panel
15.36,54,805.8,29.05,53.3,67.42,3.37,357.16,6.911,2454.11,normal
17.18,183,619.3,28.47,51.4,89.81,2.58,353.13,2.874,981.04,sombreado_parcial
19.06,351,166.15,28.04,31.54,22.14,0.57,374.29,1.11,371.51,sombreado_parcial
6.28,318,65.65,31.67,33.15,26.39,0.2,373.83,0.159,93.56,sombreado_parcial
8.15,355,426.2,31.63,43.7,25.39,4.82,362.46,3.809,1365.09,normal
18.41,349,344.35,24.24,34.82,47.89,0.51,369.32,1.11,421.62,falla_panel
12.42,321,907.89,28.85,56.0,77.51,0.62,345.22,6.911,2365.94,suciedad
13.9,68,924.23,22.7,51.22,79.08,11.51,357.78,3.915,1425.4,sombreado_parcial
15.28,28,798.9,19.46,43.35,71.59,3.79,366.26,4.409,1627.21,sombreado_parcial
15.51,274,801.53,23.38,50.01,82.78,0.86,357.71,3.8,1362.54,sombreado_parcial
19.04,282,181.66,24.54,30.34,42.6,2.68,374.88,0.534,187.71,falla_panel
19.96,360,20.24,15.03,14.16,26.17,2.29,389.19,0.011,11.53,falla_panel
16.08,311,716.99,30.16,53.83,24.07,5.58,352.87,6.326,2245.28,normal
10.02,119,845.34,8.4,33.38,79.65,3.92,374.71,7.207,2732.66,normal
18.32,134,391.26,41.29,51.17,71.13,5.35,34.56,1.592,56.15,falla_inversor
6.69,129,181.33,34.01,39.67,68.9,0.71,361.71,1.69,598.96,normal
9.24,8,592.81,23.43,44.82,43.78,3.07,9.46,6.418,60.02,falla_inversor
18.56,51,323.98,25.06,32.44,46.59,0.12,374.29,1.281,499.06,sombreado_parcial
9.59,341,657.28,26.82,45.36,87.07,0.21,358.51,5.649,2042.39,normal
9.09,281,614.85,21.47,41.81,24.47,3.75,365.22,5.377,1977.35,normal
7.93,175,466.64,26.16,39.77,74.16,0.07,366.38,4.061,1489.88,normal
18.03,183,469.9,24.14,39.74,41.67,2.6,366.41,2.98,1088.36,suciedad
13.0,192,1000.0,24.43,54.43,22.73,5.51,350.03,8.392,2942.77,normal
15.45,249,877.36,26.09,53.72,71.98,1.43,352.19,7.621,2712.0,normal
9.35,235,713.49,17.12,42.03,43.16,0.14,360.6,0.712,293.44,falla_panel
16.61,83,687.81,25.24,44.94,70.55,3.75,363.51,6.145,2242.74,normal
16.64,93,716.59,25.98,49.91,69.54,7.96,354.62,3.518,1238.16,sombreado_parcial
10.38,312,783.2,25.77,51.27,57.44,3.79,357.29,4.347,1552.96,sombreado_parcial
11.75,268,946.33,23.71,51.04,74.42,2.59,356.49,8.042,2836.78,normal
8.94,120,627.92,31.83,52.29,60.67,0.78,353.28,5.594,2002.93,normal
19.67,71,54.39,22.88,24.69,40.06,0.05,378.8,0.505,189.26,normal
15.04,17,814.19,26.36,51.94,71.39,3.56,354.82,6.964,2446.13,normal
19.08,253,234.49,32.78,40.62,61.24,0.79,367.33,2.018,746.79,normal
10.25,122,864.16,24.52,51.0,20.89,5.86,356.92,3.281,1193.97,sombreado_parcial
16.95,10,561.86,26.29,43.95,83.12,1.88,363.13,2.607,995.92,sombreado_parcial
16.72,287,608.33,24.42,43.79,58.2,2.27,361.82,3.476,1263.32,sombreado_parcial
15.68,316,788.8,32.42,58.19,80.8,4.21,350.1,6.703,2355.81,normal
19.52,326,109.55,23.45,24.59,81.79,4.53,377.31,0.991,386.32,normal
11.51,273,943.54,32.7,64.12,51.15,3.09,343.33,8.011,2745.25,normal
7.83,306,391.27,24.38,34.87,55.54,8.36,370.64,3.724,1346.45,normal
15.4,293,811.7,19.84,46.35,49.1,12.1,357.27,0.978,374.12,falla_panel
16.21,210,812.28,29.08,54.58,51.46,8.81,351.2,6.906,2442.09,normal
14.05,218,1000.0,23.17,52.5,82.66,5.21,357.26,8.425,3012.64,normal
8.9,241,630.45,28.72,49.22,75.17,3.67,358.14,4.374,1553.61,suciedad
13.06,200,1000.0,8.62,38.46,28.86,3.27,369.1,7.157,2648.63,suciedad
10.37,216,907.97,25.03,55.01,62.72,0.33,0.0,0.029,83.33,falla_inversor
11.98,205,1000.0,22.24,52.43,89.71,0.95,350.59,8.523,3013.19,normal
15.03,216,959.59,18.62,46.37,61.69,0.02,362.71,8.311,3013.56,normal
16.43,80,716.98,21.68,46.39,75.01,0.44,358.22,6.332,2268.59,normal
9.25,267,676.93,21.56,42.98,73.83,1.74,362.26,6.111,2185.23,normal
11.67,35,904.74,24.71,54.29,44.52,0.48,349.48,3.613,1242.86,sombreado_parcial
9.77,289,738.76,16.8,38.61,46.03,6.96,369.86,1.904,701.99,falla_panel
8.78,18,544.15,26.9,41.06,70.69,4.92,365.4,2.949,1095.05,sombreado_parcial
16.97,165,703.68,33.2,57.7,55.0,0.22,348.67,5.89,2094.23,normal
18.73,13,246.61,26.69,34.38,59.94,0.86,372.31,2.278,864.42,normal
11.18,202,985.66,29.85,61.39,69.9,5.13,344.69,2.979,989.29,falla_panel
16.52,229,758.27,31.57,56.25,74.43,4.87,349.1,6.407,2268.31,normal
18.56,346,274.98,32.42,40.51,39.01,8.73,362.9,0.43,172.58,falla_panel
17.85,1,418.94,36.22,49.65,30.28,15.0,353.96,3.357,1185.95,suciedad
8.56,319,525.96,22.0,40.83,40.43,11.22,17.56,3.81,65.8,falla_inversor
19.39,217,170.95,20.69,25.98,55.53,1.58,381.6,0.464,201.37,falla_panel
11.27,34,866.03,29.7,58.18,43.95,0.86,345.09,7.634,2626.44,normal
10.75,359,782.07,29.25,50.7,59.79,4.26,355.48,5.236,1875.16,suciedad
6.87,266,191.24,29.65,37.32,23.74,1.07,368.51,1.616,617.99,normal
12.81,128,1000.0,36.34,65.3,55.68,4.93,340.41,8.435,2881.43,normal
7.53,212,360.74,25.07,37.86,45.76,2.29,366.16,3.282,1202.64,normal
9.48,263,692.08,27.56,49.77,57.43,4.74,356.67,5.996,2161.41,normal
10.44,312,800.3,19.12,43.98,49.58,0.97,360.57,7.06,2525.44,normal
17.32,80,568.76,37.81,55.44,39.9,2.13,351.15,4.978,1722.55,normal
18.26,165,407.63,22.98,35.34,83.29,2.49,368.02,1.982,742.51,sombreado_parcial
10.23,252,837.75,23.15,48.1,32.93,8.6,25.63,3.005,76.03,falla_inversor
18.02,12,409.35,22.92,35.4,67.7,0.93,369.56,1.944,746.79,sombreado_parcial
18.0,304,385.07,21.13,36.48,84.73,8.28,368.43,3.391,1252.77,normal
16.71,212,721.29,20.62,45.12,57.71,4.9,363.18,6.408,2311.95,normal
8.05,282,425.13,21.86,33.84,81.35,3.94,370.5,3.91,1435.34,normal
15.66,112,878.82,16.81,44.67,28.74,4.64,363.2,4.305,1560.96,sombreado_parcial
19.23,211,197.81,20.29,26.61,54.57,2.79,372.52,1.627,583.61,suciedad
15.56,239,862.06,36.69,63.42,51.99,0.84,343.51,7.377,2546.7,normal
10.64,268,825.3,29.41,53.7,20.57,0.63,348.55,3.139,1092.65,sombreado_parcial
13.01,298,963.26,30.56,61.33,51.03,6.04,347.96,6.665,2318.34,suciedad
15.04,317,802.28,32.06,58.4,45.83,3.87,352.32,6.745,2369.0,normal
13.15,58,967.92,36.0,65.0,66.89,0.72,341.93,8.463,2883.38,normal
7.68,34,339.16,14.37,27.9,85.68,2.86,380.69,2.442,954.29,suciedad
10.37,263,833.24,17.62,45.94,26.01,1.78,358.51,3.425,1215.82,sombreado_parcial
17.23,365,557.62,20.18,38.43,42.92,0.52,369.21,4.917,1837.85,normal
18.06,35,453.01,22.18,34.49,51.08,2.28,372.68,4.146,1528.09,normal
7.92,271,379.32,23.2,35.65,51.86,0.99,369.57,1.808,635.93,sombreado_parcial
19.33,227,177.25,22.32,28.28,74.24,0.3,376.87,1.664,636.51,normal
10.6,25,786.03,26.32,51.65,51.04,1.89,355.35,6.256,2239.76,suciedad
15.27,234,934.86,25.21,56.81,21.9,2.68,350.19,8.329,2887.45,normal
16.53,59,697.32,20.66,42.19,69.71,0.14,364.36,6.317,2302.9,normal
17.37,251,596.17,11.95,33.65,81.94,1.54,376.06,5.264,2005.06,normal
19.24,335,159.22,19.04,24.63,55.97,0.89,384.36,0.284,126.97,falla_panel
10.38,86,822.99,21.7,46.99,60.68,0.09,360.81,6.558,2381.81,suciedad
18.02,251,457.03,23.52,41.4,31.41,0.4,368.56,0.909,312.77,falla_panel
7.84,180,444.11,18.22,33.35,35.45,0.45,369.88,3.819,1431.44,normal
15.87,207,860.22,22.06,48.25,36.46,0.61,359.55,5.574,2046.3,suciedad
16.39,344,643.73,18.21,38.46,50.15,4.88,368.94,1.861,687.59,falla_panel
15.49,149,946.93,24.25,54.79,84.97,1.74,350.88,8.121,2844.38,normal
9.53,71,733.31,18.56,41.25,56.52,0.48,39.86,1.168,45.42,falla_inversor
18.22,121,389.64,19.91,32.28,33.45,0.32,376.32,1.111,469.11,falla_panel
8.36,253,526.63,17.15,32.38,38.63,1.06,2.98,15.008,44.82,falla_inversor
6.75,93,163.98,24.08,26.68,46.88,4.8,376.99,0.376,149.88,falla_panel
16.04,256,754.88,19.8,43.55,63.63,1.36,359.3,5.063,1811.53,suciedad
12.66,254,1000.0,30.44,61.9,50.8,0.52,342.88,1.272,470.07,falla_panel
17.89,352,394.22,27.44,40.55,47.47,1.55,368.51,3.448,1267.96,normal
11.37,288,862.42,24.58,50.67,59.53,2.43,355.07,6.17,2187.68,suciedad
8.36,309,452.55,20.22,32.35,36.93,0.09,375.33,4.209,1558.42,normal
17.71,59,453.58,27.28,40.01,25.52,2.96,366.47,3.567,1300.68,suciedad
13.68,69,956.68,29.14,60.62,21.71,1.51,342.11,6.408,2180.32,suciedad
8.65,86,539.25,25.86,41.71,37.59,0.03,363.61,4.119,1520.14,suciedad
16.09,274,746.7,34.62,57.29,26.41,3.36,347.41,4.793,1667.14,suciedad
13.16,227,1000.0,27.76,58.54,43.54,3.74,349.8,8.432,2926.92,normal
14.46,81,955.92,30.48,59.43,74.11,2.97,349.07,5.473,1919.24,sombreado_parcial
12.45,114,1000.0,25.8,56.01,70.14,1.26,350.17,8.444,2943.39,normal
17.6,184,567.75,29.05,45.49,62.76,2.26,363.62,5.014,1840.97,normal
17.61,280,490.38,20.22,37.64,79.68,1.47,370.15,1.813,675.29,sombreado_parcial
15.93,322,718.48,22.25,45.72,39.74,3.62,359.46,2.746,1016.33,sombreado_parcial
7.48,318,281.82,27.1,37.77,81.95,2.63,368.96,2.46,909.5,normal
17.74,54,447.66,27.05,43.22,47.95,0.26,361.11,3.91,1427.27,normal
15.39,197,950.8,28.05,54.23,48.06,3.09,351.56,8.191,2859.49,normal
15.76,293,738.46,31.6,55.19,48.37,3.49,352.53,5.185,1792.3,suciedad
11.08,293,861.61,16.45,42.5,26.87,1.39,363.5,3.842,1428.08,sombreado_parcial
18.31,291,346.31,19.15,31.65,88.28,6.26,370.85,3.065,1159.83,normal
16.16,180,846.73,26.38,51.73,29.7,5.55,355.44,6.582,2323.06,suciedad
7.58,222,340.12,20.65,29.7,43.86,0.58,374.9,3.022,1147.56,normal
11.71,274,939.72,45.0,72.22,42.35,7.04,333.55,3.984,1330.44,sombreado_parcial
18.41,244,367.22,28.09,39.12,25.23,1.74,364.4,3.338,1188.92,normal
6.66,154,123.76,24.53,29.77,30.66,3.86,29.12,0.268,5.58,falla_inversor
19.46,304,91.51,21.91,25.15,23.14,5.05,380.37,0.75,310.34,normal
15.51,273,828.7,22.12,46.21,40.47,2.11,359.39,5.896,2084.2,suciedad
14.84,135,1000.0,25.18,59.66,80.67,1.53,347.69,5.764,1992.45,sombreado_parcial
9.79,313,697.53,25.67,48.44,43.76,7.41,357.2,6.232,2208.25,normal
9.48,8,649.02,22.26,43.71,28.66,0.79,363.41,5.737,2097.17,normal
19.19,128,172.75,23.36,30.69,65.2,0.89,374.3,1.492,573.06,normal
10.18,56,741.69,33.07,53.78,89.76,1.35,349.38,5.594,1985.09,suciedad
16.86,126,696.06,33.31,53.69,36.26,5.89,350.34,5.834,2065.69,normal
11.5,159,1000.0,26.51,59.0,39.57,8.38,346.65,7.872,2717.05,suciedad
7.95,59,391.37,16.95,27.97,88.03,0.75,379.7,1.524,570.05,sombreado_parcial
6.15,58,51.06,28.23,29.41,32.51,5.98,373.9,0.509,175.73,normal
13.62,140,1000.0,34.33,65.46,55.78,0.9,342.35,8.542,2920.38,normal
19.66,176,72.23,33.22,33.56,36.78,10.58,372.68,0.147,55.43,falla_panel
11.17,108,945.21,29.41,58.4,85.26,2.73,345.83,8.2,2847.9,normal
11.0,211,983.27,33.53,65.63,88.71,0.02,340.86,8.097,2764.76,normal
10.82,74,877.57,25.32,53.84,77.03,0.1,352.91,3.873,1350.9,sombreado_parcial
13.29,167,1000.0,28.77,61.69,42.03,0.48,344.59,8.93,3063.04,normal
12.17,357,845.61,20.92,48.86,48.24,0.62,358.47,7.416,2653.8,normal
18.32,304,381.88,26.75,39.3,36.96,4.38,367.48,3.433,1278.84,normal
13.08,233,1000.0,32.98,64.72,82.35,0.76,13.04,1.268,16.86,falla_inversor
13.11,327,920.7,21.46,50.62,84.02,10.44,357.5,7.988,2879.92,normal
7.94,182,492.75,19.83,34.29,49.32,3.03,5.7,0.0,0.0,falla_inversor
19.76,122,60.74,25.58,25.94,65.96,3.54,379.34,0.392,180.6,normal
9.5,334,628.38,23.64,42.24,31.59,0.74,364.18,5.417,1978.9,normal
7.03,203,219.44,28.89,35.26,50.45,6.7,368.05,0.443,175.52,falla_panel
15.28,29,775.65,22.28,45.54,64.2,3.31,361.65,6.683,2417.24,normal
14.34,202,1000.0,35.31,67.18,46.98,5.99,338.7,8.357,2843.82,normal
11.81,93,1000.0,17.26,48.81,45.03,9.4,356.95,8.67,3081.77,normal
11.91,329,874.01,32.52,60.3,20.07,0.4,7.76,8.117,63.59,falla_inversor
16.99,356,551.51,20.41,38.17,76.3,0.3,368.38,4.831,1809.02,normal
8.74,176,648.28,14.22,36.28,82.25,4.88,366.45,4.353,1600.17,suciedad
17.48,330,472.33,26.43,41.17,87.86,6.03,361.81,2.8,1008.39,sombreado_parcial
15.08,211,967.46,23.47,55.22,70.35,2.63,349.3,8.571,3001.13,normal
11.87,184,1000.0,18.34,50.37,58.42,1.37,356.3,8.78,3134.21,normal
12.41,95,1000.0,14.91,47.86,38.85,3.17,360.9,1.247,448.47,falla_panel
9.59,273,708.43,24.95,49.51,89.95,1.09,355.75,5.291,1873.35,suciedad
16.53,137,796.04,30.86,56.6,61.28,0.82,348.1,2.866,1005.08,sombreado_parcial
13.18,237,1000.0,28.51,59.92,67.68,2.01,344.96,8.709,3001.02,normal
10.49,353,783.04,25.34,49.96,67.77,0.73,357.17,6.814,2416.27,normal
14.34,265,932.34,27.87,56.3,79.17,1.98,352.41,3.498,1257.0,sombreado_parcial
19.94,135,36.41,24.84,25.22,20.68,9.41,381.83,0.195,50.43,sombreado_parcial
12.09,144,1000.0,16.42,49.02,35.42,5.49,355.83,7.973,2815.69,suciedad
18.89,19,195.2,16.47,21.13,66.59,8.52,380.64,1.819,708.12,normal
10.83,231,940.2,23.78,55.58,82.66,4.92,32.59,0.904,28.62,falla_inversor
6.77,134,174.55,24.04,29.26,67.97,1.31,378.91,1.551,616.74,normal
8.86,114,600.66,30.11,53.17,48.94,5.01,354.1,5.086,1795.69,normal
11.86,139,1000.0,29.54,59.75,45.31,7.69,344.27,2.933,986.13,falla_panel
9.07,125,691.84,28.63,50.63,71.66,8.81,355.52,3.579,1291.09,sombreado_parcial
6.0,204,3.81,23.32,22.91,71.89,3.45,379.97,0.02,21.98,normal
18.81,61,253.21,16.72,23.44,62.49,0.71,382.14,1.833,693.71,suciedad
17.81,250,474.48,27.47,43.9,40.4,0.12,361.96,4.155,1510.29,normal
16.39,298,731.81,28.15,49.36,84.76,0.48,356.31,6.459,2298.14,normal
8.35,13,433.48,10.67,23.2,58.63,10.1,380.45,2.214,795.64,sombreado_parcial
7.69,255,391.4,19.99,33.1,75.33,1.86,373.15,3.417,1282.73,normal
6.95,85,212.91,20.85,28.62,35.0,5.79,378.94,1.889,745.47,normal
16.14,20,679.82,25.71,44.87,44.08,1.88,364.36,5.93,2172.7,normal
19.0,50,209.88,20.18,27.61,81.22,3.24,378.35,1.916,721.32,normal
12.03,164,1000.0,24.77,56.21,23.51,0.07,352.89,8.406,2988.87,normal
7.67,92,361.2,23.74,33.65,55.86,0.86,369.76,0.647,251.87,falla_panel
13.17,88,1000.0,24.05,54.11,53.72,1.72,351.67,5.625,1957.21,sombreado_parcial
10.88,69,841.57,20.7,43.95,72.59,2.99,360.08,7.531,2682.39,normal
11.25,37,871.5,21.17,50.98,39.73,0.56,354.35,5.142,1829.04,sombreado_parcial
14.7,253,924.07,18.52,48.92,35.33,4.34,355.23,7.06,2514.57,suciedad
16.06,252,757.94,27.28,49.03,84.83,1.36,360.43,4.124,1508.48,sombreado_parcial
7.55,140,348.16,28.43,40.5,60.02,5.1,364.52,3.111,1129.44,normal
6.5,355,143.94,20.38,24.01,27.33,0.31,380.65,1.368,475.31,normal
19.92,168,0.0,34.12,35.5,33.51,3.42,366.94,0.0,0.0,falla_panel
9.26,54,647.54,23.11,42.6,89.92,1.04,359.26,5.594,2015.62,normal
6.75,178,169.99,34.18,38.95,33.69,4.76,370.15,1.585,577.38,normal
8.66,297,523.32,21.15,37.07,62.73,1.54,368.06,3.133,1161.55,sombreado_parcial
6.55,301,126.65,12.84,15.81,49.41,3.28,393.32,1.156,463.36,normal
11.49,359,859.99,27.41,56.39,81.99,8.17,28.04,1.657,44.53,falla_inversor
17.23,106,593.22,26.49,46.38,72.86,0.06,357.2,1.349,504.9,falla_panel
10.78,137,924.02,25.21,54.25,61.79,0.03,352.26,5.092,1812.9,sombreado_parcial
12.22,190,1000.0,21.15,53.93,20.75,4.41,352.66,7.649,2686.14,suciedad
15.46,128,925.36,24.79,51.27,81.59,3.12,355.33,7.983,2839.32,normal
13.12,342,895.99,21.93,48.09,51.13,1.04,357.93,6.954,2508.35,suciedad
18.06,47,407.82,23.19,36.64,85.21,2.05,365.91,2.26,821.76,sombreado_parcial
18.12,5,360.36,30.05,42.41,54.69,0.13,360.39,3.093,1120.53,normal
6.14,257,14.88,26.11,26.99,68.6,0.64,380.44,0.043,13.15,falla_panel
16.89,300,603.59,28.66,44.7,24.85,1.66,365.22,1.416,522.22,falla_panel
12.45,150,1000.0,23.61,53.27,72.16,5.39,10.43,3.284,35.04,falla_inversor
19.84,294,39.43,22.95,24.8,43.66,1.96,376.53,0.306,95.42,suciedad
12.77,243,1000.0,18.08,52.97,44.6,2.65,355.84,8.564,3017.29,normal
19.82,275,25.07,22.78,25.39,28.31,6.21,377.93,0.165,79.77,normal
16.56,208,784.72,5.07,31.96,30.28,1.11,374.08,6.968,2576.49,normal
9.48,115,737.05,21.46,45.0,33.0,3.62,359.95,6.384,2299.76,normal
13.54,195,1000.0,24.51,56.26,42.97,5.93,349.32,8.4,2987.27,normal
19.89,343,0.0,28.38,26.83,82.44,0.68,376.53,0.021,0.0,sombreado_parcial
18.01,170,472.18,23.39,39.57,45.78,1.32,368.95,2.478,954.73,sombreado_parcial
7.36,82,312.82,27.09,36.75,70.71,11.71,369.74,2.768,1032.3,normal
15.89,154,888.56,11.92,40.73,25.79,12.26,365.72,4.726,1715.33,sombreado_parcial
10.84,141,992.59,24.66,55.72,61.38,0.76,350.89,8.537,2987.15,normal
6.1,314,30.64,14.92,16.3,53.73,0.21,389.04,0.107,55.53,sombreado_parcial
11.65,146,1000.0,17.75,48.87,88.46,0.95,31.23,3.304,102.19,falla_inversor
9.29,323,605.47,23.88,43.14,79.23,1.52,363.82,2.351,839.06,sombreado_parcial
17.46,122,561.24,32.66,51.7,51.84,1.74,357.06,4.881,1753.67,normal
10.72,252,907.32,27.23,53.68,74.26,2.89,353.19,7.66,2711.34,normal
17.59,343,484.05,25.11,38.0,33.51,6.89,369.39,3.886,1431.88,suciedad
6.01,311,0.0,24.88,25.52,59.36,1.2,378.69,0.0,0.0,sombreado_parcial
10.31,89,850.37,20.72,49.45,25.22,5.69,4.57,16.482,75.57,falla_inversor
9.38,58,674.81,21.74,45.36,44.37,0.29,359.88,5.965,2128.86,normal
9.27,63,628.08,27.56,45.36,35.81,0.13,357.37,5.833,2043.65,normal
6.95,347,202.27,16.69,22.4,70.32,2.1,382.0,1.85,695.21,normal
8.62,308,494.47,28.56,41.79,54.31,0.18,366.3,3.522,1285.14,suciedad
13.78,280,907.0,22.67,50.19,72.57,1.5,353.4,4.009,1384.38,sombreado_parcial
10.08,72,778.68,29.95,55.97,56.07,6.81,353.84,6.516,2321.96,normal
11.84,9,880.83,30.77,58.27,26.05,0.83,347.29,7.558,2623.39,normal
11.28,94,945.91,14.96,43.96,71.48,3.67,363.11,3.468,1244.2,sombreado_parcial
18.26,339,400.61,21.51,34.85,78.33,1.08,14.99,4.047,61.29,falla_inversor
18.67,336,272.76,19.87,27.2,83.25,0.14,381.57,2.371,935.79,normal
12.9,152,1000.0,14.12,47.76,60.04,2.44,361.59,8.629,3105.35,normal
10.62,356,783.55,18.8,43.3,72.75,5.4,361.1,6.784,2432.6,normal
7.5,40,299.52,39.65,48.4,72.64,1.58,360.05,2.642,936.1,normal
19.35,359,149.93,28.66,34.22,30.9,2.88,370.05,0.753,262.55,sombreado_parcial
6.84,62,189.57,36.5,43.84,31.5,6.91,360.23,1.67,599.81,normal
10.17,254,822.69,29.97,58.08,24.96,4.68,347.4,3.802,1318.19,sombreado_parcial
10.17,69,777.79,20.55,44.54,42.39,0.65,363.97,2.493,903.15,falla_panel
10.49,245,838.79,22.71,50.55,53.15,3.97,354.79,7.269,2559.37,normal
8.3,365,435.05,28.53,42.28,89.85,2.09,362.03,3.053,1100.32,suciedad
16.96,170,698.35,27.63,48.53,50.17,4.11,360.85,2.321,835.85,falla_panel
7.71,178,403.8,21.54,32.99,70.84,2.05,372.14,3.593,1330.75,normal
14.89,189,1000.0,15.94,45.54,68.54,0.41,361.79,8.821,3183.26,normal
7.73,260,376.32,44.73,55.37,34.31,2.53,349.26,2.418,863.14,suciedad
6.99,72,225.38,24.15,32.87,24.1,2.03,371.73,1.717,612.3,suciedad
18.73,17,236.36,23.05,31.49,58.22,2.19,373.43,2.096,795.26,normal
8.66,341,511.38,25.68,39.8,69.02,6.33,364.78,4.554,1659.76,normal
17.5,57,499.15,23.54,36.52,89.88,6.76,368.89,3.028,1134.28,sombreado_parcial
13.62,218,1000.0,25.74,55.32,45.1,1.81,349.42,8.951,3131.36,normal
7.09,107,249.71,32.72,39.36,82.75,1.82,366.21,1.781,642.23,suciedad
19.38,304,161.09,24.25,28.83,46.74,2.17,378.64,1.088,405.88,sombreado_parcial
9.46,173,741.15,18.02,42.94,68.26,2.2,359.61,2.174,791.37,falla_panel
18.04,219,458.23,24.03,37.53,61.88,9.01,367.83,2.084,779.26,sombreado_parcial
8.36,247,535.11,22.21,41.46,23.71,3.14,363.4,2.068,746.82,sombreado_parcial
17.96,218,519.63,33.54,47.26,25.49,0.97,357.7,2.859,1003.34,sombreado_parcial
6.19,31,28.59,32.03,32.4,21.45,2.27,376.88,0.33,97.46,normal
13.16,47,932.91,25.65,55.98,45.96,2.96,353.46,5.967,2073.52,suciedad
16.77,134,692.39,17.33,40.24,72.21,3.06,364.55,3.539,1303.06,sombreado_parcial
19.09,108,235.66,17.64,24.51,32.09,2.64,377.76,1.951,751.67,suciedad
18.73,72,260.19,25.09,34.72,62.41,0.59,373.8,1.778,666.85,suciedad
17.47,327,481.32,27.02,43.28,40.22,0.1,363.44,2.115,771.79,sombreado_parcial
18.43,108,323.05,22.75,31.82,75.79,1.24,371.21,2.913,1108.02,normal
8.79,309,561.44,22.12,40.14,75.89,1.67,363.8,0.698,238.79,falla_panel
9.98,272,789.31,21.44,47.16,74.28,0.19,359.15,7.021,2535.69,normal
10.05,171,883.9,24.86,51.57,56.74,5.06,26.67,4.533,121.77,falla_inversor
11.28,116,948.02,10.7,42.87,39.92,1.27,362.29,8.338,3012.95,normal
11.51,329,870.51,18.39,44.34,76.66,7.35,362.53,7.529,2751.2,normal
13.62,74,946.56,21.24,51.03,33.03,0.5,354.09,0.857,307.83,falla_panel
8.24,256,487.96,32.25,45.62,40.28,0.18,361.36,3.459,1236.61,suciedad
15.68,81,830.39,20.12,46.22,32.88,1.98,356.58,6.456,2301.13,suciedad
8.35,268,503.9,26.08,40.23,67.19,0.63,366.81,4.537,1650.5,normal
10.34,128,899.18,26.36,54.02,68.04,8.31,352.92,2.67,924.99,falla_panel
13.05,326,910.98,32.79,58.88,65.68,0.03,346.17,4.812,1667.18,sombreado_parcial
17.15,235,584.75,32.58,52.05,49.09,1.6,347.6,5.098,1830.17,normal
16.35,41,695.4,24.65,46.92,27.01,7.84,362.43,2.439,861.58,falla_panel
15.04,181,987.71,22.15,54.64,83.78,1.46,348.36,5.524,1925.09,sombreado_parcial
8.18,157,497.62,21.02,36.05,55.54,0.29,372.03,4.565,1683.69,normal
13.66,59,922.73,23.55,54.09,48.49,1.08,350.71,4.082,1407.65,sombreado_parcial
7.22,345,275.26,22.4,31.06,61.22,2.07,375.01,1.523,605.41,sombreado_parcial
11.28,249,972.66,28.32,58.89,33.5,0.61,349.04,2.432,848.83,falla_panel
11.79,192,1000.0,27.52,61.94,29.28,1.89,348.22,8.688,2998.54,normal
6.56,24,100.97,28.55,30.98,48.39,5.43,372.15,0.746,281.56,suciedad
9.84,80,708.0,32.56,56.52,35.91,6.18,349.98,4.753,1646.24,suciedad
19.38,134,165.3,36.18,42.06,37.1,0.15,361.86,1.424,534.94,normal
19.35,213,163.41,25.75,30.0,82.48,0.53,373.16,1.501,551.27,normal
10.93,348,797.82,31.6,54.55,57.15,0.97,352.11,3.241,1163.07,sombreado_parcial
6.6,166,170.93,22.89,26.68,53.84,2.71,380.08,1.285,471.24,suciedad
8.51,348,497.3,32.11,49.35,68.26,1.34,361.84,2.903,1058.64,sombreado_parcial
11.49,337,856.31,31.37,60.73,86.61,5.57,345.62,5.609,1913.7,suciedad
19.27,71,161.5,31.05,36.23,27.85,3.78,369.19,0.807,270.98,sombreado_parcial
7.98,214,462.02,25.56,40.22,78.35,0.32,365.53,2.726,1007.34,sombreado_parcial
16.69,65,672.78,20.99,43.18,60.88,2.94,363.06,5.924,2120.37,normal
7.52,221,339.63,16.63,27.36,30.23,0.36,378.27,3.175,1212.24,normal
19.74,308,63.21,24.76,28.38,40.8,0.88,374.47,0.437,150.82,suciedad
11.34,286,876.55,34.2,62.03,53.77,0.59,339.32,6.149,2087.02,suciedad
16.85,185,738.7,23.14,46.43,68.38,0.57,359.1,2.858,1033.96,sombreado_parcial
10.8,207,962.71,29.71,58.75,36.98,2.87,351.86,5.888,2057.59,sombreado_parcial
14.79,99,936.45,30.06,57.91,57.44,2.49,348.88,5.381,1886.39,sombreado_parcial
8.69,242,588.53,23.3,36.95,67.93,0.58,368.38,5.335,1975.9,normal
8.04,158,468.88,32.9,49.4,51.41,13.87,356.77,1.876,669.19,sombreado_parcial
19.13,98,229.33,7.55,14.49,80.41,1.64,388.58,2.137,812.72,normal
18.85,42,272.73,17.66,25.59,80.86,0.31,379.24,1.761,663.54,sombreado_parcial
18.42,139,389.55,19.51,28.75,52.95,0.39,376.53,1.886,716.89,sombreado_parcial
14.76,283,922.58,20.08,47.95,88.1,2.63,358.28,6.961,2503.2,suciedad
17.32,227,602.12,27.02,44.68,25.29,11.6,361.53,5.459,1977.36,normal
6.97,72,227.51,26.74,32.66,20.24,2.55,372.93,2.047,753.26,normal
10.69,243,921.4,27.36,56.66,46.65,8.93,349.8,7.703,2713.16,normal
10.39,18,760.44,28.58,52.52,62.08,1.76,356.12,5.822,2085.18,suciedad
14.9,77,907.29,19.3,45.61,64.04,1.72,364.21,7.949,2880.63,normal
10.98,45,867.05,17.69,42.84,53.35,2.08,359.67,7.841,2835.21,normal
8.08,343,418.52,27.38,38.51,28.74,3.59,35.58,0.776,28.62,falla_inversor
14.35,140,1000.0,21.22,55.18,31.93,1.37,346.89,8.465,2936.94,normal
17.4,177,561.7,15.58,35.37,79.65,5.98,371.15,4.95,1852.12,normal
11.35,222,988.55,30.83,60.44,80.75,0.09,348.82,5.238,1835.01,sombreado_parcial
7.85,92,370.02,33.37,41.97,67.17,1.74,364.1,2.398,870.53,suciedad
8.75,22,510.82,34.34,50.5,66.5,2.15,356.02,2.382,835.11,sombreado_parcial
9.32,172,729.15,26.12,48.98,61.84,2.8,356.07,2.916,1051.98,sombreado_parcial
10.2,92,814.04,28.76,54.67,34.2,0.97,352.19,7.109,2518.3,normal
15.0,192,1000.0,33.22,65.58,49.98,1.67,341.3,8.764,2971.85,normal
14.41,77,965.98,21.15,52.02,68.71,1.99,356.5,8.29,2967.03,normal
15.75,281,800.81,31.66,55.01,57.61,3.48,355.57,6.906,2468.76,normal
11.08,364,831.39,26.65,53.07,21.3,4.46,356.44,3.777,1381.98,sombreado_parcial
17.54,179,590.35,30.48,50.21,86.75,4.02,360.58,5.136,1832.0,normal
8.86,238,572.67,26.12,42.93,79.14,1.25,364.28,3.018,1074.31,sombreado_parcial
12.57,135,1000.0,32.78,64.48,38.24,15.0,343.17,5.488,1883.79,sombreado_parcial
17.21,365,492.02,26.34,40.89,63.15,5.66,364.88,4.502,1639.05,normal
8.52,280,530.52,16.1,35.67,84.63,0.9,370.61,4.806,1780.95,normal
7.54,19,267.12,33.71,40.07,26.72,0.65,366.36,2.354,882.61,normal
18.37,83,355.58,19.31,32.16,55.21,1.13,375.85,3.284,1222.53,normal
10.8,228,940.94,32.52,59.42,51.94,1.81,346.95,6.024,2066.32,suciedad
15.57,265,811.79,24.46,52.52,48.71,5.71,351.77,5.776,2031.98,suciedad
6.35,112,102.95,32.06,33.56,78.49,4.52,371.81,0.846,301.36,suciedad
15.66,251,853.4,31.81,58.76,46.65,5.72,346.08,5.203,1815.92,sombreado_parcial
10.43,164,928.44,27.58,54.15,24.46,0.95,351.88,8.065,2854.88,normal
6.78,358,170.81,28.05,31.36,24.61,2.7,370.51,1.365,497.12,suciedad
14.54,168,1000.0,27.54,60.13,22.99,1.0,346.7,4.649,1585.47,sombreado_parcial
9.37,221,734.39,12.92,37.41,48.64,0.35,366.45,6.408,2359.23,normal
11.42,304,876.22,25.71,53.45,70.29,3.46,354.46,2.808,998.48,falla_panel
7.13,191,273.82,18.3,27.97,34.26,0.46,376.42,2.557,952.57,normal
8.06,325,393.34,26.03,39.89,65.25,3.31,362.03,2.024,740.74,sombreado_parcial
10.17,170,860.92,18.14,44.02,68.1,3.13,361.12,3.207,1149.37,sombreado_parcial
7.26,45,255.76,17.89,23.78,37.86,4.99,380.99,2.04,795.52,suciedad
18.75,14,243.58,34.63,42.22,62.04,0.45,364.31,0.563,197.09,falla_panel
6.08,231,5.24,31.42,30.71,67.94,4.59,375.63,0.0,0.0,falla_panel
12.77,157,1000.0,24.98,56.81,52.66,15.0,348.17,3.999,1420.08,sombreado_parcial
7.73,134,384.41,26.11,38.94,43.57,5.71,365.23,1.491,563.28,sombreado_parcial
10.31,37,764.03,23.51,46.37,63.34,4.18,359.64,6.861,2461.55,normal
18.96,53,243.22,28.42,37.08,88.45,3.26,369.14,2.229,797.86,normal
8.26,18,461.99,20.94,36.36,49.88,1.64,370.15,0.522,217.32,falla_panel
19.52,38,124.37,30.96,35.93,47.42,3.93,371.52,1.204,428.4,normal
8.88,187,648.64,23.48,43.14,52.5,3.86,359.42,5.908,2116.01,normal
16.38,196,807.35,22.48,48.88,25.34,2.99,359.25,6.985,2491.99,normal
13.65,243,1000.0,25.13,57.16,58.72,4.77,351.09,8.38,2944.8,normal
18.38,300,328.13,21.45,32.67,43.01,1.79,374.42,3.01,1115.12,normal
13.76,303,918.73,26.97,58.2,28.5,0.39,348.02,7.912,2721.18,normal
13.48,35,913.06,21.78,50.8,52.64,2.46,356.0,7.869,2798.0,normal
8.74,215,610.98,27.81,45.99,20.24,0.92,361.04,5.337,1944.65,normal
8.33,219,522.9,32.3,46.97,48.12,1.46,358.76,4.701,1660.68,normal
18.83,316,219.06,20.68,29.22,27.4,0.05,377.89,0.839,307.09,falla_panel
10.59,90,889.08,24.22,52.54,21.7,1.45,351.48,5.268,1847.36,sombreado_parcial
11.21,308,851.75,27.77,56.89,77.71,4.96,351.14,4.708,1621.67,sombreado_parcial
16.64,252,701.29,22.38,41.26,84.14,2.35,365.55,4.041,1451.59,sombreado_parcial
10.74,8,795.1,27.79,54.0,34.54,0.03,355.49,6.875,2435.47,normal
19.33,256,152.8,28.33,32.72,57.75,1.9,376.55,1.084,425.06,suciedad
16.33,363,662.85,31.5,51.68,39.46,1.03,354.27,1.701,609.13,falla_panel
14.36,208,1000.0,21.36,51.47,54.55,1.95,357.93,8.87,3171.43,normal
18.33,131,422.0,19.34,33.88,50.56,1.56,372.17,3.728,1388.06,normal
6.69,224,179.98,23.15,29.7,38.83,8.06,376.2,0.782,303.08,sombreado_parcial
9.6,197,788.27,19.19,42.11,69.03,0.13,364.53,7.123,2599.99,normal
12.51,142,1000.0,28.39,59.88,28.85,3.45,344.18,1.855,620.48,falla_panel
9.18,252,663.55,18.03,39.82,23.72,5.71,368.19,2.845,1043.52,sombreado_parcial
16.41,96,748.46,39.0,62.65,73.74,9.6,341.45,6.413,2197.9,normal
18.87,26,260.98,32.78,42.59,66.62,0.59,364.3,2.322,834.0,normal
11.93,111,993.42,25.08,55.68,54.9,2.27,345.84,3.788,1300.38,sombreado_parcial
10.79,123,952.03,30.2,56.57,52.75,0.13,349.57,8.215,2872.22,normal
19.46,186,154.7,15.18,20.29,54.82,2.07,384.45,0.375,165.33,falla_panel
12.23,168,1000.0,40.14,71.66,50.59,0.4,336.95,8.146,2746.85,normal
12.85,51,947.94,21.46,51.55,47.5,5.46,19.42,5.005,97.21,falla_inversor
10.92,5,786.2,24.28,50.51,54.98,0.36,355.62,6.725,2375.76,normal
18.73,77,287.52,13.86,19.92,57.0,2.16,382.33,1.938,754.48,suciedad
13.97,160,1000.0,27.92,58.81,68.43,2.21,346.98,8.649,3005.75,normal
16.67,208,731.75,18.36,39.85,69.78,10.69,366.37,6.703,2427.73,normal
17.37,257,554.43,25.61,41.12,46.43,3.19,364.99,2.968,1087.63,sombreado_parcial
10.79,205,966.98,21.73,51.84,48.95,1.02,351.02,8.214,2883.7,normal
12.07,255,995.56,18.53,50.7,46.16,0.83,354.56,8.574,3007.49,normal
17.88,11,420.38,20.17,33.76,57.56,0.41,370.61,3.82,1432.33,normal
11.09,8,826.38,26.35,51.15,51.73,4.24,354.74,7.267,2554.41,normal
17.12,32,570.19,17.31,34.91,82.27,3.52,371.79,3.39,1267.36,sombreado_parcial
19.17,28,164.7,20.51,27.05,68.75,2.82,376.48,1.271,474.48,suciedad
14.72,206,1000.0,28.98,61.25,82.91,0.13,347.69,8.529,2960.48,normal
16.38,228,741.36,40.61,62.95,69.64,4.32,345.42,6.405,2216.32,normal
17.27,128,582.51,27.87,45.14,87.97,3.08,356.68,5.126,1845.2,normal
17.83,255,437.67,19.5,30.6,64.5,9.96,373.85,0.725,283.52,falla_panel
11.53,212,976.82,22.8,52.68,87.45,2.65,354.13,2.609,927.35,falla_panel
6.72,239,180.13,25.19,28.21,31.07,1.09,379.97,0.994,392.38,sombreado_parcial
11.63,207,1000.0,22.9,57.25,23.67,1.44,346.96,1.005,348.89,falla_panel
15.43,318,809.04,30.42,54.42,60.54,0.58,348.6,5.528,1940.38,suciedad
12.3,283,932.59,26.3,57.11,88.84,3.85,349.94,7.985,2809.97,normal
16.49,245,745.36,30.45,56.47,49.23,3.69,348.09,6.436,2267.78,normal
11.0,45,850.84,23.11,50.03,34.84,0.67,356.08,7.355,2589.0,normal
14.89,105,953.1,32.95,62.59,56.51,0.52,342.83,8.442,2895.81,normal
8.61,348,510.25,24.0,37.96,65.42,0.24,369.53,2.557,957.17,sombreado_parcial
16.49,281,671.2,19.17,39.39,42.06,7.29,367.81,4.163,1549.2,sombreado_parcial
13.64,234,1000.0,38.06,71.72,70.03,0.8,334.4,5.535,1860.09,sombreado_parcial
8.86,189,681.74,14.05,35.88,88.26,1.27,372.68,5.825,2205.72,normal
10.09,44,737.08,20.57,43.64,82.79,0.99,362.42,4.838,1764.27,suciedad
16.48,225,731.1,21.24,46.05,40.41,1.6,360.66,6.543,2347.05,normal
12.76,142,1000.0,40.05,72.34,42.87,3.76,333.7,8.438,2826.47,normal
9.02,136,682.98,35.84,56.96,46.01,6.13,26.87,0.19,4.28,falla_inversor
19.54,176,134.18,33.96,38.48,47.62,0.6,370.26,1.271,453.8,normal
16.01,142,825.15,23.02,47.65,27.02,3.48,358.71,7.269,2595.91,normal
19.4,80,139.97,39.56,43.09,73.34,1.3,363.27,0.621,225.15,sombreado_parcial
11.98,82,946.66,27.21,56.48,45.57,11.82,349.07,2.189,743.45,falla_panel
12.65,135,1000.0,30.86,62.95,81.59,1.07,344.49,8.574,2934.39,normal
18.57,207,338.7,26.08,34.79,84.89,0.02,370.73,2.217,835.14,suciedad
13.35,344,937.35,24.7,54.11,21.71,2.17,352.31,1.697,613.27,falla_panel
15.9,177,843.59,23.49,49.27,89.2,0.49,360.25,7.141,2580.57,normal
9.53,243,762.78,23.74,46.23,69.7,0.14,360.1,6.879,2482.84,normal
12.25,55,910.81,28.65,56.54,56.43,3.59,347.78,5.221,1795.42,sombreado_parcial
7.73,141,384.44,27.2,35.73,47.27,3.95,370.8,3.501,1283.29,normal
8.88,56,545.13,24.81,40.71,56.3,1.85,364.34,4.802,1746.96,normal
6.01,15,7.7,34.06,32.65,42.72,3.39,370.71,0.017,3.03,falla_panel
6.55,185,111.53,7.2,10.26,63.59,2.32,392.57,0.583,250.28,sombreado_parcial
19.68,314,38.81,28.06,25.85,26.51,2.98,381.37,0.409,135.02,normal
9.39,88,703.45,29.31,51.58,63.48,2.72,352.7,6.182,2177.25,normal
15.29,97,905.42,31.88,61.54,39.27,3.29,343.33,5.432,1882.85,sombreado_parcial
17.75,144,528.22,24.61,40.94,21.23,0.67,364.98,4.62,1716.83,normal
13.71,8,890.75,26.25,54.83,58.69,0.94,351.0,3.339,1194.38,sombreado_parcial
8.14,215,533.11,30.92,46.81,60.49,1.74,357.32,4.113,1468.18,suciedad
16.19,173,832.29,33.95,57.62,49.86,1.77,350.85,6.972,2490.79,normal
14.4,223,1000.0,23.2,54.45,25.06,4.47,31.4,2.939,94.12,falla_inversor
16.24,40,702.87,26.6,49.59,82.53,1.37,354.05,1.794,626.74,falla_panel
16.78,182,705.01,35.07,55.12,62.8,0.53,351.99,6.09,2151.18,normal
19.66,270,87.18,12.26,14.28,28.1,0.87,391.81,0.676,299.84,normal
14.03,187,1000.0,20.86,51.74,55.77,0.73,355.54,8.791,3136.59,normal
10.78,245,903.03,33.8,66.29,54.81,3.95,342.09,7.772,2660.4,normal
15.08,309,835.19,31.56,57.99,24.23,1.91,349.94,7.034,2445.22,normal
6.96,231,185.54,28.13,31.07,62.48,3.7,373.69,1.724,635.62,normal
18.56,155,315.04,22.31,28.92,76.58,1.61,375.34,2.848,1061.11,normal
7.67,175,421.06,19.71,33.96,72.43,6.61,370.14,3.798,1392.37,normal
10.59,336,762.24,21.45,49.0,34.21,12.32,357.19,6.788,2454.62,normal
17.42,115,565.74,34.29,51.55,80.36,3.32,351.51,4.95,1718.18,normal
14.36,311,886.28,21.23,48.41,43.98,5.98,355.45,7.851,2768.58,normal
